{
"skeleton": { "hash": "2rFgId+Wh4lZzWUL7DQ1pn5+6K4", "spine": "3.7.93", "width": 119, "height": 109 },
"bones": [
	{ "name": "root" },
	{ "name": "zong", "parent": "root", "x": -132.16, "y": -46.33 },
	{ "name": "7", "parent": "zong", "length": 79.3, "x": 127.51, "y": 42.05 },
	{ "name": "5", "parent": "zong", "length": 34.08, "rotation": 112.15, "x": 128.61, "y": 51.59 },
	{ "name": "zhezao", "parent": "zong", "x": 37.96, "y": 51.59 },
	{ "name": "4", "parent": "5", "length": 28.04, "rotation": 48.13, "x": -2.49, "y": 2.01 },
	{ "name": "6", "parent": "5", "length": 28.04, "rotation": 48.13, "x": -2.49, "y": 2.01 },
	{ "name": "2", "parent": "5", "x": 33.41, "y": -13.58 },
	{ "name": "3", "parent": "5", "x": 33.41, "y": -13.58 }
],
"slots": [
	{ "name": "8", "bone": "root", "attachment": "8" },
	{ "name": "zhezao", "bone": "zhezao", "attachment": "zhezao" },
	{ "name": "7", "bone": "7", "attachment": "7" },
	{ "name": "6", "bone": "root", "attachment": "6" },
	{ "name": "5", "bone": "5", "attachment": "5" },
	{ "name": "4", "bone": "4", "attachment": "4" },
	{ "name": "9", "bone": "6", "attachment": "4", "blend": "additive" },
	{ "name": "3", "bone": "5", "attachment": "3" },
	{ "name": "2", "bone": "2", "attachment": "2" },
	{ "name": "10", "bone": "3", "attachment": "2", "blend": "additive" },
	{ "name": "1", "bone": "5", "attachment": "1" }
],
"skins": {
	"default": {
		"1": {
			"1": { "x": 6.05, "y": -6.99, "rotation": -112.15, "width": 82, "height": 79 }
		},
		"10": {
			"2": { "x": 1.93, "y": -1.02, "rotation": -112.15, "width": 20, "height": 25 }
		},
		"2": {
			"2": { "x": 1.93, "y": -1.02, "rotation": -112.15, "width": 20, "height": 25 }
		},
		"3": {
			"3": { "x": 29.27, "y": -20.22, "rotation": -112.15, "width": 71, "height": 26 }
		},
		"4": {
			"4": { "x": -1.8, "y": 1.69, "rotation": -160.28, "width": 38, "height": 46 }
		},
		"5": {
			"5": { "x": -3.11, "y": -1.65, "rotation": -112.15, "width": 77, "height": 82 }
		},
		"6": {
			"6": { "x": -0.35, "y": -40, "width": 100, "height": 18 }
		},
		"7": {
			"7": { "width": 128, "height": 116 }
		},
		"8": {
			"8": { "x": 0.15, "y": 8, "width": 119, "height": 104 }
		},
		"9": {
			"4": { "x": -1.8, "y": 1.69, "rotation": -160.28, "width": 38, "height": 46 }
		},
		"zhezao": {
			"zhezao": {
				"type": "clipping",
				"end": "7",
				"vertexCount": 26,
				"vertices": [ 36.26, -10.27, 38.57, 5.34, 43.19, 18.92, 49.84, 29.03, 56.2, 37.13, 64, 44.64, 74.69, 49.55, 85.96, 52.44, 99.84, 54.18, 110.82, 51, 120.93, 47.24, 127.87, 42.33, 135.96, 34.81, 141.16, 26.43, 145.21, 20.07, 148.39, 11.12, 151.57, 1.58, 153.01, -9.4, 151.28, -21.83, 149.26, -33.39, 143.76, -46.97, 104.17, -51.31, 44.64, -47.55, 40.3, -38.3, 37.7, -28.19, 36.55, -16.92 ]
			}
		}
	}
},
"animations": {
	"xiaozhuanpan": {
		"slots": {
			"10": {
				"color": [
					{ "time": 0, "color": "ffffff00", "curve": "stepped" },
					{ "time": 0.1662, "color": "ffffff00" },
					{ "time": 0.5328, "color": "ffffff3f" },
					{ "time": 0.8995, "color": "ffffff00", "curve": "stepped" },
					{ "time": 1.1667, "color": "ffffff00" },
					{ "time": 1.5333, "color": "ffffff3f" },
					{ "time": 1.9, "color": "ffffff00" },
					{ "time": 2.2667, "color": "ffffff3f" },
					{ "time": 2.6333, "color": "ffffff00", "curve": "stepped" },
					{ "time": 3.4333, "color": "ffffff00" },
					{ "time": 3.8, "color": "ffffff3f" },
					{ "time": 4.1667, "color": "ffffff00", "curve": "stepped" },
					{ "time": 4.2667, "color": "ffffff00" },
					{ "time": 4.6333, "color": "ffffff3f" },
					{ "time": 5, "color": "ffffff00" }
				]
			},
			"9": {
				"color": [
					{ "time": 0, "color": "ffffff00", "curve": "stepped" },
					{ "time": 0.5, "color": "ffffff00" },
					{ "time": 0.9, "color": "ffffff64" },
					{ "time": 1.5, "color": "ffffff00", "curve": "stepped" },
					{ "time": 2.2333, "color": "ffffff00" },
					{ "time": 2.6333, "color": "ffffff64" },
					{ "time": 3.2333, "color": "ffffff00", "curve": "stepped" },
					{ "time": 4, "color": "ffffff00" },
					{ "time": 4.4, "color": "ffffff64" },
					{ "time": 5, "color": "ffffff00" }
				]
			}
		},
		"bones": {
			"7": {
				"rotate": [
					{ "time": 0, "angle": 0 },
					{ "time": 1.6667, "angle": -120 },
					{ "time": 3.3333, "angle": 120 },
					{ "time": 5, "angle": 0 }
				],
				"translate": [
					{ "time": 0, "x": 0, "y": 0, "curve": "stepped" },
					{ "time": 5, "x": 0, "y": 0 }
				],
				"scale": [
					{ "time": 0, "x": 1, "y": 1, "curve": "stepped" },
					{ "time": 5, "x": 1, "y": 1 }
				],
				"shear": [
					{ "time": 0, "x": 0, "y": 0, "curve": "stepped" },
					{ "time": 5, "x": 0, "y": 0 }
				]
			},
			"5": {
				"rotate": [
					{ "time": 0, "angle": 0, "curve": "stepped" },
					{ "time": 2.5, "angle": 0, "curve": "stepped" },
					{ "time": 5, "angle": 0 }
				],
				"translate": [
					{
						"time": 0,
						"x": 0,
						"y": 0,
						"curve": [ 0.25, 0, 0.75, 1 ]
					},
					{
						"time": 1.1667,
						"x": 0,
						"y": 5.5,
						"curve": [ 0.25, 0, 0.75, 1 ]
					},
					{
						"time": 2.5,
						"x": 0,
						"y": 0,
						"curve": [ 0.25, 0, 0.75, 1 ]
					},
					{
						"time": 3.8,
						"x": 0,
						"y": 5.5,
						"curve": [ 0.25, 0, 0.75, 1 ]
					},
					{ "time": 5, "x": 0, "y": 0 }
				],
				"scale": [
					{ "time": 0, "x": 1, "y": 1, "curve": "stepped" },
					{ "time": 2.5, "x": 1, "y": 1, "curve": "stepped" },
					{ "time": 5, "x": 1, "y": 1 }
				],
				"shear": [
					{ "time": 0, "x": 0, "y": 0, "curve": "stepped" },
					{ "time": 2.5, "x": 0, "y": 0, "curve": "stepped" },
					{ "time": 5, "x": 0, "y": 0 }
				]
			},
			"6": {
				"rotate": [
					{ "time": 0, "angle": 0, "curve": "stepped" },
					{ "time": 0.5, "angle": 0, "curve": "stepped" },
					{ "time": 1.5, "angle": 0, "curve": "stepped" },
					{ "time": 2.2333, "angle": 0, "curve": "stepped" },
					{ "time": 3.2333, "angle": 0, "curve": "stepped" },
					{ "time": 4, "angle": 0, "curve": "stepped" },
					{ "time": 5, "angle": 0 }
				],
				"translate": [
					{ "time": 0, "x": 0, "y": 0, "curve": "stepped" },
					{ "time": 0.5, "x": 0, "y": 0, "curve": "stepped" },
					{ "time": 1.5, "x": 0, "y": 0, "curve": "stepped" },
					{ "time": 2.2333, "x": 0, "y": 0, "curve": "stepped" },
					{ "time": 3.2333, "x": 0, "y": 0, "curve": "stepped" },
					{ "time": 4, "x": 0, "y": 0, "curve": "stepped" },
					{ "time": 5, "x": 0, "y": 0 }
				],
				"scale": [
					{ "time": 0, "x": 1, "y": 1, "curve": "stepped" },
					{ "time": 0.5, "x": 1, "y": 1 },
					{ "time": 1.5, "x": 2, "y": 2 },
					{ "time": 2.2333, "x": 1, "y": 1 },
					{ "time": 3.2333, "x": 2, "y": 2 },
					{ "time": 4, "x": 1, "y": 1 },
					{ "time": 5, "x": 2, "y": 2 }
				],
				"shear": [
					{ "time": 0, "x": 0, "y": 0, "curve": "stepped" },
					{ "time": 0.5, "x": 0, "y": 0, "curve": "stepped" },
					{ "time": 1.5, "x": 0, "y": 0, "curve": "stepped" },
					{ "time": 2.2333, "x": 0, "y": 0, "curve": "stepped" },
					{ "time": 3.2333, "x": 0, "y": 0, "curve": "stepped" },
					{ "time": 4, "x": 0, "y": 0, "curve": "stepped" },
					{ "time": 5, "x": 0, "y": 0 }
				]
			}
		}
	}
}
}