{
"skeleton": { "hash": "6QEHVZtCueONCRk+3mVAUF0v9BI", "spine": "3.7.93", "width": 750, "height": 1334 },
"bones": [
	{ "name": "root" },
	{ "name": "bone", "parent": "root" }
],
"slots": [
	{ "name": "ic/04d76181", "bone": "bone", "attachment": "ic/04d76181", "blend": "additive" }
],
"skins": {
	"default": {
		"ic/04d76181": {
			"ic/04d76181": { "width": 128, "height": 128 }
		}
	}
},
"animations": {
	"chexiaoanniu": {
		"slots": {
			"ic/04d76181": {
				"color": [
					{ "time": 0, "color": "ffffff00" },
					{ "time": 0.3333, "color": "ffffff64" },
					{ "time": 0.6667, "color": "ffffff00", "curve": "stepped" },
					{ "time": 0.8333, "color": "ffffff00" }
				]
			}
		},
		"bones": {
			"bone": {
				"rotate": [
					{ "time": 0, "angle": 0, "curve": "stepped" },
					{ "time": 0.6667, "angle": 0, "curve": "stepped" },
					{ "time": 0.8333, "angle": 0 }
				],
				"translate": [
					{ "time": 0, "x": 0, "y": 0, "curve": "stepped" },
					{ "time": 0.6667, "x": 0, "y": 0, "curve": "stepped" },
					{ "time": 0.8333, "x": 0, "y": 0 }
				],
				"scale": [
					{ "time": 0, "x": 1, "y": 1 },
					{ "time": 0.6667, "x": 1.6, "y": 1.6 },
					{ "time": 0.8333, "x": 2, "y": 2 }
				],
				"shear": [
					{ "time": 0, "x": 0, "y": 0, "curve": "stepped" },
					{ "time": 0.6667, "x": 0, "y": 0, "curve": "stepped" },
					{ "time": 0.8333, "x": 0, "y": 0 }
				]
			}
		}
	}
}
}