{
"skeleton": { "hash": "K9rEx4scFrizIRAb8IW5WHZSnHw", "spine": "3.7.93", "width": 282, "height": 133 },
"bones": [
	{ "name": "root" },
	{ "name": "zon", "parent": "root", "x": -205.74, "y": -34.85 },
	{ "name": "1", "parent": "zon", "length": 66.12, "rotation": 1.29, "x": 73.66, "y": 19.34 },
	{ "name": "2", "parent": "zon", "length": 83, "rotation": 179.31, "x": 332.1, "y": 29.77 },
	{ "name": "4", "parent": "zon", "length": 73.85, "rotation": -150.21, "x": 213.14, "y": 33.47 },
	{ "name": "5", "parent": "zon", "length": 73.85, "rotation": -150.21, "x": 213.14, "y": 33.47 },
	{ "name": "6", "parent": "zon", "length": 123.9, "rotation": 98.82, "x": 205.63, "y": 0.32 },
	{ "name": "7", "parent": "zon", "length": 123.9, "rotation": 98.82, "x": 205.63, "y": 0.32 }
],
"slots": [
	{ "name": "8", "bone": "7", "attachment": "5", "blend": "additive" },
	{ "name": "5", "bone": "6", "attachment": "5" },
	{ "name": "4", "bone": "4", "attachment": "4" },
	{ "name": "7", "bone": "5", "attachment": "4", "blend": "additive" },
	{ "name": "3", "bone": "zon", "attachment": "3" },
	{ "name": "1", "bone": "1", "attachment": "1" },
	{ "name": "9", "bone": "2", "attachment": "1" }
],
"skins": {
	"default": {
		"1": {
			"1": { "x": 48.76, "y": 13.61, "rotation": -1.29, "width": 101, "height": 60 }
		},
		"3": {
			"3": { "x": 205.1, "y": 34.54, "width": 271, "height": 71 }
		},
		"4": {
			"4": { "x": 5.77, "y": -5.11, "rotation": 150.21, "width": 148, "height": 26 }
		},
		"5": {
			"5": { "x": 3.27, "y": -0.62, "rotation": -98.82, "width": 282, "height": 133 }
		},
		"7": {
			"4": { "x": 5.77, "y": -5.11, "rotation": 150.21, "width": 148, "height": 26 }
		},
		"8": {
			"5": { "x": 3.27, "y": -0.62, "rotation": -98.82, "width": 282, "height": 133 }
		},
		"9": {
			"1": {
				"x": 43.49,
				"y": -3.74,
				"scaleX": -1,
				"scaleY": -1,
				"rotation": -179.31,
				"width": 101,
				"height": 60
			}
		}
	}
},
"animations": {
	"anniu": {
		"slots": {
			"7": {
				"color": [
					{ "time": 0, "color": "ffffff00", "curve": "stepped" },
					{ "time": 0.1667, "color": "ffffff00" },
					{ "time": 0.4667, "color": "ffffff8c" },
					{ "time": 1, "color": "ffffff00" },
					{ "time": 1.3667, "color": "ffffff1e" },
					{ "time": 1.6667, "color": "ffffff00" }
				]
			},
			"8": {
				"color": [
					{ "time": 0, "color": "ffffff00", "curve": "stepped" },
					{ "time": 0.1667, "color": "ffffff00" },
					{ "time": 0.6, "color": "ffffff45" },
					{ "time": 1.1333, "color": "ffffff00", "curve": "stepped" },
					{ "time": 1.6667, "color": "ffffff00" }
				]
			}
		},
		"bones": {
			"5": {
				"rotate": [
					{ "time": 0, "angle": 0, "curve": "stepped" },
					{ "time": 1.6667, "angle": 0 }
				],
				"translate": [
					{ "time": 0, "x": 0, "y": 0, "curve": "stepped" },
					{ "time": 1.6667, "x": 0, "y": 0 }
				],
				"scale": [
					{ "time": 0, "x": 1, "y": 1, "curve": "stepped" },
					{ "time": 1.6667, "x": 1, "y": 1 }
				],
				"shear": [
					{ "time": 0, "x": 0, "y": 0, "curve": "stepped" },
					{ "time": 1.6667, "x": 0, "y": 0 }
				]
			},
			"7": {
				"rotate": [
					{ "time": 0, "angle": 0, "curve": "stepped" },
					{ "time": 0.1667, "angle": 0, "curve": "stepped" },
					{ "time": 1.1333, "angle": 0, "curve": "stepped" },
					{ "time": 1.6667, "angle": 0 }
				],
				"translate": [
					{ "time": 0, "x": 0, "y": 0, "curve": "stepped" },
					{ "time": 0.1667, "x": 0, "y": 0, "curve": "stepped" },
					{ "time": 1.1333, "x": 0, "y": 0, "curve": "stepped" },
					{ "time": 1.6667, "x": 0, "y": 0 }
				],
				"scale": [
					{ "time": 0, "x": 1, "y": 1, "curve": "stepped" },
					{ "time": 0.1667, "x": 1, "y": 1 },
					{ "time": 1.1333, "x": 1.1, "y": 1.1 },
					{ "time": 1.6667, "x": 1, "y": 1 }
				],
				"shear": [
					{ "time": 0, "x": 0, "y": 0, "curve": "stepped" },
					{ "time": 0.1667, "x": 0, "y": 0, "curve": "stepped" },
					{ "time": 1.1333, "x": 0, "y": 0, "curve": "stepped" },
					{ "time": 1.6667, "x": 0, "y": 0 }
				]
			},
			"1": {
				"rotate": [
					{ "time": 0, "angle": 0, "curve": "stepped" },
					{ "time": 0.8333, "angle": 0, "curve": "stepped" },
					{ "time": 1.6667, "angle": 0 }
				],
				"translate": [
					{ "time": 0, "x": 0, "y": 0 },
					{ "time": 0.4333, "x": -6.33, "y": -0.14 },
					{ "time": 0.8333, "x": 0, "y": 0 },
					{ "time": 1.3, "x": -6.33, "y": -0.14 },
					{ "time": 1.6667, "x": 0, "y": 0 }
				],
				"scale": [
					{ "time": 0, "x": 1, "y": 1, "curve": "stepped" },
					{ "time": 0.8333, "x": 1, "y": 1, "curve": "stepped" },
					{ "time": 1.6667, "x": 1, "y": 1 }
				],
				"shear": [
					{ "time": 0, "x": 0, "y": 0, "curve": "stepped" },
					{ "time": 0.8333, "x": 0, "y": 0, "curve": "stepped" },
					{ "time": 1.6667, "x": 0, "y": 0 }
				]
			},
			"2": {
				"rotate": [
					{ "time": 0, "angle": 0, "curve": "stepped" },
					{ "time": 0.8333, "angle": 0, "curve": "stepped" },
					{ "time": 1.6667, "angle": 0 }
				],
				"translate": [
					{ "time": 0, "x": 0, "y": 0 },
					{ "time": 0.4333, "x": 6.33, "y": -0.08 },
					{ "time": 0.8333, "x": 0, "y": 0 },
					{ "time": 1.3, "x": 6.33, "y": -0.08 },
					{ "time": 1.6667, "x": 0, "y": 0 }
				],
				"scale": [
					{ "time": 0, "x": 1, "y": 1, "curve": "stepped" },
					{ "time": 0.8333, "x": 1, "y": 1, "curve": "stepped" },
					{ "time": 1.6667, "x": 1, "y": 1 }
				],
				"shear": [
					{ "time": 0, "x": 0, "y": 0, "curve": "stepped" },
					{ "time": 0.8333, "x": 0, "y": 0, "curve": "stepped" },
					{ "time": 1.6667, "x": 0, "y": 0 }
				]
			}
		}
	}
}
}