{
"skeleton": { "hash": "a1iR5dmLgT83c2mh8iM5St3cyvQ", "spine": "3.7.93", "width": 663.4, "height": 644.8 },
"bones": [
	{ "name": "root" },
	{ "name": "zong", "parent": "root", "x": -421.83, "y": -144.01 },
	{ "name": "4", "parent": "zong", "length": 231.85, "rotation": 39.41, "x": 425.53, "y": 230.16 },
	{ "name": "55", "parent": "zong", "length": 309.55, "rotation": 50.09, "x": 423.48, "y": 244.62 },
	{ "name": "zong2", "parent": "zong", "x": 421.83, "y": 249.17, "scaleX": 2, "scaleY": 2 }
],
"slots": [
	{ "name": "4", "bone": "4", "attachment": "4" },
	{ "name": "7", "bone": "55", "attachment": "4" },
	{ "name": "beiguang", "bone": "zong2", "attachment": "beiguang", "blend": "additive" }
],
"skins": {
	"default": {
		"4": {
			"4": {
				"x": -3.15,
				"y": -0.15,
				"scaleX": 2,
				"scaleY": 2,
				"rotation": -39.41,
				"width": 214,
				"height": 208
			}
		},
		"7": {
			"4": {
				"x": -12.9,
				"y": -10.42,
				"scaleX": 3.1,
				"scaleY": 3.1,
				"rotation": -50.09,
				"width": 214,
				"height": 208
			}
		},
		"beiguang": {
			"beiguang": { "width": 313, "height": 286 }
		}
	}
},
"animations": {
	"jinshengguang": {
		"slots": {
			"4": {
				"color": [
					{ "time": 0, "color": "ffffff00", "curve": "stepped" },
					{ "time": 0.8333, "color": "ffffff00" },
					{ "time": 1, "color": "ffffffff", "curve": "stepped" },
					{ "time": 1.1667, "color": "ffffffff" },
					{ "time": 1.4, "color": "ffffff00" }
				]
			},
			"7": {
				"color": [
					{ "time": 0, "color": "ffffff00", "curve": "stepped" },
					{ "time": 0.6667, "color": "ffffff00" },
					{ "time": 0.8333, "color": "ffffffff", "curve": "stepped" },
					{ "time": 0.9333, "color": "ffffffff" },
					{ "time": 1.1667, "color": "ffffff00" }
				]
			},
			"beiguang": {
				"color": [
					{ "time": 0, "color": "ffffff00", "curve": "stepped" },
					{ "time": 0.6667, "color": "ffffff00" },
					{ "time": 0.8333, "color": "ffffffff" },
					{ "time": 1.1667, "color": "ffffff00", "curve": "stepped" },
					{ "time": 1.6667, "color": "ffffff00" }
				]
			}
		},
		"bones": {
			"4": {
				"rotate": [
					{ "time": 0, "angle": 0, "curve": "stepped" },
					{ "time": 0.8333, "angle": 0, "curve": "stepped" },
					{ "time": 1.4, "angle": 0 }
				],
				"translate": [
					{ "time": 0, "x": 0, "y": 0, "curve": "stepped" },
					{ "time": 0.8333, "x": 0, "y": 0, "curve": "stepped" },
					{ "time": 1.4, "x": 0, "y": 0 }
				],
				"scale": [
					{ "time": 0, "x": 1, "y": 1 },
					{ "time": 0.8333, "x": 0.5, "y": 0.5 },
					{ "time": 1.4, "x": 1.2, "y": 1.2 }
				],
				"shear": [
					{ "time": 0, "x": 0, "y": 0, "curve": "stepped" },
					{ "time": 0.8333, "x": 0, "y": 0, "curve": "stepped" },
					{ "time": 1.4, "x": 0, "y": 0 }
				]
			},
			"55": {
				"rotate": [
					{ "time": 0, "angle": 0, "curve": "stepped" },
					{ "time": 0.6667, "angle": 0, "curve": "stepped" },
					{ "time": 1.1667, "angle": 0 }
				],
				"translate": [
					{ "time": 0, "x": 0, "y": 0, "curve": "stepped" },
					{ "time": 0.6667, "x": 0, "y": 0, "curve": "stepped" },
					{ "time": 1.1667, "x": 0, "y": 0 }
				],
				"scale": [
					{ "time": 0, "x": 1, "y": 1 },
					{ "time": 0.6667, "x": 0.5, "y": 0.5 },
					{ "time": 1.1667, "x": 1.2, "y": 1.2 }
				],
				"shear": [
					{ "time": 0, "x": 0, "y": 0, "curve": "stepped" },
					{ "time": 0.6667, "x": 0, "y": 0, "curve": "stepped" },
					{ "time": 1.1667, "x": 0, "y": 0 }
				]
			},
			"zong2": {
				"rotate": [
					{ "time": 0, "angle": 0, "curve": "stepped" },
					{ "time": 0.6667, "angle": 0, "curve": "stepped" },
					{ "time": 1.1667, "angle": 0, "curve": "stepped" },
					{ "time": 1.6667, "angle": 0 }
				],
				"translate": [
					{ "time": 0, "x": 0, "y": 0, "curve": "stepped" },
					{ "time": 0.6667, "x": 0, "y": 0, "curve": "stepped" },
					{ "time": 1.1667, "x": 0, "y": 0, "curve": "stepped" },
					{ "time": 1.6667, "x": 0, "y": 0 }
				],
				"scale": [
					{ "time": 0, "x": 1, "y": 1, "curve": "stepped" },
					{ "time": 0.6667, "x": 1, "y": 1, "curve": "stepped" },
					{ "time": 1.1667, "x": 1, "y": 1, "curve": "stepped" },
					{ "time": 1.6667, "x": 1, "y": 1 }
				],
				"shear": [
					{ "time": 0, "x": 0, "y": 0, "curve": "stepped" },
					{ "time": 0.6667, "x": 0, "y": 0, "curve": "stepped" },
					{ "time": 1.1667, "x": 0, "y": 0, "curve": "stepped" },
					{ "time": 1.6667, "x": 0, "y": 0 }
				]
			}
		}
	}
}
}