{
"skeleton": { "hash": "kb/+SQxw97iM8hf2KBCnZuTKLDE", "spine": "3.7.93", "width": 750, "height": 1334 },
"bones": [
	{ "name": "root" },
	{ "name": "zong", "parent": "root", "x": -284.69, "y": -76.69 },
	{ "name": "zong2", "parent": "zong", "length": 266.45, "rotation": -179.66, "x": 179.22, "y": 91.99 }
],
"slots": [
	{ "name": "ic/yingwen", "bone": "zong2", "attachment": "ic/yingwen" },
	{ "name": "ic/1", "bone": "zong2", "attachment": "ic/1" },
	{ "name": "ic/2", "bone": "zong2", "color": "ffffff00", "attachment": "ic/2" },
	{ "name": "ic/3", "bone": "zong2", "color": "ffffff00", "attachment": "ic/3" },
	{ "name": "ic/4", "bone": "zong2", "color": "ffffff00", "attachment": "ic/4" },
	{ "name": "ic/5", "bone": "zong2", "color": "ffffff00", "attachment": "ic/5" }
],
"skins": {
	"default": {
		"ic/1": {
			"ic/1": { "x": 124.81, "y": 7.49, "rotation": 179.66, "width": 37, "height": 53 }
		},
		"ic/2": {
			"ic/2": { "x": 121.43, "y": 8.53, "rotation": 179.66, "width": 50, "height": 53 }
		},
		"ic/3": {
			"ic/3": { "x": 119.42, "y": 8.25, "rotation": 179.66, "width": 46, "height": 53 }
		},
		"ic/4": {
			"ic/4": { "x": 120.44, "y": 10.85, "rotation": 179.66, "width": 48, "height": 53 }
		},
		"ic/5": {
			"ic/5": { "x": 121.17, "y": 9.38, "rotation": 179.66, "width": 48, "height": 53 }
		},
		"ic/yingwen": {
			"ic/yingwen": { "x": -163.94, "y": 11.79, "rotation": 179.66, "width": 436, "height": 53 }
		}
	}
},
"animations": {
	"1": {
		"slots": {
			"ic/1": {
				"color": [
					{ "time": 0, "color": "ffffff00", "curve": "stepped" },
					{ "time": 0.1667, "color": "ffffff00" },
					{ "time": 0.3333, "color": "ffffffff", "curve": "stepped" },
					{ "time": 1.5, "color": "ffffffff" },
					{ "time": 1.6667, "color": "ffffff00" }
				]
			},
			"ic/yingwen": {
				"color": [
					{ "time": 0, "color": "ffffff00", "curve": "stepped" },
					{ "time": 0.1667, "color": "ffffff00" },
					{ "time": 0.3333, "color": "ffffffff", "curve": "stepped" },
					{ "time": 1.5, "color": "ffffffff" },
					{ "time": 1.6667, "color": "ffffff00" }
				]
			}
		},
		"bones": {
			"zong2": {
				"rotate": [
					{ "time": 0, "angle": 0, "curve": "stepped" },
					{ "time": 0.1667, "angle": 0, "curve": "stepped" },
					{ "time": 1.6667, "angle": 0 }
				],
				"translate": [
					{ "time": 0, "x": 0, "y": 0 },
					{
						"time": 0.1667,
						"x": -662.84,
						"y": 0,
						"curve": [ 0, 0.39, 0.75, 1 ]
					},
					{ "time": 0.6667, "x": 11.1, "y": 0 },
					{ "time": 0.8333, "x": 0, "y": 0, "curve": "stepped" },
					{ "time": 1.6667, "x": 0, "y": 0 }
				],
				"scale": [
					{ "time": 0, "x": 1, "y": 1, "curve": "stepped" },
					{ "time": 0.1667, "x": 1, "y": 1, "curve": "stepped" },
					{ "time": 1.6667, "x": 1, "y": 1 }
				],
				"shear": [
					{ "time": 0, "x": 0, "y": 0, "curve": "stepped" },
					{ "time": 0.1667, "x": 0, "y": 0, "curve": "stepped" },
					{ "time": 1.6667, "x": 0, "y": 0 }
				]
			}
		}
	},
	"2": {
		"slots": {
			"ic/1": {
				"color": [
					{ "time": 0, "color": "ffffff00", "curve": "stepped" },
					{ "time": 0.1667, "color": "ffffff00", "curve": "stepped" },
					{ "time": 1.6667, "color": "ffffff00" }
				]
			},
			"ic/2": {
				"color": [
					{ "time": 0, "color": "ffffff00", "curve": "stepped" },
					{ "time": 0.1667, "color": "ffffff00" },
					{ "time": 0.3333, "color": "ffffffff", "curve": "stepped" },
					{ "time": 1.5, "color": "ffffffff" },
					{ "time": 1.6667, "color": "ffffff00" }
				]
			},
			"ic/yingwen": {
				"color": [
					{ "time": 0, "color": "ffffff00", "curve": "stepped" },
					{ "time": 0.1667, "color": "ffffff00" },
					{ "time": 0.3333, "color": "ffffffff", "curve": "stepped" },
					{ "time": 1.5, "color": "ffffffff" },
					{ "time": 1.6667, "color": "ffffff00" }
				]
			}
		},
		"bones": {
			"zong2": {
				"rotate": [
					{ "time": 0, "angle": 0, "curve": "stepped" },
					{ "time": 0.1667, "angle": 0, "curve": "stepped" },
					{ "time": 1.6667, "angle": 0 }
				],
				"translate": [
					{ "time": 0, "x": 0, "y": 0 },
					{
						"time": 0.1667,
						"x": -662.84,
						"y": 0,
						"curve": [ 0, 0.39, 0.75, 1 ]
					},
					{ "time": 0.6667, "x": 11.1, "y": 0 },
					{ "time": 0.8333, "x": 0, "y": 0, "curve": "stepped" },
					{ "time": 1.6667, "x": 0, "y": 0 }
				],
				"scale": [
					{ "time": 0, "x": 1, "y": 1, "curve": "stepped" },
					{ "time": 0.1667, "x": 1, "y": 1, "curve": "stepped" },
					{ "time": 1.6667, "x": 1, "y": 1 }
				],
				"shear": [
					{ "time": 0, "x": 0, "y": 0, "curve": "stepped" },
					{ "time": 0.1667, "x": 0, "y": 0, "curve": "stepped" },
					{ "time": 1.6667, "x": 0, "y": 0 }
				]
			}
		}
	},
	"3": {
		"slots": {
			"ic/1": {
				"color": [
					{ "time": 0, "color": "ffffff00", "curve": "stepped" },
					{ "time": 0.1667, "color": "ffffff00", "curve": "stepped" },
					{ "time": 1.6667, "color": "ffffff00" }
				]
			},
			"ic/3": {
				"color": [
					{ "time": 0, "color": "ffffff00", "curve": "stepped" },
					{ "time": 0.1667, "color": "ffffff00" },
					{ "time": 0.3333, "color": "ffffffff", "curve": "stepped" },
					{ "time": 1.5, "color": "ffffffff" },
					{ "time": 1.6667, "color": "ffffff00" }
				]
			},
			"ic/yingwen": {
				"color": [
					{ "time": 0, "color": "ffffff00", "curve": "stepped" },
					{ "time": 0.1667, "color": "ffffff00" },
					{ "time": 0.3333, "color": "ffffffff", "curve": "stepped" },
					{ "time": 1.5, "color": "ffffffff" },
					{ "time": 1.6667, "color": "ffffff00" }
				]
			}
		},
		"bones": {
			"zong2": {
				"rotate": [
					{ "time": 0, "angle": 0, "curve": "stepped" },
					{ "time": 0.1667, "angle": 0, "curve": "stepped" },
					{ "time": 1.6667, "angle": 0 }
				],
				"translate": [
					{ "time": 0, "x": 0, "y": 0 },
					{
						"time": 0.1667,
						"x": -662.84,
						"y": 0,
						"curve": [ 0, 0.39, 0.75, 1 ]
					},
					{ "time": 0.6667, "x": 11.1, "y": 0 },
					{ "time": 0.8333, "x": 0, "y": 0, "curve": "stepped" },
					{ "time": 1.6667, "x": 0, "y": 0 }
				],
				"scale": [
					{ "time": 0, "x": 1, "y": 1, "curve": "stepped" },
					{ "time": 0.1667, "x": 1, "y": 1, "curve": "stepped" },
					{ "time": 1.6667, "x": 1, "y": 1 }
				],
				"shear": [
					{ "time": 0, "x": 0, "y": 0, "curve": "stepped" },
					{ "time": 0.1667, "x": 0, "y": 0, "curve": "stepped" },
					{ "time": 1.6667, "x": 0, "y": 0 }
				]
			}
		}
	},
	"4": {
		"slots": {
			"ic/1": {
				"color": [
					{ "time": 0, "color": "ffffff00", "curve": "stepped" },
					{ "time": 0.1667, "color": "ffffff00", "curve": "stepped" },
					{ "time": 1.6667, "color": "ffffff00" }
				]
			},
			"ic/4": {
				"color": [
					{ "time": 0, "color": "ffffff00", "curve": "stepped" },
					{ "time": 0.1667, "color": "ffffff00" },
					{ "time": 0.3333, "color": "ffffffff", "curve": "stepped" },
					{ "time": 1.5, "color": "ffffffff" },
					{ "time": 1.6667, "color": "ffffff00" }
				]
			},
			"ic/yingwen": {
				"color": [
					{ "time": 0, "color": "ffffff00", "curve": "stepped" },
					{ "time": 0.1667, "color": "ffffff00" },
					{ "time": 0.3333, "color": "ffffffff", "curve": "stepped" },
					{ "time": 1.5, "color": "ffffffff" },
					{ "time": 1.6667, "color": "ffffff00" }
				]
			}
		},
		"bones": {
			"zong2": {
				"rotate": [
					{ "time": 0, "angle": 0, "curve": "stepped" },
					{ "time": 0.1667, "angle": 0, "curve": "stepped" },
					{ "time": 1.6667, "angle": 0 }
				],
				"translate": [
					{ "time": 0, "x": 0, "y": 0 },
					{
						"time": 0.1667,
						"x": -662.84,
						"y": 0,
						"curve": [ 0, 0.39, 0.75, 1 ]
					},
					{ "time": 0.6667, "x": 11.1, "y": 0 },
					{ "time": 0.8333, "x": 0, "y": 0, "curve": "stepped" },
					{ "time": 1.6667, "x": 0, "y": 0 }
				],
				"scale": [
					{ "time": 0, "x": 1, "y": 1, "curve": "stepped" },
					{ "time": 0.1667, "x": 1, "y": 1, "curve": "stepped" },
					{ "time": 1.6667, "x": 1, "y": 1 }
				],
				"shear": [
					{ "time": 0, "x": 0, "y": 0, "curve": "stepped" },
					{ "time": 0.1667, "x": 0, "y": 0, "curve": "stepped" },
					{ "time": 1.6667, "x": 0, "y": 0 }
				]
			}
		}
	},
	"5": {
		"slots": {
			"ic/1": {
				"color": [
					{ "time": 0, "color": "ffffff00", "curve": "stepped" },
					{ "time": 0.1667, "color": "ffffff00", "curve": "stepped" },
					{ "time": 1.6667, "color": "ffffff00" }
				]
			},
			"ic/5": {
				"color": [
					{ "time": 0, "color": "ffffff00", "curve": "stepped" },
					{ "time": 0.1667, "color": "ffffff00" },
					{ "time": 0.3333, "color": "ffffffff", "curve": "stepped" },
					{ "time": 1.5, "color": "ffffffff" },
					{ "time": 1.6667, "color": "ffffff00" }
				]
			},
			"ic/yingwen": {
				"color": [
					{ "time": 0, "color": "ffffff00", "curve": "stepped" },
					{ "time": 0.1667, "color": "ffffff00" },
					{ "time": 0.3333, "color": "ffffffff", "curve": "stepped" },
					{ "time": 1.5, "color": "ffffffff" },
					{ "time": 1.6667, "color": "ffffff00" }
				]
			}
		},
		"bones": {
			"zong2": {
				"rotate": [
					{ "time": 0, "angle": 0, "curve": "stepped" },
					{ "time": 0.1667, "angle": 0, "curve": "stepped" },
					{ "time": 1.6667, "angle": 0 }
				],
				"translate": [
					{ "time": 0, "x": 0, "y": 0 },
					{
						"time": 0.1667,
						"x": -662.84,
						"y": 0,
						"curve": [ 0, 0.39, 0.75, 1 ]
					},
					{ "time": 0.6667, "x": 11.1, "y": 0 },
					{ "time": 0.8333, "x": 0, "y": 0, "curve": "stepped" },
					{ "time": 1.6667, "x": 0, "y": 0 }
				],
				"scale": [
					{ "time": 0, "x": 1, "y": 1, "curve": "stepped" },
					{ "time": 0.1667, "x": 1, "y": 1, "curve": "stepped" },
					{ "time": 1.6667, "x": 1, "y": 1 }
				],
				"shear": [
					{ "time": 0, "x": 0, "y": 0, "curve": "stepped" },
					{ "time": 0.1667, "x": 0, "y": 0, "curve": "stepped" },
					{ "time": 1.6667, "x": 0, "y": 0 }
				]
			}
		}
	}
}
}