{
"skeleton": { "hash": "bvM9to71/PMuMKk1qsqm9Pm+Ga0", "spine": "3.7.93", "width": 450, "height": 450 },
"bones": [
	{ "name": "root" },
	{ "name": "ic/80", "parent": "root", "length": 133.74, "rotation": 77.65, "x": 6.21, "y": 7.17 },
	{ "name": "ic/81", "parent": "root", "length": 133.74, "rotation": 77.65, "x": 6.21, "y": 7.17 },
	{ "name": "bone", "parent": "root", "x": 2.84, "y": -23.11, "scaleX": 1.5, "scaleY": 1.5 },
	{ "name": "bone2", "parent": "root", "x": 2.84, "y": -23.11, "scaleX": 1.5, "scaleY": 1.5 }
],
"slots": [
	{ "name": "ic/80", "bone": "ic/80", "attachment": "ic/80" },
	{ "name": "ic/81", "bone": "ic/81", "color": "ffffff00", "attachment": "ic/80", "blend": "additive" },
	{ "name": "ic/feichun/dechun (1)", "bone": "bone", "attachment": "ic/feichun/dechun (9)" },
	{ "name": "ic/feichun/dechun (1)2", "bone": "bone2", "attachment": "ic/feichun/dechun (9)", "blend": "additive" }
],
"skins": {
	"default": {
		"ic/80": {
			"ic/80": { "x": -7.74, "y": 4.15, "rotation": -77.65, "width": 237, "height": 153 }
		},
		"ic/81": {
			"ic/80": { "x": -7.74, "y": 4.15, "rotation": -77.65, "width": 237, "height": 153 }
		},
		"ic/feichun/dechun (1)": {
			"ic/feichun/dechun (1)": { "width": 300, "height": 300 },
			"ic/feichun/dechun (2)": { "width": 300, "height": 300 },
			"ic/feichun/dechun (3)": { "width": 300, "height": 300 },
			"ic/feichun/dechun (4)": { "width": 300, "height": 300 },
			"ic/feichun/dechun (5)": { "width": 300, "height": 300 },
			"ic/feichun/dechun (6)": { "width": 300, "height": 300 },
			"ic/feichun/dechun (7)": { "width": 300, "height": 300 },
			"ic/feichun/dechun (8)": { "width": 300, "height": 300 },
			"ic/feichun/dechun (9)": { "width": 300, "height": 300 },
			"ic/feichun/dechun (10)": { "width": 300, "height": 300 },
			"ic/feichun/dechun (11)": { "width": 300, "height": 300 },
			"ic/feichun/dechun (12)": { "width": 300, "height": 300 },
			"ic/feichun/dechun (13)": { "width": 300, "height": 300 },
			"ic/feichun/dechun (14)": { "width": 300, "height": 300 },
			"ic/feichun/dechun (15)": { "width": 300, "height": 300 },
			"ic/feichun/dechun (16)": { "width": 300, "height": 300 },
			"ic/feichun/dechun (17)": { "width": 300, "height": 300 },
			"ic/feichun/dechun (18)": { "width": 300, "height": 300 },
			"ic/feichun/dechun (19)": { "width": 300, "height": 300 }
		},
		"ic/feichun/dechun (1)2": {
			"ic/feichun/dechun (1)": { "width": 300, "height": 300 },
			"ic/feichun/dechun (2)": { "width": 300, "height": 300 },
			"ic/feichun/dechun (3)": { "width": 300, "height": 300 },
			"ic/feichun/dechun (4)": { "width": 300, "height": 300 },
			"ic/feichun/dechun (5)": { "width": 300, "height": 300 },
			"ic/feichun/dechun (6)": { "width": 300, "height": 300 },
			"ic/feichun/dechun (7)": { "width": 300, "height": 300 },
			"ic/feichun/dechun (8)": { "width": 300, "height": 300 },
			"ic/feichun/dechun (9)": { "width": 300, "height": 300 },
			"ic/feichun/dechun (10)": { "width": 300, "height": 300 },
			"ic/feichun/dechun (11)": { "width": 300, "height": 300 },
			"ic/feichun/dechun (12)": { "width": 300, "height": 300 },
			"ic/feichun/dechun (13)": { "width": 300, "height": 300 },
			"ic/feichun/dechun (14)": { "width": 300, "height": 300 },
			"ic/feichun/dechun (15)": { "width": 300, "height": 300 },
			"ic/feichun/dechun (16)": { "width": 300, "height": 300 },
			"ic/feichun/dechun (17)": { "width": 300, "height": 300 },
			"ic/feichun/dechun (18)": { "width": 300, "height": 300 },
			"ic/feichun/dechun (19)": { "width": 300, "height": 300 }
		}
	}
},
"animations": {
	"80": {
		"slots": {
			"ic/80": {
				"color": [
					{ "time": 0, "color": "ffffff00", "curve": "stepped" },
					{ "time": 0.5, "color": "ffffff00" },
					{ "time": 0.6333, "color": "ffffffff", "curve": "stepped" },
					{ "time": 2, "color": "ffffffff" },
					{ "time": 2.1667, "color": "ffffff00" }
				]
			},
			"ic/81": {
				"color": [
					{ "time": 0, "color": "ffffff00", "curve": "stepped" },
					{ "time": 0.9667, "color": "ffffff00" },
					{ "time": 1, "color": "ffffffff" },
					{ "time": 1.2333, "color": "ffffff00", "curve": "stepped" },
					{ "time": 2.1667, "color": "ffffff00" }
				]
			},
			"ic/feichun/dechun (1)": {
				"color": [
					{ "time": 0, "color": "ffffff00", "curve": "stepped" },
					{ "time": 0.1333, "color": "ffffff00" },
					{ "time": 0.2, "color": "ffffffff", "curve": "stepped" },
					{ "time": 1.3333, "color": "ffffffff" },
					{ "time": 1.4333, "color": "ffffff00", "curve": "stepped" },
					{ "time": 2.1667, "color": "ffffff00" }
				],
				"attachment": [
					{ "time": 0, "name": "ic/feichun/dechun (1)" },
					{ "time": 0.1667, "name": "ic/feichun/dechun (1)" },
					{ "time": 0.2, "name": "ic/feichun/dechun (2)" },
					{ "time": 0.2667, "name": "ic/feichun/dechun (3)" },
					{ "time": 0.3, "name": "ic/feichun/dechun (4)" },
					{ "time": 0.3667, "name": "ic/feichun/dechun (5)" },
					{ "time": 0.4, "name": "ic/feichun/dechun (6)" },
					{ "time": 0.4667, "name": "ic/feichun/dechun (7)" },
					{ "time": 0.5333, "name": "ic/feichun/dechun (8)" },
					{ "time": 0.6, "name": "ic/feichun/dechun (9)" },
					{ "time": 0.6667, "name": "ic/feichun/dechun (10)" },
					{ "time": 0.7333, "name": "ic/feichun/dechun (11)" },
					{ "time": 0.8, "name": "ic/feichun/dechun (12)" },
					{ "time": 0.8667, "name": "ic/feichun/dechun (13)" },
					{ "time": 0.9333, "name": "ic/feichun/dechun (14)" },
					{ "time": 1, "name": "ic/feichun/dechun (15)" },
					{ "time": 1.0667, "name": "ic/feichun/dechun (16)" },
					{ "time": 1.1333, "name": "ic/feichun/dechun (17)" },
					{ "time": 1.2, "name": "ic/feichun/dechun (18)" },
					{ "time": 1.2667, "name": "ic/feichun/dechun (19)" },
					{ "time": 2.1667, "name": "ic/feichun/dechun (19)" }
				]
			},
			"ic/feichun/dechun (1)2": {
				"color": [
					{ "time": 0, "color": "ffffff00", "curve": "stepped" },
					{ "time": 0.1333, "color": "ffffff00" },
					{ "time": 0.2, "color": "ffffffff", "curve": "stepped" },
					{ "time": 1.3333, "color": "ffffffff" },
					{ "time": 1.4333, "color": "ffffff00", "curve": "stepped" },
					{ "time": 2.1667, "color": "ffffff00" }
				],
				"attachment": [
					{ "time": 0, "name": "ic/feichun/dechun (1)" },
					{ "time": 0.1667, "name": "ic/feichun/dechun (1)" },
					{ "time": 0.2, "name": "ic/feichun/dechun (2)" },
					{ "time": 0.2667, "name": "ic/feichun/dechun (3)" },
					{ "time": 0.3, "name": "ic/feichun/dechun (4)" },
					{ "time": 0.3667, "name": "ic/feichun/dechun (5)" },
					{ "time": 0.4, "name": "ic/feichun/dechun (6)" },
					{ "time": 0.4667, "name": "ic/feichun/dechun (7)" },
					{ "time": 0.5333, "name": "ic/feichun/dechun (8)" },
					{ "time": 0.6, "name": "ic/feichun/dechun (9)" },
					{ "time": 0.6667, "name": "ic/feichun/dechun (10)" },
					{ "time": 0.7333, "name": "ic/feichun/dechun (11)" },
					{ "time": 0.8, "name": "ic/feichun/dechun (12)" },
					{ "time": 0.8667, "name": "ic/feichun/dechun (13)" },
					{ "time": 0.9333, "name": "ic/feichun/dechun (14)" },
					{ "time": 1, "name": "ic/feichun/dechun (15)" },
					{ "time": 1.0667, "name": "ic/feichun/dechun (16)" },
					{ "time": 1.1333, "name": "ic/feichun/dechun (17)" },
					{ "time": 1.2, "name": "ic/feichun/dechun (18)" },
					{ "time": 1.2667, "name": "ic/feichun/dechun (19)" },
					{ "time": 2.1667, "name": "ic/feichun/dechun (19)" }
				]
			}
		},
		"bones": {
			"ic/80": {
				"rotate": [
					{ "time": 0, "angle": 0, "curve": "stepped" },
					{ "time": 0.5, "angle": 0, "curve": "stepped" },
					{ "time": 2.1667, "angle": 0 }
				],
				"translate": [
					{ "time": 0, "x": 0, "y": 0, "curve": "stepped" },
					{ "time": 0.5, "x": 0, "y": 0, "curve": "stepped" },
					{ "time": 2.1667, "x": 0, "y": 0 }
				],
				"scale": [
					{ "time": 0, "x": 1, "y": 1 },
					{ "time": 0.5, "x": 0.3, "y": 0.3 },
					{ "time": 0.6333, "x": 1.3, "y": 1.3 },
					{ "time": 0.8667, "x": 1.7, "y": 1.7 },
					{ "time": 1, "x": 0.7, "y": 0.7 },
					{ "time": 1.1, "x": 1.1, "y": 1.1 },
					{ "time": 1.2, "x": 1, "y": 1, "curve": "stepped" },
					{ "time": 2.1667, "x": 1, "y": 1 }
				],
				"shear": [
					{ "time": 0, "x": 0, "y": 0, "curve": "stepped" },
					{ "time": 0.5, "x": 0, "y": 0, "curve": "stepped" },
					{ "time": 2.1667, "x": 0, "y": 0 }
				]
			},
			"ic/81": {
				"rotate": [
					{ "time": 0, "angle": 0, "curve": "stepped" },
					{ "time": 0.9667, "angle": 0, "curve": "stepped" },
					{ "time": 1.2333, "angle": 0, "curve": "stepped" },
					{ "time": 2.1667, "angle": 0 }
				],
				"translate": [
					{ "time": 0, "x": 0, "y": 0, "curve": "stepped" },
					{ "time": 0.9667, "x": 0, "y": 0, "curve": "stepped" },
					{ "time": 1.2333, "x": 0, "y": 0, "curve": "stepped" },
					{ "time": 2.1667, "x": 0, "y": 0 }
				],
				"scale": [
					{ "time": 0, "x": 1, "y": 1 },
					{ "time": 0.9667, "x": 0.9, "y": 0.9 },
					{ "time": 1.2333, "x": 1.3, "y": 1.3 },
					{ "time": 2.1667, "x": 1, "y": 1 }
				],
				"shear": [
					{ "time": 0, "x": 0, "y": 0, "curve": "stepped" },
					{ "time": 0.9667, "x": 0, "y": 0, "curve": "stepped" },
					{ "time": 1.2333, "x": 0, "y": 0, "curve": "stepped" },
					{ "time": 2.1667, "x": 0, "y": 0 }
				]
			}
		}
	}
}
}