{
"skeleton": { "hash": "GDv02xN/iHfepUcKKvAHlb5HGUw", "spine": "3.7.93", "width": 340, "height": 425 },
"bones": [
	{ "name": "root" },
	{ "name": "bone", "parent": "root", "x": -2.65, "y": 25.52, "scaleX": 1.1, "scaleY": 1.1 },
	{ "name": "bone2", "parent": "root", "x": 6.89, "y": 38.18, "scaleX": 1.7, "scaleY": 1.7 },
	{ "name": "bone3", "parent": "root", "x": 6.89, "y": 38.18, "scaleX": 1.7, "scaleY": 1.7 }
],
"slots": [
	{ "name": "ic/12/11 (1)", "bone": "bone", "attachment": "ic/12/11 (9)" },
	{ "name": "ic/13/hunh (1)2", "bone": "bone3", "attachment": "ic/13/hunh (9)", "blend": "additive" },
	{ "name": "ic/13/hunh (1)", "bone": "bone2", "attachment": "ic/13/hunh (9)" }
],
"skins": {
	"default": {
		"ic/12/11 (1)": {
			"ic/12/11 (1)": { "width": 200, "height": 250 },
			"ic/12/11 (2)": { "width": 200, "height": 250 },
			"ic/12/11 (3)": { "width": 200, "height": 250 },
			"ic/12/11 (4)": { "width": 200, "height": 250 },
			"ic/12/11 (5)": { "width": 200, "height": 250 },
			"ic/12/11 (6)": { "width": 200, "height": 250 },
			"ic/12/11 (7)": { "width": 200, "height": 250 },
			"ic/12/11 (8)": { "width": 200, "height": 250 },
			"ic/12/11 (9)": { "width": 200, "height": 250 },
			"ic/12/11 (10)": { "width": 200, "height": 250 },
			"ic/12/11 (11)": { "width": 200, "height": 250 },
			"ic/12/11 (12)": { "width": 200, "height": 250 },
			"ic/12/11 (13)": { "width": 200, "height": 250 },
			"ic/12/11 (14)": { "width": 200, "height": 250 },
			"ic/12/11 (15)": { "width": 200, "height": 250 }
		},
		"ic/13/hunh (1)": {
			"ic/13/hunh (1)": { "width": 200, "height": 250 },
			"ic/13/hunh (2)": { "width": 200, "height": 250 },
			"ic/13/hunh (3)": { "width": 200, "height": 250 },
			"ic/13/hunh (4)": { "width": 200, "height": 250 },
			"ic/13/hunh (5)": { "width": 200, "height": 250 },
			"ic/13/hunh (6)": { "width": 200, "height": 250 },
			"ic/13/hunh (7)": { "width": 200, "height": 250 },
			"ic/13/hunh (8)": { "width": 200, "height": 250 },
			"ic/13/hunh (9)": { "width": 200, "height": 250 },
			"ic/13/hunh (10)": { "width": 200, "height": 250 },
			"ic/13/hunh (11)": { "width": 200, "height": 250 },
			"ic/13/hunh (12)": { "width": 200, "height": 250 },
			"ic/13/hunh (13)": { "width": 200, "height": 250 },
			"ic/13/hunh (14)": { "width": 200, "height": 250 },
			"ic/13/hunh (15)": { "width": 200, "height": 250 },
			"ic/13/hunh (16)": { "width": 200, "height": 250 },
			"ic/13/hunh (17)": { "width": 200, "height": 250 },
			"ic/13/hunh (18)": { "width": 200, "height": 250 },
			"ic/13/hunh (19)": { "width": 200, "height": 250 },
			"ic/13/hunh (20)": { "width": 200, "height": 250 }
		},
		"ic/13/hunh (1)2": {
			"ic/13/hunh (1)": { "width": 200, "height": 250 },
			"ic/13/hunh (2)": { "width": 200, "height": 250 },
			"ic/13/hunh (3)": { "width": 200, "height": 250 },
			"ic/13/hunh (4)": { "width": 200, "height": 250 },
			"ic/13/hunh (5)": { "width": 200, "height": 250 },
			"ic/13/hunh (6)": { "width": 200, "height": 250 },
			"ic/13/hunh (7)": { "width": 200, "height": 250 },
			"ic/13/hunh (8)": { "width": 200, "height": 250 },
			"ic/13/hunh (9)": { "width": 200, "height": 250 },
			"ic/13/hunh (10)": { "width": 200, "height": 250 },
			"ic/13/hunh (11)": { "width": 200, "height": 250 },
			"ic/13/hunh (12)": { "width": 200, "height": 250 },
			"ic/13/hunh (13)": { "width": 200, "height": 250 },
			"ic/13/hunh (14)": { "width": 200, "height": 250 },
			"ic/13/hunh (15)": { "width": 200, "height": 250 },
			"ic/13/hunh (16)": { "width": 200, "height": 250 },
			"ic/13/hunh (17)": { "width": 200, "height": 250 },
			"ic/13/hunh (18)": { "width": 200, "height": 250 },
			"ic/13/hunh (19)": { "width": 200, "height": 250 },
			"ic/13/hunh (20)": { "width": 200, "height": 250 }
		}
	}
},
"animations": {
	"yanhua": {
		"slots": {
			"ic/12/11 (1)": {
				"color": [
					{ "time": 0, "color": "ffffff00", "curve": "stepped" },
					{ "time": 0.1333, "color": "ffffff00" },
					{ "time": 0.2, "color": "ffffffff", "curve": "stepped" },
					{ "time": 0.8333, "color": "ffffffff" },
					{ "time": 0.9, "color": "ffffff00", "curve": "stepped" },
					{ "time": 1.2333, "color": "ffffff00" }
				],
				"attachment": [
					{ "time": 0, "name": "ic/12/11 (1)" },
					{ "time": 0.1667, "name": "ic/12/11 (1)" },
					{ "time": 0.2, "name": "ic/12/11 (2)" },
					{ "time": 0.2667, "name": "ic/12/11 (3)" },
					{ "time": 0.3, "name": "ic/12/11 (4)" },
					{ "time": 0.3667, "name": "ic/12/11 (5)" },
					{ "time": 0.4, "name": "ic/12/11 (6)" },
					{ "time": 0.4667, "name": "ic/12/11 (7)" },
					{ "time": 0.5, "name": "ic/12/11 (8)" },
					{ "time": 0.5667, "name": "ic/12/11 (9)" },
					{ "time": 0.6, "name": "ic/12/11 (10)" },
					{ "time": 0.6667, "name": "ic/12/11 (11)" },
					{ "time": 0.7, "name": "ic/12/11 (12)" },
					{ "time": 0.7667, "name": "ic/12/11 (13)" },
					{ "time": 0.8, "name": "ic/12/11 (14)" },
					{ "time": 0.8667, "name": "ic/12/11 (15)" },
					{ "time": 1.2333, "name": "ic/12/11 (15)" }
				]
			},
			"ic/13/hunh (1)": {
				"color": [
					{ "time": 0, "color": "ffffff00", "curve": "stepped" },
					{ "time": 0.0667, "color": "ffffff00" },
					{ "time": 0.1667, "color": "ffffffff", "curve": "stepped" },
					{ "time": 1.0333, "color": "ffffffff" },
					{ "time": 1.1333, "color": "ffffff00" }
				],
				"attachment": [
					{ "time": 0, "name": "ic/13/hunh (1)" },
					{ "time": 0.1333, "name": "ic/13/hunh (1)" },
					{ "time": 0.1667, "name": "ic/13/hunh (2)" },
					{ "time": 0.2333, "name": "ic/13/hunh (3)" },
					{ "time": 0.2667, "name": "ic/13/hunh (4)" },
					{ "time": 0.3333, "name": "ic/13/hunh (5)" },
					{ "time": 0.3667, "name": "ic/13/hunh (6)" },
					{ "time": 0.4333, "name": "ic/13/hunh (7)" },
					{ "time": 0.4667, "name": "ic/13/hunh (8)" },
					{ "time": 0.5333, "name": "ic/13/hunh (9)" },
					{ "time": 0.5667, "name": "ic/13/hunh (10)" },
					{ "time": 0.6333, "name": "ic/13/hunh (11)" },
					{ "time": 0.6667, "name": "ic/13/hunh (12)" },
					{ "time": 0.7333, "name": "ic/13/hunh (13)" },
					{ "time": 0.7667, "name": "ic/13/hunh (14)" },
					{ "time": 0.8333, "name": "ic/13/hunh (15)" },
					{ "time": 0.8667, "name": "ic/13/hunh (16)" },
					{ "time": 0.9333, "name": "ic/13/hunh (17)" },
					{ "time": 0.9667, "name": "ic/13/hunh (18)" },
					{ "time": 1.0333, "name": "ic/13/hunh (19)" },
					{ "time": 1.0667, "name": "ic/13/hunh (20)" },
					{ "time": 1.2333, "name": "ic/13/hunh (1)" }
				]
			},
			"ic/13/hunh (1)2": {
				"color": [
					{ "time": 0, "color": "ffffff00", "curve": "stepped" },
					{ "time": 0.0667, "color": "ffffff00" },
					{ "time": 0.1667, "color": "ffffffff", "curve": "stepped" },
					{ "time": 1.0333, "color": "ffffffff" },
					{ "time": 1.1333, "color": "ffffff00" }
				],
				"attachment": [
					{ "time": 0, "name": "ic/13/hunh (1)" },
					{ "time": 0.1333, "name": "ic/13/hunh (1)" },
					{ "time": 0.1667, "name": "ic/13/hunh (2)" },
					{ "time": 0.2333, "name": "ic/13/hunh (3)" },
					{ "time": 0.2667, "name": "ic/13/hunh (4)" },
					{ "time": 0.3333, "name": "ic/13/hunh (5)" },
					{ "time": 0.3667, "name": "ic/13/hunh (6)" },
					{ "time": 0.4333, "name": "ic/13/hunh (7)" },
					{ "time": 0.4667, "name": "ic/13/hunh (8)" },
					{ "time": 0.5333, "name": "ic/13/hunh (9)" },
					{ "time": 0.5667, "name": "ic/13/hunh (10)" },
					{ "time": 0.6333, "name": "ic/13/hunh (11)" },
					{ "time": 0.6667, "name": "ic/13/hunh (12)" },
					{ "time": 0.7333, "name": "ic/13/hunh (13)" },
					{ "time": 0.7667, "name": "ic/13/hunh (14)" },
					{ "time": 0.8333, "name": "ic/13/hunh (15)" },
					{ "time": 0.8667, "name": "ic/13/hunh (16)" },
					{ "time": 0.9333, "name": "ic/13/hunh (17)" },
					{ "time": 0.9667, "name": "ic/13/hunh (18)" },
					{ "time": 1.0333, "name": "ic/13/hunh (19)" },
					{ "time": 1.0667, "name": "ic/13/hunh (20)" },
					{ "time": 1.2333, "name": "ic/13/hunh (1)" }
				]
			}
		}
	}
}
}