{
"skeleton": { "hash": "MqhZuTxCmJyQ5jmofRVPPYn6/zM", "spine": "3.7.93", "width": 750, "height": 1334 },
"bones": [
	{ "name": "root" },
	{ "name": "zong", "parent": "root", "x": -140.07, "y": -35.08 },
	{ "name": "1", "parent": "zong", "rotation": -130, "x": 151.5, "y": 21.15 },
	{ "name": "2", "parent": "zong", "length": 101.13, "rotation": 143.56, "x": 139.6, "y": 34.91 },
	{ "name": "4", "parent": "zong", "length": 56.96, "rotation": -125.54, "x": 140.62, "y": 35.13 }
],
"slots": [
	{ "name": "3", "bone": "4", "attachment": "3", "blend": "additive" },
	{ "name": "2", "bone": "2", "attachment": "2" },
	{ "name": "1", "bone": "1", "attachment": "1" }
],
"skins": {
	"default": {
		"1": {
			"1": { "x": 6.72, "y": 45.71, "width": 100, "height": 154 }
		},
		"2": {
			"2": { "x": 0.51, "y": 0.21, "rotation": -143.56, "width": 98, "height": 98 }
		},
		"3": {
			"3": { "x": 0.98, "y": -1.22, "rotation": 125.54, "width": 130, "height": 130 }
		}
	}
},
"animations": {
	"shouzhi": {
		"slots": {
			"3": {
				"color": [
					{ "time": 0, "color": "ffffff00" },
					{ "time": 0.2333, "color": "ffffffb4" },
					{ "time": 0.5667, "color": "ffffff00", "curve": "stepped" },
					{ "time": 0.6667, "color": "ffffff00" },
					{ "time": 0.9, "color": "ffffffb4" },
					{ "time": 1.3333, "color": "ffffff00" }
				]
			}
		},
		"bones": {
			"2": {
				"rotate": [
					{ "time": 0, "angle": 0, "curve": "stepped" },
					{ "time": 0.6667, "angle": 0, "curve": "stepped" },
					{ "time": 1.3333, "angle": 0 }
				],
				"translate": [
					{ "time": 0, "x": 0, "y": 0, "curve": "stepped" },
					{ "time": 0.6667, "x": 0, "y": 0, "curve": "stepped" },
					{ "time": 1.3333, "x": 0, "y": 0 }
				],
				"scale": [
					{
						"time": 0,
						"x": 1,
						"y": 1,
						"curve": [ 0.25, 0, 0.75, 1 ]
					},
					{
						"time": 0.3333,
						"x": 0.8,
						"y": 0.8,
						"curve": [ 0.25, 0, 0.75, 1 ]
					},
					{
						"time": 0.6667,
						"x": 1,
						"y": 1,
						"curve": [ 0.25, 0, 0.75, 1 ]
					},
					{
						"time": 1,
						"x": 0.8,
						"y": 0.8,
						"curve": [ 0.25, 0, 0.75, 1 ]
					},
					{ "time": 1.3333, "x": 1, "y": 1 }
				],
				"shear": [
					{ "time": 0, "x": 0, "y": 0, "curve": "stepped" },
					{ "time": 0.6667, "x": 0, "y": 0, "curve": "stepped" },
					{ "time": 1.3333, "x": 0, "y": 0 }
				]
			},
			"4": {
				"rotate": [
					{ "time": 0, "angle": 0, "curve": "stepped" },
					{ "time": 0.6667, "angle": 0, "curve": "stepped" },
					{ "time": 1.3333, "angle": 0 }
				],
				"translate": [
					{ "time": 0, "x": 0, "y": 0, "curve": "stepped" },
					{ "time": 0.6667, "x": 0, "y": 0, "curve": "stepped" },
					{ "time": 1.3333, "x": 0, "y": 0 }
				],
				"scale": [
					{ "time": 0, "x": 0.5, "y": 0.5 },
					{ "time": 0.6333, "x": 1.3, "y": 1.3 },
					{ "time": 0.6667, "x": 0.5, "y": 0.5 },
					{ "time": 1.3333, "x": 1.3, "y": 1.3 }
				],
				"shear": [
					{ "time": 0, "x": 0, "y": 0, "curve": "stepped" },
					{ "time": 0.6667, "x": 0, "y": 0, "curve": "stepped" },
					{ "time": 1.3333, "x": 0, "y": 0 }
				]
			},
			"1": {
				"rotate": [
					{ "time": 0, "angle": 0, "curve": "stepped" },
					{ "time": 0.6667, "angle": 0, "curve": "stepped" },
					{ "time": 1.3333, "angle": 0 }
				],
				"translate": [
					{ "time": 0, "x": 0, "y": 0, "curve": "stepped" },
					{ "time": 0.6667, "x": 0, "y": 0, "curve": "stepped" },
					{ "time": 1.3333, "x": 0, "y": 0 }
				],
				"scale": [
					{
						"time": 0,
						"x": 1,
						"y": 1,
						"curve": [ 0.25, 0, 0.75, 1 ]
					},
					{
						"time": 0.6667,
						"x": 1.1,
						"y": 1.1,
						"curve": [ 0.25, 0, 0.75, 1 ]
					},
					{ "time": 1.3333, "x": 1, "y": 1 }
				],
				"shear": [
					{ "time": 0, "x": 0, "y": 0, "curve": "stepped" },
					{ "time": 0.6667, "x": 0, "y": 0, "curve": "stepped" },
					{ "time": 1.3333, "x": 0, "y": 0 }
				]
			}
		}
	}
}
}