{
"skeleton": { "hash": "ZXTTv11vFvf3ud89wnSf5qIK46M", "spine": "3.7.93", "width": 770.45, "height": 1078 },
"bones": [
	{ "name": "root" },
	{ "name": "zong", "parent": "root", "x": -444.08, "y": -192.92 },
	{ "name": "2", "parent": "zong", "x": 94.22, "y": 872.22 },
	{ "name": "2.1", "parent": "2", "length": 128.11, "rotation": -52.2, "x": 18.15, "y": -94.13 },
	{ "name": "3", "parent": "2.1", "length": 194.28, "rotation": 4.04, "x": 74.67, "y": -11.83 },
	{ "name": "44", "parent": "zong", "x": 799.07, "y": 840.94 },
	{ "name": "2.2", "parent": "44", "length": 118.52, "rotation": -123.93, "x": -28.67, "y": -57.04 },
	{ "name": "6", "parent": "2.2", "length": 192.93, "rotation": -2.78, "x": 75.9, "y": 10.22 },
	{ "name": "zong2", "parent": "zong", "x": 166.47, "y": 491.81 },
	{ "name": "34", "parent": "zong2", "x": 101.06, "y": 19.02 },
	{ "name": "21", "parent": "zong2", "x": 113.67, "y": 67.33 },
	{ "name": "36", "parent": "zong2", "x": 154.59, "y": 81.28 },
	{ "name": "37", "parent": "zong2", "x": 242.01, "y": 124.99 },
	{ "name": "20", "parent": "zong2", "x": 189, "y": 114.76 },
	{ "name": "19", "parent": "zong2", "x": 325.71, "y": 122.2 },
	{ "name": "32", "parent": "zong2", "x": 374.07, "y": 105.46 },
	{ "name": "35", "parent": "zong2", "x": 384.3, "y": 26.41 },
	{ "name": "18", "parent": "zong2", "x": 426.15, "y": 68.26 },
	{ "name": "31", "parent": "zong2", "x": 443.82, "y": 8.74 },
	{ "name": "22", "parent": "zong2", "x": 272.7, "y": -99.14 },
	{ "name": "27", "parent": "zong2", "x": 173.19, "y": -93.56 },
	{ "name": "23", "parent": "zong2", "x": 116.46, "y": -147.5 },
	{ "name": "24", "parent": "zong2", "x": 114.6, "y": -191.21 },
	{ "name": "39", "parent": "zong2", "x": 251.31, "y": -124.25 },
	{ "name": "38", "parent": "zong2", "x": 303.39, "y": -124.25 },
	{ "name": "43", "parent": "zong2", "x": 376.86, "y": -70.31 },
	{ "name": "40", "parent": "zong2", "x": 358.26, "y": -94.49 },
	{ "name": "41", "parent": "zong2", "x": 384.3, "y": -114.02 },
	{ "name": "42", "parent": "zong2", "x": 401.04, "y": -84.26 },
	{ "name": "33", "parent": "zong2", "x": 162.03, "y": 11.53 },
	{ "name": "30", "parent": "zong2", "x": 276.42, "y": 102.67 },
	{ "name": "29", "parent": "zong2", "x": 276.42, "y": 81.28 },
	{ "name": "28", "parent": "zong2", "x": 276.42, "y": 41.29 },
	{ "name": "25", "parent": "zong2", "x": 437.31, "y": -149.85 },
	{ "name": "26", "parent": "zong2", "x": 439.17, "y": -192.63 },
	{ "name": "bone", "parent": "zong", "x": 207.14, "y": 197.39 },
	{ "name": "7", "parent": "bone", "x": 151.62, "y": 31.33 },
	{ "name": "8", "parent": "bone", "x": 213.71, "y": 31.33 },
	{ "name": "9", "parent": "bone", "x": 266.24, "y": 26.56 },
	{ "name": "10", "parent": "bone", "x": 299.67, "y": 34.92 },
	{ "name": "11", "parent": "bone", "x": 330.72, "y": 36.11 },
	{ "name": "12", "parent": "bone", "x": 88.34, "y": -54.63 },
	{ "name": "13", "parent": "bone", "x": 171.92, "y": -62.99 },
	{ "name": "14", "parent": "bone", "x": 234, "y": -64.19 },
	{ "name": "15", "parent": "bone", "x": 284.15, "y": -57.02 },
	{ "name": "16", "parent": "bone", "x": 339.08, "y": -65.38 },
	{ "name": "17", "parent": "bone", "x": 386.84, "y": -64.19 },
	{ "name": "guanggan", "parent": "zong", "length": 196.84, "rotation": 177.08, "x": 447.4, "y": 456.28 }
],
"slots": [
	{ "name": "daguang", "bone": "zong", "color": "0055ff53", "attachment": "daguang", "blend": "additive" },
	{ "name": "andia123", "bone": "zong", "attachment": "andia123" },
	{ "name": "43", "bone": "43", "attachment": "43" },
	{ "name": "42", "bone": "42", "attachment": "42" },
	{ "name": "41", "bone": "41", "attachment": "41" },
	{ "name": "40", "bone": "40", "attachment": "40" },
	{ "name": "39", "bone": "39", "attachment": "39" },
	{ "name": "38", "bone": "38", "attachment": "38" },
	{ "name": "37", "bone": "37", "attachment": "37" },
	{ "name": "36", "bone": "36", "attachment": "36" },
	{ "name": "35", "bone": "35", "attachment": "35" },
	{ "name": "34", "bone": "34", "attachment": "34" },
	{ "name": "33", "bone": "33", "attachment": "33" },
	{ "name": "32", "bone": "32", "attachment": "32" },
	{ "name": "31", "bone": "31", "attachment": "31" },
	{ "name": "30", "bone": "30", "attachment": "30" },
	{ "name": "29", "bone": "29", "attachment": "29" },
	{ "name": "28", "bone": "28", "attachment": "28" },
	{ "name": "27", "bone": "27", "attachment": "27" },
	{ "name": "26", "bone": "26", "attachment": "26" },
	{ "name": "25", "bone": "25", "attachment": "25" },
	{ "name": "24", "bone": "24", "attachment": "24" },
	{ "name": "23", "bone": "23", "attachment": "23" },
	{ "name": "22", "bone": "22", "attachment": "22" },
	{ "name": "21", "bone": "21", "attachment": "21" },
	{ "name": "20", "bone": "20", "attachment": "20" },
	{ "name": "19", "bone": "19", "attachment": "19" },
	{ "name": "18", "bone": "18", "attachment": "18" },
	{ "name": "guanggan", "bone": "guanggan", "color": "b781ff71", "attachment": "guanggan", "blend": "additive" },
	{ "name": "yinying", "bone": "zong", "attachment": "yinying" },
	{ "name": "guang", "bone": "zong", "color": "5186ffa0", "attachment": "guang" },
	{ "name": "17", "bone": "17", "attachment": "17" },
	{ "name": "16", "bone": "16", "attachment": "16" },
	{ "name": "15", "bone": "15", "attachment": "15" },
	{ "name": "14", "bone": "14", "attachment": "14" },
	{ "name": "13", "bone": "13", "attachment": "13" },
	{ "name": "12", "bone": "12", "attachment": "12" },
	{ "name": "11", "bone": "11", "attachment": "11" },
	{ "name": "10", "bone": "10", "attachment": "10" },
	{ "name": "9", "bone": "9", "attachment": "9" },
	{ "name": "8", "bone": "8", "attachment": "8" },
	{ "name": "7", "bone": "7", "attachment": "7" },
	{ "name": "3", "bone": "6", "attachment": "3" },
	{ "name": "4", "bone": "3", "attachment": "3" },
	{ "name": "2.1", "bone": "2.1", "attachment": "2.1" },
	{ "name": "2.2", "bone": "2.2", "attachment": "2.1" },
	{ "name": "2", "bone": "2", "attachment": "2" },
	{ "name": "44", "bone": "44", "attachment": "2" }
],
"skins": {
	"default": {
		"10": {
			"10": { "x": -0.97, "y": -0.67, "width": 79, "height": 144 }
		},
		"11": {
			"11": { "x": -1.01, "y": -1.86, "width": 79, "height": 144 }
		},
		"12": {
			"12": { "x": 5.87, "y": -0.62, "width": 140, "height": 137 }
		},
		"13": {
			"13": { "x": -0.71, "y": -0.76, "width": 116, "height": 122 }
		},
		"14": {
			"14": { "x": 1.2, "y": -0.07, "width": 102, "height": 123 }
		},
		"15": {
			"15": { "x": -0.94, "y": -1.73, "width": 102, "height": 132 }
		},
		"16": {
			"16": { "x": 0.13, "y": 2.13, "width": 110, "height": 123 }
		},
		"17": {
			"17": { "x": 6.37, "y": 0.93, "width": 100, "height": 121 }
		},
		"18": {
			"18": { "x": -0.28, "y": 0.07, "width": 24, "height": 25 }
		},
		"19": {
			"19": { "x": -0.84, "y": -0.37, "width": 18, "height": 18 }
		},
		"2": {
			"2": { "x": 5.01, "y": -59.14, "scaleX": -1, "width": 58, "height": 93 }
		},
		"2.1": {
			"2.1": { "x": 13.33, "y": -7.75, "scaleX": -1, "rotation": 52.2, "width": 113, "height": 120 }
		},
		"2.2": {
			"2.1": { "x": 15.42, "y": 12.15, "rotation": 123.93, "width": 113, "height": 120 }
		},
		"20": {
			"20": { "x": -0.63, "y": -3.43, "width": 19, "height": 19 }
		},
		"21": {
			"21": { "x": -1.3, "y": 2, "width": 27, "height": 27 }
		},
		"22": {
			"22": { "x": 3.17, "y": -27.53, "width": 390, "height": 225 }
		},
		"23": {
			"23": { "x": -1.59, "y": -4.17, "width": 14, "height": 45 }
		},
		"24": {
			"24": { "x": -0.23, "y": -0.46, "width": 15, "height": 23 }
		},
		"25": {
			"25": { "x": 0.06, "y": -0.82, "width": 23, "height": 55 }
		},
		"26": {
			"26": { "x": -0.3, "y": 0.96, "width": 22, "height": 31 }
		},
		"27": {
			"27": { "x": 0.18, "y": 2.89, "width": 81, "height": 81 }
		},
		"28": {
			"28": { "x": 0.95, "y": 1.54, "width": 43, "height": 72 }
		},
		"29": {
			"29": { "x": 1.45, "y": -37.45, "width": 94, "height": 94 }
		},
		"3": {
			"3": { "x": 117.21, "y": -7.88, "rotation": 126.71, "width": 231, "height": 263 }
		},
		"30": {
			"30": { "x": 0.95, "y": -58.34, "width": 137, "height": 137 }
		},
		"31": {
			"31": { "x": -1.95, "y": -1.91, "width": 46, "height": 46 }
		},
		"32": {
			"32": { "x": 5.3, "y": -0.63, "width": 55, "height": 54 }
		},
		"33": {
			"33": { "x": 2.34, "y": 0.8, "width": 49, "height": 49 }
		},
		"34": {
			"34": { "x": 0.31, "y": -1.69, "width": 37, "height": 37 }
		},
		"35": {
			"35": { "x": 0.57, "y": -1.58, "width": 48, "height": 48 }
		},
		"36": {
			"36": { "x": 0.78, "y": -0.45, "width": 49, "height": 48 }
		},
		"37": {
			"37": { "x": -0.14, "y": 1.34, "width": 50, "height": 51 }
		},
		"38": {
			"38": { "x": -0.52, "y": -0.42, "width": 44, "height": 45 }
		},
		"39": {
			"39": { "x": 2.06, "y": 0.08, "width": 45, "height": 44 }
		},
		"4": {
			"3": { "x": 116.27, "y": -0.44, "scaleX": -1, "rotation": 48.16, "width": 231, "height": 263 }
		},
		"40": {
			"40": { "x": -1.89, "y": -1.68, "width": 35, "height": 36 }
		},
		"41": {
			"41": { "x": 0.57, "y": -1.15, "width": 36, "height": 36 }
		},
		"42": {
			"42": { "x": 1.83, "y": -1.91, "width": 36, "height": 36 }
		},
		"43": {
			"43": { "x": -1.49, "y": 0.64, "width": 43, "height": 43 }
		},
		"44": {
			"2": { "x": -9.61, "y": -27.85, "width": 58, "height": 93 }
		},
		"7": {
			"7": { "x": 2.09, "y": 1.91, "width": 113, "height": 142 }
		},
		"8": {
			"8": { "x": 4.5, "y": 3.41, "width": 110, "height": 145 }
		},
		"9": {
			"9": { "x": 0.47, "y": 6.19, "width": 79, "height": 141 }
		},
		"andia123": {
			"andia123": { "x": 441.34, "y": 441.33, "width": 378, "height": 387 }
		},
		"daguang": {
			"daguang": { "x": 445.34, "y": 321.64, "scaleX": 2, "scaleY": 2, "width": 375, "height": 539 }
		},
		"guang": {
			"guang": { "x": 428.84, "y": 179.14, "scaleX": 2, "scaleY": 2, "width": 255, "height": 259 }
		},
		"guanggan": {
			"guanggan": {
				"x": -2.91,
				"y": 107.13,
				"scaleX": 2,
				"scaleY": 2,
				"rotation": -177.08,
				"width": 246,
				"height": 307
			}
		},
		"yinying": {
			"yinying": { "x": 440.84, "y": 183.32, "scaleX": 2, "scaleY": 2, "width": 185, "height": 98 }
		}
	}
},
"animations": {
	"denglu": {
		"slots": {
			"10": {
				"color": [
					{ "time": 0, "color": "ffffffff", "curve": "stepped" },
					{ "time": 0.5, "color": "ffffffff" },
					{ "time": 0.6667, "color": "ffffff00" },
					{ "time": 0.8333, "color": "ffffffff" },
					{ "time": 1, "color": "ffffff00" },
					{ "time": 1.1667, "color": "ffffffff" },
					{ "time": 1.3333, "color": "ffffff00" },
					{ "time": 1.8, "color": "ffffff00" },
					{ "time": 1.9667, "color": "ffffffff", "curve": "stepped" },
					{ "time": 2.1333, "color": "ffffffff" },
					{ "time": 2.3, "color": "ffffff00" },
					{ "time": 3.3333, "color": "ffffffff" }
				]
			},
			"11": {
				"color": [
					{ "time": 0, "color": "ffffffff", "curve": "stepped" },
					{ "time": 0.5, "color": "ffffffff" },
					{ "time": 0.6667, "color": "ffffff00" },
					{ "time": 0.8333, "color": "ffffffff" },
					{ "time": 1, "color": "ffffff00" },
					{ "time": 1.1667, "color": "ffffffff" },
					{ "time": 1.3333, "color": "ffffff00" },
					{ "time": 1.9, "color": "ffffff00" },
					{ "time": 2.0667, "color": "ffffffff", "curve": "stepped" },
					{ "time": 2.2333, "color": "ffffffff" },
					{ "time": 2.4, "color": "ffffff00" },
					{ "time": 3.3333, "color": "ffffffff" }
				]
			},
			"12": {
				"color": [
					{ "time": 0, "color": "ffffffff", "curve": "stepped" },
					{ "time": 0.5, "color": "ffffffff" },
					{ "time": 0.6667, "color": "ffffff00" },
					{ "time": 0.8333, "color": "ffffffff" },
					{ "time": 1, "color": "ffffff00" },
					{ "time": 1.1667, "color": "ffffffff" },
					{ "time": 1.3333, "color": "ffffff00" },
					{ "time": 2, "color": "ffffff00" },
					{ "time": 2.1667, "color": "ffffffff", "curve": "stepped" },
					{ "time": 2.3333, "color": "ffffffff" },
					{ "time": 2.5, "color": "ffffff00" },
					{ "time": 3.3333, "color": "ffffffff" }
				]
			},
			"13": {
				"color": [
					{ "time": 0, "color": "ffffffff", "curve": "stepped" },
					{ "time": 0.5, "color": "ffffffff" },
					{ "time": 0.6667, "color": "ffffff00" },
					{ "time": 0.8333, "color": "ffffffff" },
					{ "time": 1, "color": "ffffff00" },
					{ "time": 1.1667, "color": "ffffffff" },
					{ "time": 1.3333, "color": "ffffff00" },
					{ "time": 2.1, "color": "ffffff00" },
					{ "time": 2.2667, "color": "ffffffff", "curve": "stepped" },
					{ "time": 2.4333, "color": "ffffffff" },
					{ "time": 2.6, "color": "ffffff00" },
					{ "time": 3.3333, "color": "ffffffff" }
				]
			},
			"14": {
				"color": [
					{ "time": 0, "color": "ffffffff", "curve": "stepped" },
					{ "time": 0.5, "color": "ffffffff" },
					{ "time": 0.6667, "color": "ffffff00" },
					{ "time": 0.8333, "color": "ffffffff" },
					{ "time": 1, "color": "ffffff00" },
					{ "time": 1.1667, "color": "ffffffff" },
					{ "time": 1.3333, "color": "ffffff00" },
					{ "time": 2.2, "color": "ffffff00" },
					{ "time": 2.3667, "color": "ffffffff", "curve": "stepped" },
					{ "time": 2.5333, "color": "ffffffff" },
					{ "time": 2.7, "color": "ffffff00" },
					{ "time": 3.3333, "color": "ffffffff" }
				]
			},
			"15": {
				"color": [
					{ "time": 0, "color": "ffffffff", "curve": "stepped" },
					{ "time": 0.5, "color": "ffffffff" },
					{ "time": 0.6667, "color": "ffffff00" },
					{ "time": 0.8333, "color": "ffffffff" },
					{ "time": 1, "color": "ffffff00" },
					{ "time": 1.1667, "color": "ffffffff" },
					{ "time": 1.3333, "color": "ffffff00" },
					{ "time": 2.3, "color": "ffffff00" },
					{ "time": 2.4667, "color": "ffffffff", "curve": "stepped" },
					{ "time": 2.6333, "color": "ffffffff" },
					{ "time": 2.8, "color": "ffffff00" },
					{ "time": 3.3333, "color": "ffffffff" }
				]
			},
			"16": {
				"color": [
					{ "time": 0, "color": "ffffffff", "curve": "stepped" },
					{ "time": 0.5, "color": "ffffffff" },
					{ "time": 0.6667, "color": "ffffff00" },
					{ "time": 0.8333, "color": "ffffffff" },
					{ "time": 1, "color": "ffffff00" },
					{ "time": 1.1667, "color": "ffffffff" },
					{ "time": 1.3333, "color": "ffffff00" },
					{ "time": 2.4, "color": "ffffff00" },
					{ "time": 2.5667, "color": "ffffffff", "curve": "stepped" },
					{ "time": 2.7333, "color": "ffffffff" },
					{ "time": 2.9, "color": "ffffff00" },
					{ "time": 3.3333, "color": "ffffffff" }
				]
			},
			"17": {
				"color": [
					{ "time": 0, "color": "ffffffff", "curve": "stepped" },
					{ "time": 0.5, "color": "ffffffff" },
					{ "time": 0.6667, "color": "ffffff00" },
					{ "time": 0.8333, "color": "ffffffff" },
					{ "time": 1, "color": "ffffff00" },
					{ "time": 1.1667, "color": "ffffffff" },
					{ "time": 1.3333, "color": "ffffff00" },
					{ "time": 2.5, "color": "ffffff00" },
					{ "time": 2.6667, "color": "ffffffff", "curve": "stepped" },
					{ "time": 2.8333, "color": "ffffffff" },
					{ "time": 3, "color": "ffffff00" },
					{ "time": 3.3333, "color": "ffffffff" }
				]
			},
			"18": {
				"color": [
					{ "time": 0, "color": "ffffffff", "curve": "stepped" },
					{ "time": 0.4333, "color": "ffffffff" },
					{ "time": 0.6, "color": "ffffff00" },
					{ "time": 0.7667, "color": "ffffffff", "curve": "stepped" },
					{ "time": 1.2333, "color": "ffffffff" },
					{ "time": 1.4, "color": "ffffff00" },
					{ "time": 1.5667, "color": "ffffffff", "curve": "stepped" },
					{ "time": 2.0667, "color": "ffffffff" },
					{ "time": 2.2333, "color": "ffffff00" },
					{ "time": 2.4, "color": "ffffffff", "curve": "stepped" },
					{ "time": 2.9333, "color": "ffffffff" },
					{ "time": 3.1, "color": "ffffff00" },
					{ "time": 3.2667, "color": "ffffffff", "curve": "stepped" },
					{ "time": 3.3333, "color": "ffffffff" }
				]
			},
			"19": {
				"color": [
					{ "time": 0, "color": "ffffffff", "curve": "stepped" },
					{ "time": 0.3, "color": "ffffffff" },
					{ "time": 0.4667, "color": "ffffff00" },
					{ "time": 0.6333, "color": "ffffffff", "curve": "stepped" },
					{ "time": 1.1, "color": "ffffffff" },
					{ "time": 1.2667, "color": "ffffff00" },
					{ "time": 1.4333, "color": "ffffffff", "curve": "stepped" },
					{ "time": 1.9333, "color": "ffffffff" },
					{ "time": 2.1, "color": "ffffff00" },
					{ "time": 2.2667, "color": "ffffffff", "curve": "stepped" },
					{ "time": 2.8, "color": "ffffffff" },
					{ "time": 2.9667, "color": "ffffff00" },
					{ "time": 3.1333, "color": "ffffffff", "curve": "stepped" },
					{ "time": 3.3333, "color": "ffffffff" }
				]
			},
			"20": {
				"color": [
					{ "time": 0, "color": "ffffffff", "curve": "stepped" },
					{ "time": 0.1667, "color": "ffffffff" },
					{ "time": 0.3333, "color": "ffffff00" },
					{ "time": 0.5, "color": "ffffffff", "curve": "stepped" },
					{ "time": 0.9667, "color": "ffffffff" },
					{ "time": 1.1333, "color": "ffffff00" },
					{ "time": 1.3, "color": "ffffffff", "curve": "stepped" },
					{ "time": 1.8, "color": "ffffffff" },
					{ "time": 1.9667, "color": "ffffff00" },
					{ "time": 2.1333, "color": "ffffffff", "curve": "stepped" },
					{ "time": 2.6667, "color": "ffffffff" },
					{ "time": 2.8333, "color": "ffffff00" },
					{ "time": 3, "color": "ffffffff", "curve": "stepped" },
					{ "time": 3.3333, "color": "ffffffff" }
				]
			},
			"21": {
				"color": [
					{ "time": 0, "color": "ffffffff", "curve": "stepped" },
					{ "time": 0.0333, "color": "ffffffff" },
					{ "time": 0.2, "color": "ffffff00" },
					{ "time": 0.3667, "color": "ffffffff", "curve": "stepped" },
					{ "time": 0.8333, "color": "ffffffff" },
					{ "time": 1, "color": "ffffff00" },
					{ "time": 1.1667, "color": "ffffffff", "curve": "stepped" },
					{ "time": 1.6667, "color": "ffffffff" },
					{ "time": 1.8333, "color": "ffffff00" },
					{ "time": 2, "color": "ffffffff", "curve": "stepped" },
					{ "time": 2.5333, "color": "ffffffff" },
					{ "time": 2.7, "color": "ffffff00" },
					{ "time": 2.8667, "color": "ffffffff", "curve": "stepped" },
					{ "time": 3.3333, "color": "ffffffff" }
				]
			},
			"23": {
				"color": [
					{ "time": 0, "color": "ffffffff" },
					{ "time": 0.1333, "color": "ffffff00" },
					{ "time": 0.2667, "color": "ffffffff" },
					{ "time": 0.3667, "color": "ffffff00" },
					{ "time": 0.5, "color": "ffffffff", "curve": "stepped" },
					{ "time": 0.7333, "color": "ffffffff" },
					{ "time": 0.8333, "color": "ffffff00" },
					{ "time": 1, "color": "ffffffff", "curve": "stepped" },
					{ "time": 1.6333, "color": "ffffffff" },
					{ "time": 1.8333, "color": "ffffff00" },
					{ "time": 1.9333, "color": "ffffffff", "curve": "stepped" },
					{ "time": 2.3333, "color": "ffffffff" },
					{ "time": 2.4667, "color": "ffffff00" },
					{ "time": 2.6667, "color": "ffffffff", "curve": "stepped" },
					{ "time": 3, "color": "ffffffff" },
					{ "time": 3.1333, "color": "ffffff00" },
					{ "time": 3.3333, "color": "ffffffff" }
				]
			},
			"24": {
				"color": [
					{ "time": 0, "color": "ffffff00" },
					{ "time": 0.0667, "color": "ffffffff", "curve": "stepped" },
					{ "time": 0.1667, "color": "ffffffff" },
					{ "time": 0.3, "color": "ffffff00", "curve": "stepped" },
					{ "time": 0.5333, "color": "ffffff00" },
					{ "time": 0.6667, "color": "ffffffff" },
					{ "time": 0.8, "color": "ffffff00" },
					{ "time": 1, "color": "ffffffff" },
					{ "time": 1.1333, "color": "ffffff00", "curve": "stepped" },
					{ "time": 1.6333, "color": "ffffff00" },
					{ "time": 1.7667, "color": "ffffffff", "curve": "stepped" },
					{ "time": 2.0333, "color": "ffffffff" },
					{ "time": 2.2667, "color": "ffffff00", "curve": "stepped" },
					{ "time": 2.6667, "color": "ffffff00" },
					{ "time": 2.8, "color": "ffffffff" },
					{ "time": 3.0333, "color": "ffffff00", "curve": "stepped" },
					{ "time": 3.3333, "color": "ffffff00" }
				]
			},
			"25": {
				"color": [
					{ "time": 0, "color": "ffffff00" },
					{ "time": 0.1, "color": "ffffffff" },
					{ "time": 0.2333, "color": "ffffff00" },
					{ "time": 0.3333, "color": "ffffffff", "curve": "stepped" },
					{ "time": 0.5667, "color": "ffffffff" },
					{ "time": 0.7333, "color": "ffffff00" },
					{ "time": 0.8333, "color": "ffffffff", "curve": "stepped" },
					{ "time": 1.0667, "color": "ffffffff" },
					{ "time": 1.1667, "color": "ffffff00" },
					{ "time": 1.3, "color": "ffffffff" },
					{ "time": 1.4667, "color": "ffffff00", "curve": "stepped" },
					{ "time": 1.8333, "color": "ffffff00" },
					{ "time": 2.0333, "color": "ffffffff", "curve": "stepped" },
					{ "time": 2.3333, "color": "ffffffff" },
					{ "time": 2.4, "color": "ffffff00" },
					{ "time": 2.5, "color": "ffffffff" },
					{ "time": 2.6667, "color": "ffffff00" },
					{ "time": 3, "color": "ffffffff" },
					{ "time": 3.3333, "color": "ffffff00" }
				]
			},
			"26": {
				"color": [
					{ "time": 0, "color": "ffffffff", "curve": "stepped" },
					{ "time": 0.2667, "color": "ffffffff" },
					{ "time": 0.4667, "color": "ffffff00", "curve": "stepped" },
					{ "time": 0.8667, "color": "ffffff00" },
					{ "time": 1.0667, "color": "ffffffff", "curve": "stepped" },
					{ "time": 1.4667, "color": "ffffffff" },
					{ "time": 1.7333, "color": "ffffff00", "curve": "stepped" },
					{ "time": 2.0333, "color": "ffffff00" },
					{ "time": 2.2, "color": "ffffffff" },
					{ "time": 2.4, "color": "ffffff00" },
					{ "time": 2.6, "color": "ffffffff" },
					{ "time": 2.8, "color": "ffffff00" },
					{ "time": 2.9333, "color": "ffffffff", "curve": "stepped" },
					{ "time": 3.3333, "color": "ffffffff" }
				]
			},
			"27": {
				"color": [
					{ "time": 0, "color": "ffffffff", "curve": "stepped" },
					{ "time": 0.1667, "color": "ffffffff" },
					{ "time": 0.2667, "color": "ffffff00" },
					{ "time": 0.4667, "color": "ffffffff", "curve": "stepped" },
					{ "time": 1.1, "color": "ffffffff" },
					{ "time": 1.2333, "color": "ffffff00" },
					{ "time": 1.3667, "color": "ffffffff" },
					{ "time": 1.5, "color": "ffffff00" },
					{ "time": 1.6667, "color": "ffffffff" },
					{ "time": 1.8, "color": "ffffff00" },
					{ "time": 2.1333, "color": "ffffffff", "curve": "stepped" },
					{ "time": 2.6667, "color": "ffffffff" },
					{ "time": 2.9, "color": "ffffff00" },
					{ "time": 3.1333, "color": "ffffffff", "curve": "stepped" },
					{ "time": 3.3333, "color": "ffffffff" }
				]
			},
			"29": {
				"color": [
					{ "time": 0, "color": "ffffffff", "curve": "stepped" },
					{ "time": 0.2667, "color": "ffffffff" },
					{ "time": 0.4333, "color": "ffffff00" },
					{ "time": 0.6, "color": "ffffffff", "curve": "stepped" },
					{ "time": 0.8333, "color": "ffffffff" },
					{ "time": 1, "color": "ffffff00" },
					{ "time": 1.1667, "color": "ffffffff", "curve": "stepped" },
					{ "time": 1.6, "color": "ffffffff" },
					{ "time": 1.7667, "color": "ffffff00" },
					{ "time": 1.9333, "color": "ffffffff", "curve": "stepped" },
					{ "time": 2.1667, "color": "ffffffff" },
					{ "time": 2.3333, "color": "ffffff00" },
					{ "time": 2.5, "color": "ffffffff", "curve": "stepped" },
					{ "time": 2.9333, "color": "ffffffff" },
					{ "time": 3.1, "color": "ffffff00" },
					{ "time": 3.2667, "color": "ffffffff", "curve": "stepped" },
					{ "time": 3.3333, "color": "ffffffff" }
				]
			},
			"30": {
				"color": [
					{ "time": 0, "color": "ffffffff", "curve": "stepped" },
					{ "time": 0.1667, "color": "ffffffff" },
					{ "time": 0.3333, "color": "ffffff00" },
					{ "time": 0.5, "color": "ffffffff", "curve": "stepped" },
					{ "time": 0.9333, "color": "ffffffff" },
					{ "time": 1.1, "color": "ffffff00" },
					{ "time": 1.2667, "color": "ffffffff", "curve": "stepped" },
					{ "time": 1.5, "color": "ffffffff" },
					{ "time": 1.6667, "color": "ffffff00" },
					{ "time": 1.8333, "color": "ffffffff", "curve": "stepped" },
					{ "time": 2.2667, "color": "ffffffff" },
					{ "time": 2.4333, "color": "ffffff00" },
					{ "time": 2.6, "color": "ffffffff", "curve": "stepped" },
					{ "time": 2.8333, "color": "ffffffff" },
					{ "time": 3, "color": "ffffff00" },
					{ "time": 3.1667, "color": "ffffffff", "curve": "stepped" },
					{ "time": 3.3333, "color": "ffffffff" }
				]
			},
			"31": {
				"color": [
					{ "time": 0, "color": "ffffffff", "curve": "stepped" },
					{ "time": 1, "color": "ffffffff" },
					{ "time": 1.1667, "color": "ffffff00" },
					{ "time": 1.3333, "color": "ffffffff", "curve": "stepped" },
					{ "time": 2.1667, "color": "ffffffff" },
					{ "time": 2.3333, "color": "ffffff00" },
					{ "time": 2.5, "color": "ffffffff", "curve": "stepped" },
					{ "time": 3.3333, "color": "ffffffff" }
				]
			},
			"32": {
				"color": [
					{ "time": 0, "color": "ffffffff", "curve": "stepped" },
					{ "time": 0.1667, "color": "ffffffff" },
					{ "time": 0.3333, "color": "ffffff00" },
					{ "time": 0.5, "color": "ffffffff", "curve": "stepped" },
					{ "time": 2.9, "color": "ffffffff" },
					{ "time": 3.0667, "color": "ffffff00" },
					{ "time": 3.2333, "color": "ffffffff", "curve": "stepped" },
					{ "time": 3.3333, "color": "ffffffff" }
				]
			},
			"33": {
				"color": [
					{ "time": 0, "color": "ffffffff", "curve": "stepped" },
					{ "time": 0.5, "color": "ffffffff" },
					{ "time": 0.6667, "color": "ffffff00" },
					{ "time": 0.8333, "color": "ffffffff", "curve": "stepped" },
					{ "time": 2.7, "color": "ffffffff" },
					{ "time": 2.8667, "color": "ffffff00" },
					{ "time": 3.0333, "color": "ffffffff", "curve": "stepped" },
					{ "time": 3.3333, "color": "ffffffff" }
				]
			},
			"34": {
				"color": [
					{ "time": 0, "color": "ffffffff", "curve": "stepped" },
					{ "time": 0.3333, "color": "ffffffff" },
					{ "time": 0.4667, "color": "ffffff00" },
					{ "time": 0.5667, "color": "ffffffff", "curve": "stepped" },
					{ "time": 1.5667, "color": "ffffffff" },
					{ "time": 1.7333, "color": "ffffff00", "curve": "stepped" },
					{ "time": 2.0667, "color": "ffffff00", "curve": "stepped" },
					{ "time": 2.2667, "color": "ffffff00" },
					{ "time": 2.4667, "color": "ffffffff", "curve": "stepped" },
					{ "time": 2.9333, "color": "ffffffff" },
					{ "time": 3.0333, "color": "ffffff00" },
					{ "time": 3.1667, "color": "ffffffff", "curve": "stepped" },
					{ "time": 3.3333, "color": "ffffffff" }
				]
			},
			"38": {
				"color": [
					{ "time": 0, "color": "ffffffff", "curve": "stepped" },
					{ "time": 0.3333, "color": "ffffffff" },
					{ "time": 0.5, "color": "ffffff00" },
					{ "time": 0.6667, "color": "ffffffff", "curve": "stepped" },
					{ "time": 1, "color": "ffffffff" },
					{ "time": 1.1667, "color": "ffffff00" },
					{ "time": 1.3333, "color": "ffffffff", "curve": "stepped" },
					{ "time": 2.1667, "color": "ffffffff" },
					{ "time": 2.3333, "color": "ffffff00" },
					{ "time": 2.5, "color": "ffffffff", "curve": "stepped" },
					{ "time": 3.3333, "color": "ffffffff" }
				]
			},
			"39": {
				"color": [
					{ "time": 0, "color": "ffffffff", "curve": "stepped" },
					{ "time": 0.3333, "color": "ffffffff" },
					{ "time": 0.5, "color": "ffffff00" },
					{ "time": 0.6667, "color": "ffffffff", "curve": "stepped" },
					{ "time": 1.1667, "color": "ffffffff" },
					{ "time": 1.3333, "color": "ffffff00" },
					{ "time": 1.5, "color": "ffffffff", "curve": "stepped" },
					{ "time": 2, "color": "ffffffff" },
					{ "time": 2.1667, "color": "ffffff00" },
					{ "time": 2.3333, "color": "ffffffff", "curve": "stepped" },
					{ "time": 3.3333, "color": "ffffffff" }
				]
			},
			"40": {
				"color": [
					{ "time": 0, "color": "ffffffff", "curve": "stepped" },
					{ "time": 0.1667, "color": "ffffffff" },
					{ "time": 0.3333, "color": "ffffff00", "curve": "stepped" },
					{ "time": 0.5, "color": "ffffff00" },
					{ "time": 0.6667, "color": "ffffffff", "curve": "stepped" },
					{ "time": 1.2667, "color": "ffffffff" },
					{ "time": 1.4333, "color": "ffffff00", "curve": "stepped" },
					{ "time": 1.6, "color": "ffffff00" },
					{ "time": 1.7667, "color": "ffffffff", "curve": "stepped" },
					{ "time": 2.3667, "color": "ffffffff" },
					{ "time": 2.5333, "color": "ffffff00", "curve": "stepped" },
					{ "time": 2.7, "color": "ffffff00" },
					{ "time": 2.8667, "color": "ffffffff", "curve": "stepped" },
					{ "time": 3.3333, "color": "ffffffff" }
				]
			},
			"41": {
				"color": [
					{ "time": 0, "color": "ffffffff", "curve": "stepped" },
					{ "time": 0.2667, "color": "ffffffff" },
					{ "time": 0.4333, "color": "ffffff00", "curve": "stepped" },
					{ "time": 0.6, "color": "ffffff00" },
					{ "time": 0.7667, "color": "ffffffff", "curve": "stepped" },
					{ "time": 1.3667, "color": "ffffffff" },
					{ "time": 1.5333, "color": "ffffff00", "curve": "stepped" },
					{ "time": 1.7, "color": "ffffff00" },
					{ "time": 1.8667, "color": "ffffffff", "curve": "stepped" },
					{ "time": 2.4667, "color": "ffffffff" },
					{ "time": 2.6333, "color": "ffffff00", "curve": "stepped" },
					{ "time": 2.8, "color": "ffffff00" },
					{ "time": 2.9667, "color": "ffffffff", "curve": "stepped" },
					{ "time": 3.3333, "color": "ffffffff" }
				]
			},
			"42": {
				"color": [
					{ "time": 0, "color": "ffffffff", "curve": "stepped" },
					{ "time": 0.3667, "color": "ffffffff" },
					{ "time": 0.5333, "color": "ffffff00", "curve": "stepped" },
					{ "time": 0.7, "color": "ffffff00" },
					{ "time": 0.8667, "color": "ffffffff", "curve": "stepped" },
					{ "time": 1.4667, "color": "ffffffff" },
					{ "time": 1.6333, "color": "ffffff00", "curve": "stepped" },
					{ "time": 1.8, "color": "ffffff00" },
					{ "time": 1.9667, "color": "ffffffff", "curve": "stepped" },
					{ "time": 2.5667, "color": "ffffffff" },
					{ "time": 2.7333, "color": "ffffff00", "curve": "stepped" },
					{ "time": 2.9, "color": "ffffff00" },
					{ "time": 3.0667, "color": "ffffffff", "curve": "stepped" },
					{ "time": 3.3333, "color": "ffffffff" }
				]
			},
			"43": {
				"color": [
					{ "time": 0, "color": "ffffffff", "curve": "stepped" },
					{ "time": 0.4667, "color": "ffffffff" },
					{ "time": 0.6333, "color": "ffffff00", "curve": "stepped" },
					{ "time": 0.8, "color": "ffffff00" },
					{ "time": 0.9667, "color": "ffffffff", "curve": "stepped" },
					{ "time": 1.5667, "color": "ffffffff" },
					{ "time": 1.7333, "color": "ffffff00", "curve": "stepped" },
					{ "time": 1.9, "color": "ffffff00" },
					{ "time": 2.0667, "color": "ffffffff", "curve": "stepped" },
					{ "time": 2.6667, "color": "ffffffff" },
					{ "time": 2.8333, "color": "ffffff00", "curve": "stepped" },
					{ "time": 3, "color": "ffffff00" },
					{ "time": 3.1667, "color": "ffffffff", "curve": "stepped" },
					{ "time": 3.3333, "color": "ffffffff" }
				]
			},
			"7": {
				"color": [
					{ "time": 0, "color": "ffffffff", "curve": "stepped" },
					{ "time": 0.5, "color": "ffffffff" },
					{ "time": 0.6667, "color": "ffffff00" },
					{ "time": 0.8333, "color": "ffffffff" },
					{ "time": 1, "color": "ffffff00" },
					{ "time": 1.1667, "color": "ffffffff" },
					{ "time": 1.3333, "color": "ffffff00" },
					{ "time": 1.5, "color": "ffffff00" },
					{ "time": 1.6667, "color": "ffffffff", "curve": "stepped" },
					{ "time": 1.8333, "color": "ffffffff" },
					{ "time": 2, "color": "ffffff00" },
					{ "time": 3.3333, "color": "ffffffff" }
				]
			},
			"8": {
				"color": [
					{ "time": 0, "color": "ffffffff", "curve": "stepped" },
					{ "time": 0.5, "color": "ffffffff" },
					{ "time": 0.6667, "color": "ffffff00" },
					{ "time": 0.8333, "color": "ffffffff" },
					{ "time": 1, "color": "ffffff00" },
					{ "time": 1.1667, "color": "ffffffff" },
					{ "time": 1.3333, "color": "ffffff00" },
					{ "time": 1.6, "color": "ffffff00" },
					{ "time": 1.7667, "color": "ffffffff", "curve": "stepped" },
					{ "time": 1.9333, "color": "ffffffff" },
					{ "time": 2.1, "color": "ffffff00" },
					{ "time": 3.3333, "color": "ffffffff" }
				]
			},
			"9": {
				"color": [
					{ "time": 0, "color": "ffffffff", "curve": "stepped" },
					{ "time": 0.5, "color": "ffffffff" },
					{ "time": 0.6667, "color": "ffffff00" },
					{ "time": 0.8333, "color": "ffffffff" },
					{ "time": 1, "color": "ffffff00" },
					{ "time": 1.1667, "color": "ffffffff" },
					{ "time": 1.3333, "color": "ffffff00" },
					{ "time": 1.7, "color": "ffffff00" },
					{ "time": 1.8667, "color": "ffffffff", "curve": "stepped" },
					{ "time": 2.0333, "color": "ffffffff" },
					{ "time": 2.2, "color": "ffffff00" },
					{ "time": 3.3333, "color": "ffffffff" }
				]
			},
			"daguang": {
				"color": [
					{ "time": 0, "color": "0055ff53" },
					{ "time": 0.1333, "color": "0055ff22" },
					{ "time": 0.3, "color": "0055ff53", "curve": "stepped" },
					{ "time": 1.0667, "color": "0055ff53" },
					{ "time": 1.2, "color": "0055ff22" },
					{ "time": 1.3667, "color": "0055ff53", "curve": "stepped" },
					{ "time": 2.2667, "color": "0055ff53" },
					{ "time": 2.4, "color": "0055ff22" },
					{ "time": 2.5667, "color": "0055ff53", "curve": "stepped" },
					{ "time": 3.3333, "color": "0055ff53" }
				]
			},
			"guang": {
				"color": [
					{ "time": 0, "color": "5186ffa0", "curve": "stepped" },
					{ "time": 0.3667, "color": "5186ffa0" },
					{ "time": 0.5333, "color": "5186ff00" },
					{ "time": 0.7333, "color": "5186ffa0", "curve": "stepped" },
					{ "time": 1.7, "color": "5186ffa0" },
					{ "time": 1.8667, "color": "5186ff00" },
					{ "time": 2.0667, "color": "5186ffa0", "curve": "stepped" },
					{ "time": 2.9667, "color": "5186ffa0" },
					{ "time": 3.1333, "color": "5186ff00" },
					{ "time": 3.3, "color": "5186ffa0", "curve": "stepped" },
					{ "time": 3.3333, "color": "5186ffa0" }
				]
			}
		},
		"bones": {
			"2.2": {
				"rotate": [
					{
						"time": 0,
						"angle": 0,
						"curve": [ 0.25, 0, 0.75, 1 ]
					},
					{
						"time": 1.6667,
						"angle": 10.6,
						"curve": [ 0.25, 0, 0.75, 1 ]
					},
					{ "time": 3.3333, "angle": 0 }
				],
				"translate": [
					{ "time": 0, "x": 0, "y": 0, "curve": "stepped" },
					{ "time": 1.6667, "x": 0, "y": 0, "curve": "stepped" },
					{ "time": 3.3333, "x": 0, "y": 0 }
				],
				"scale": [
					{ "time": 0, "x": 1, "y": 1, "curve": "stepped" },
					{ "time": 1.6667, "x": 1, "y": 1, "curve": "stepped" },
					{ "time": 3.3333, "x": 1, "y": 1 }
				],
				"shear": [
					{ "time": 0, "x": 0, "y": 0, "curve": "stepped" },
					{ "time": 1.6667, "x": 0, "y": 0, "curve": "stepped" },
					{ "time": 3.3333, "x": 0, "y": 0 }
				]
			},
			"2.1": {
				"rotate": [
					{
						"time": 0,
						"angle": 0,
						"curve": [ 0.25, 0, 0.75, 1 ]
					},
					{
						"time": 1.6667,
						"angle": -12.43,
						"curve": [ 0.25, 0, 0.75, 1 ]
					},
					{ "time": 3.3333, "angle": 0 }
				],
				"translate": [
					{ "time": 0, "x": 0, "y": 0, "curve": "stepped" },
					{ "time": 1.6667, "x": 0, "y": 0, "curve": "stepped" },
					{ "time": 3.3333, "x": 0, "y": 0 }
				],
				"scale": [
					{ "time": 0, "x": 1, "y": 1, "curve": "stepped" },
					{ "time": 1.6667, "x": 1, "y": 1, "curve": "stepped" },
					{ "time": 3.3333, "x": 1, "y": 1 }
				],
				"shear": [
					{ "time": 0, "x": 0, "y": 0, "curve": "stepped" },
					{ "time": 1.6667, "x": 0, "y": 0, "curve": "stepped" },
					{ "time": 3.3333, "x": 0, "y": 0 }
				]
			},
			"28": {
				"rotate": [
					{ "time": 0, "angle": 0, "curve": "stepped" },
					{ "time": 1.6667, "angle": 0, "curve": "stepped" },
					{ "time": 3.3333, "angle": 0 }
				],
				"translate": [
					{ "time": 0, "x": 0, "y": 0, "curve": "stepped" },
					{ "time": 1.6667, "x": 0, "y": 0, "curve": "stepped" },
					{ "time": 3.3333, "x": 0, "y": 0 }
				],
				"scale": [
					{
						"time": 0,
						"x": 1,
						"y": 1,
						"curve": [ 0.25, 0, 0.75, 1 ]
					},
					{
						"time": 0.8333,
						"x": 0.9,
						"y": 0.9,
						"curve": [ 0.25, 0, 0.75, 1 ]
					},
					{
						"time": 1.6667,
						"x": 1,
						"y": 1,
						"curve": [ 0.25, 0, 0.75, 1 ]
					},
					{
						"time": 2.5,
						"x": 0.9,
						"y": 0.9,
						"curve": [ 0.25, 0, 0.75, 1 ]
					},
					{ "time": 3.3333, "x": 1, "y": 1 }
				],
				"shear": [
					{ "time": 0, "x": 0, "y": 0, "curve": "stepped" },
					{ "time": 1.6667, "x": 0, "y": 0, "curve": "stepped" },
					{ "time": 3.3333, "x": 0, "y": 0 }
				]
			}
		}
	}
}
}