{
"skeleton": { "hash": "TtJBbbncN1vI4ja8Ba5fR/Yv1Hc", "spine": "3.7.93", "width": 646, "height": 246 },
"bones": [
	{ "name": "root" },
	{ "name": "zong", "parent": "root", "x": -418.31, "y": 217.04 },
	{ "name": "caidai7", "parent": "zong", "x": 139.02, "y": 168.59 },
	{ "name": "caidai8", "parent": "zong", "x": 225.07, "y": 194.04 },
	{ "name": "caidai6", "parent": "zong", "x": 310.86, "y": 232.57 },
	{ "name": "caidai3", "parent": "zong", "x": 488.97, "y": 222.39 },
	{ "name": "caidai5", "parent": "zong", "x": 478.79, "y": 180.95 },
	{ "name": "caidai4", "parent": "zong", "x": 567.49, "y": 197.67 },
	{ "name": "caidai9", "parent": "zong", "x": 677.18, "y": 180.73 },
	{ "name": "hezi", "parent": "zong", "length": 92.34, "rotation": 90, "x": 408.41, "y": 174.88 },
	{ "name": "cai1", "parent": "zong", "length": 92.08, "rotation": -171.05, "x": 419.74, "y": 187.16 },
	{ "name": "cai2", "parent": "zong", "length": 91.28, "rotation": -169.38, "x": 427.11, "y": 213.95 },
	{ "name": "cai3", "parent": "zong", "length": 84.85, "rotation": -172.41, "x": 422.12, "y": 227.03 },
	{ "name": "cai4", "parent": "zong", "length": 102.66, "rotation": -174.43, "x": 425.86, "y": 240.74 },
	{ "name": "cai5", "parent": "zong", "length": 92.08, "rotation": -171.05, "x": 419.74, "y": 187.16 },
	{ "name": "cai6", "parent": "zong", "length": 91.28, "rotation": -169.38, "x": 427.11, "y": 213.95 },
	{ "name": "cai7", "parent": "zong", "length": 84.85, "rotation": -172.41, "x": 422.12, "y": 227.03 },
	{ "name": "cai8", "parent": "zong", "length": 102.66, "rotation": -174.43, "x": 425.86, "y": 240.74 }
],
"slots": [
	{ "name": "cai4", "bone": "cai4", "attachment": "cai4" },
	{ "name": "cai8", "bone": "cai8", "attachment": "cai4", "blend": "additive" },
	{ "name": "cai3", "bone": "cai3", "attachment": "cai3" },
	{ "name": "cai7", "bone": "cai7", "attachment": "cai3", "blend": "additive" },
	{ "name": "cai2", "bone": "cai2", "attachment": "cai2" },
	{ "name": "cai6", "bone": "cai6", "attachment": "cai2", "blend": "additive" },
	{ "name": "cai1", "bone": "cai1", "attachment": "cai1" },
	{ "name": "cai5", "bone": "cai5", "attachment": "cai1", "blend": "additive" },
	{ "name": "caidaiguang", "bone": "zong", "attachment": "caidaiguang", "blend": "additive" },
	{ "name": "caidai8", "bone": "caidai8", "attachment": "caidai8" },
	{ "name": "caidai7", "bone": "caidai7", "attachment": "caidai7" },
	{ "name": "caidai6", "bone": "caidai6", "attachment": "caidai6" },
	{ "name": "caidai5", "bone": "caidai5", "attachment": "caidai5" },
	{ "name": "caidai4", "bone": "caidai4", "attachment": "caidai4" },
	{ "name": "caidai3", "bone": "caidai3", "attachment": "caidai3" },
	{ "name": "caidai2", "bone": "caidai9", "attachment": "caidai2" },
	{ "name": "hezi", "bone": "hezi", "attachment": "hezi" }
],
"skins": {
	"default": {
		"cai1": {
			"cai1": { "x": 31.57, "y": 44.67, "rotation": 171.05, "width": 407, "height": 136 }
		},
		"cai2": {
			"cai2": { "x": 33.15, "y": 37.87, "rotation": 169.38, "width": 411, "height": 99 }
		},
		"cai3": {
			"cai3": { "x": 45, "y": 60.5, "rotation": 172.41, "width": 463, "height": 144 }
		},
		"cai4": {
			"cai4": { "x": 17.79, "y": 34.56, "rotation": 174.43, "width": 423, "height": 85 }
		},
		"cai5": {
			"cai1": { "x": 31.57, "y": 44.67, "rotation": 171.05, "width": 407, "height": 136 }
		},
		"cai6": {
			"cai2": { "x": 33.15, "y": 37.87, "rotation": 169.38, "width": 411, "height": 99 }
		},
		"cai7": {
			"cai3": { "x": 45, "y": 60.5, "rotation": 172.41, "width": 463, "height": 144 }
		},
		"cai8": {
			"cai4": { "x": 17.79, "y": 34.56, "rotation": 174.43, "width": 423, "height": 85 }
		},
		"caidai2": {
			"caidai2": { "x": -1.17, "y": -2.61, "width": 42, "height": 36 }
		},
		"caidai3": {
			"caidai3": { "x": 0.54, "y": 1.23, "width": 37, "height": 33 }
		},
		"caidai4": {
			"caidai4": { "x": 1.02, "y": -0.06, "width": 37, "height": 27 }
		},
		"caidai5": {
			"caidai5": { "x": -0.79, "y": 1.17, "width": 26, "height": 24 }
		},
		"caidai6": {
			"caidai6": { "x": 1.15, "y": 0.55, "width": 46, "height": 40 }
		},
		"caidai7": {
			"caidai7": { "x": -0.51, "y": 0.03, "width": 31, "height": 29 }
		},
		"caidai8": {
			"caidai8": { "x": 3.94, "y": -3.42, "width": 58, "height": 51 }
		},
		"caidaiguang": {
			"caidaiguang": { "x": 396.51, "y": 174.12, "scaleX": 2, "scaleY": 2, "width": 323, "height": 123 }
		},
		"hezi": {
			"hezi": { "x": 6.74, "y": 0.4, "rotation": -90, "width": 126, "height": 125 }
		}
	}
},
"animations": {
	"caihong": {
		"slots": {
			"cai5": {
				"color": [
					{ "time": 0, "color": "ffffff00", "curve": "stepped" },
					{ "time": 0.0333, "color": "ffffff00" },
					{ "time": 0.3333, "color": "ffffff64", "curve": "stepped" },
					{ "time": 0.5, "color": "ffffff64" },
					{ "time": 1, "color": "ffffff00", "curve": "stepped" },
					{ "time": 3, "color": "ffffff00" }
				]
			},
			"cai6": {
				"color": [
					{ "time": 0, "color": "ffffff00", "curve": "stepped" },
					{ "time": 0.3667, "color": "ffffff00" },
					{ "time": 0.6667, "color": "ffffff64", "curve": "stepped" },
					{ "time": 0.8333, "color": "ffffff64" },
					{ "time": 1.3333, "color": "ffffff00", "curve": "stepped" },
					{ "time": 3, "color": "ffffff00" }
				]
			},
			"cai7": {
				"color": [
					{ "time": 0, "color": "ffffff00", "curve": "stepped" },
					{ "time": 0.7, "color": "ffffff00" },
					{ "time": 1, "color": "ffffff64", "curve": "stepped" },
					{ "time": 1.1667, "color": "ffffff64" },
					{ "time": 1.6667, "color": "ffffff00", "curve": "stepped" },
					{ "time": 3, "color": "ffffff00" }
				]
			},
			"cai8": {
				"color": [
					{ "time": 0, "color": "ffffff00", "curve": "stepped" },
					{ "time": 1.0333, "color": "ffffff00" },
					{ "time": 1.3333, "color": "ffffff64", "curve": "stepped" },
					{ "time": 1.5, "color": "ffffff64" },
					{ "time": 2, "color": "ffffff00", "curve": "stepped" },
					{ "time": 3, "color": "ffffff00" }
				]
			},
			"caidaiguang": {
				"color": [
					{ "time": 0, "color": "ffffffb6" },
					{ "time": 0.3333, "color": "ffffff84" },
					{ "time": 1.1, "color": "ffffffb6" },
					{ "time": 1.8, "color": "ffffffb4" },
					{ "time": 2.5333, "color": "ffffffb6", "curve": "stepped" },
					{ "time": 3, "color": "ffffffb6" }
				]
			}
		},
		"bones": {
			"hezi": {
				"rotate": [
					{ "time": 0, "angle": 0, "curve": "stepped" },
					{ "time": 3, "angle": 0 }
				],
				"translate": [
					{
						"time": 0,
						"x": 0,
						"y": 0,
						"curve": [ 0.25, 0, 0.75, 1 ]
					},
					{
						"time": 1.5,
						"x": 0,
						"y": -6.98,
						"curve": [ 0.25, 0, 0.75, 1 ]
					},
					{ "time": 3, "x": 0, "y": 0 }
				],
				"scale": [
					{ "time": 0, "x": 1, "y": 1, "curve": "stepped" },
					{ "time": 3, "x": 1, "y": 1 }
				],
				"shear": [
					{
						"time": 0,
						"x": 0,
						"y": 0,
						"curve": [ 0.25, 0, 0.75, 1 ]
					},
					{
						"time": 1.5,
						"x": 5,
						"y": 5,
						"curve": [ 0.25, 0, 0.75, 1 ]
					},
					{ "time": 3, "x": 0, "y": 0 }
				]
			},
			"caidai6": {
				"rotate": [
					{ "time": 0, "angle": 0, "curve": "stepped" },
					{ "time": 3, "angle": 0 }
				],
				"translate": [
					{ "time": 0, "x": 0, "y": 0 },
					{ "time": 1.0667, "x": 5.07, "y": -13.52 },
					{ "time": 3, "x": 0, "y": 0 }
				],
				"scale": [
					{ "time": 0, "x": 1, "y": 1, "curve": "stepped" },
					{ "time": 3, "x": 1, "y": 1 }
				],
				"shear": [
					{ "time": 0, "x": 0, "y": 0, "curve": "stepped" },
					{ "time": 3, "x": 0, "y": 0 }
				]
			},
			"caidai8": {
				"rotate": [
					{ "time": 0, "angle": 0, "curve": "stepped" },
					{ "time": 0.5, "angle": 0, "curve": "stepped" },
					{ "time": 3, "angle": 0 }
				],
				"translate": [
					{
						"time": 0,
						"x": 6.48,
						"y": -1.86,
						"curve": [ 0.373, 0.49, 0.751, 1 ]
					},
					{ "time": 0.5, "x": 0, "y": 0 },
					{
						"time": 1.2667,
						"x": -8.45,
						"y": 15.21,
						"curve": [ 0.25, 0, 0.75, 1 ]
					},
					{
						"time": 2.5333,
						"x": 12.4,
						"y": -3.56,
						"curve": [ 0.251, 0, 0.623, 0.49 ]
					},
					{ "time": 3, "x": 6.48, "y": -1.86 }
				],
				"scale": [
					{
						"time": 0,
						"x": 1.028,
						"y": 1.028,
						"curve": [ 0.382, 0.57, 0.735, 1 ]
					},
					{ "time": 0.5, "x": 1, "y": 1 },
					{
						"time": 2,
						"x": 1.1,
						"y": 1.1,
						"curve": [ 0.243, 0, 0.649, 0.6 ]
					},
					{ "time": 3, "x": 1.028, "y": 1.028 }
				],
				"shear": [
					{
						"time": 0,
						"x": 1.42,
						"y": 1.42,
						"curve": [ 0.382, 0.57, 0.735, 1 ]
					},
					{
						"time": 0.5,
						"x": 0,
						"y": 0,
						"curve": [ 0.25, 0, 0.75, 1 ]
					},
					{
						"time": 2,
						"x": 5,
						"y": 5,
						"curve": [ 0.243, 0, 0.649, 0.6 ]
					},
					{ "time": 3, "x": 1.42, "y": 1.42 }
				]
			},
			"caidai7": {
				"rotate": [
					{ "time": 0, "angle": 0, "curve": "stepped" },
					{ "time": 3, "angle": 0 }
				],
				"translate": [
					{ "time": 0, "x": 0, "y": 0 },
					{ "time": 1.5667, "x": -0.85, "y": -10.14 },
					{ "time": 2.2, "x": -8.08, "y": 0.26 },
					{ "time": 3, "x": 0, "y": 0 }
				],
				"scale": [
					{ "time": 0, "x": 1, "y": 1, "curve": "stepped" },
					{ "time": 3, "x": 1, "y": 1 }
				],
				"shear": [
					{ "time": 0, "x": 0, "y": 0, "curve": "stepped" },
					{ "time": 3, "x": 0, "y": 0 }
				]
			},
			"caidai5": {
				"rotate": [
					{ "time": 0, "angle": 0, "curve": "stepped" },
					{ "time": 3, "angle": 0 }
				],
				"translate": [
					{ "time": 0, "x": 0, "y": 0, "curve": "stepped" },
					{ "time": 3, "x": 0, "y": 0 }
				],
				"scale": [
					{ "time": 0, "x": 1, "y": 1, "curve": "stepped" },
					{ "time": 3, "x": 1, "y": 1 }
				],
				"shear": [
					{ "time": 0, "x": 0, "y": 0, "curve": "stepped" },
					{ "time": 3, "x": 0, "y": 0 }
				]
			},
			"caidai3": {
				"rotate": [
					{
						"time": 0,
						"angle": 0,
						"curve": [ 0.25, 0, 0.75, 1 ]
					},
					{
						"time": 1.3667,
						"angle": 10,
						"curve": [ 0.25, 0, 0.75, 1 ]
					},
					{ "time": 3, "angle": 0 }
				],
				"translate": [
					{
						"time": 0,
						"x": 0,
						"y": 0,
						"curve": [ 0.25, 0, 0.75, 1 ]
					},
					{
						"time": 1.0667,
						"x": 0.85,
						"y": 18.59,
						"curve": [ 0.25, 0, 0.75, 1 ]
					},
					{ "time": 3, "x": 0, "y": 0 }
				],
				"scale": [
					{ "time": 0, "x": 1, "y": 1, "curve": "stepped" },
					{ "time": 3, "x": 1, "y": 1 }
				],
				"shear": [
					{ "time": 0, "x": 0, "y": 0, "curve": "stepped" },
					{ "time": 3, "x": 0, "y": 0 }
				]
			},
			"caidai4": {
				"rotate": [
					{ "time": 0, "angle": 0, "curve": "stepped" },
					{ "time": 0.6667, "angle": 0, "curve": "stepped" },
					{ "time": 3, "angle": 0 }
				],
				"translate": [
					{
						"time": 0,
						"x": -5.07,
						"y": -7.07,
						"curve": [ 0.329, 0.32, 0.758, 1 ]
					},
					{ "time": 0.6667, "x": 0, "y": 0 },
					{
						"time": 1.7333,
						"x": 10.98,
						"y": 0,
						"curve": [ 0.25, 0, 0.75, 1 ]
					},
					{
						"time": 2.8,
						"x": -6.06,
						"y": -8.45,
						"curve": [ 0.279, 0, 0.622, 0.39 ]
					},
					{ "time": 3, "x": -5.07, "y": -7.07 }
				],
				"scale": [
					{ "time": 0, "x": 1, "y": 1, "curve": "stepped" },
					{ "time": 0.6667, "x": 1, "y": 1, "curve": "stepped" },
					{ "time": 3, "x": 1, "y": 1 }
				],
				"shear": [
					{ "time": 0, "x": 0, "y": 0, "curve": "stepped" },
					{ "time": 0.6667, "x": 0, "y": 0, "curve": "stepped" },
					{ "time": 3, "x": 0, "y": 0 }
				]
			},
			"caidai9": {
				"rotate": [
					{ "time": 0, "angle": 0, "curve": "stepped" },
					{ "time": 3, "angle": 0 }
				],
				"translate": [
					{
						"time": 0,
						"x": 0,
						"y": 0,
						"curve": [ 0.25, 0, 0.75, 1 ]
					},
					{
						"time": 0.8333,
						"x": -1.69,
						"y": 13.52,
						"curve": [ 0.25, 0, 0.75, 1 ]
					},
					{
						"time": 2,
						"x": 4.29,
						"y": 0.33,
						"curve": [ 0.25, 0, 0.75, 1 ]
					},
					{ "time": 3, "x": 0, "y": 0 }
				],
				"scale": [
					{ "time": 0, "x": 1, "y": 1, "curve": "stepped" },
					{ "time": 3, "x": 1, "y": 1 }
				],
				"shear": [
					{ "time": 0, "x": 0, "y": 0, "curve": "stepped" },
					{ "time": 3, "x": 0, "y": 0 }
				]
			}
		}
	}
}
}