{
"skeleton": { "hash": "3fNz7aySGirMjFsMbV7Jn+fSCpg", "spine": "3.7.93", "width": 943.2, "height": 1570.11 },
"bones": [
	{ "name": "root" },
	{ "name": "zong", "parent": "root", "x": -402.8, "y": 224.42 },
	{ "name": "15", "parent": "zong", "length": 502.45, "rotation": -66.31, "x": 1.76, "y": 617.25 },
	{ "name": "13", "parent": "zong", "length": 498.15, "rotation": -112.54, "x": 813.99, "y": 617.25 },
	{ "name": "12", "parent": "zong", "length": 302.87, "rotation": -69.36, "x": 37.94, "y": 518.06 },
	{ "name": "14", "parent": "zong", "length": 304.66, "rotation": -108.74, "x": 773.85, "y": 523.14 },
	{ "name": "7", "parent": "zong", "x": 156.1, "y": 234.24 },
	{ "name": "2", "parent": "zong", "x": 117.64, "y": 222.81 },
	{ "name": "1", "parent": "zong", "x": 136.94, "y": 267.1 },
	{ "name": "9", "parent": "zong", "x": 749.2, "y": 245.88 },
	{ "name": "8", "parent": "zong", "x": 671.08, "y": 230.42 },
	{ "name": "5", "parent": "zong", "x": 674.17, "y": 267.53 },
	{ "name": "6", "parent": "zong", "x": 727.78, "y": 207.74 },
	{ "name": "4", "parent": "zong", "x": 224.15, "y": 207.74 },
	{ "name": "3", "parent": "zong", "x": 613.87, "y": 207.74 },
	{ "name": "10", "parent": "zong", "x": 98.22, "y": 234.24 }
],
"slots": [
	{ "name": "13", "bone": "13", "color": "8ba8ff40", "attachment": "13" },
	{ "name": "15", "bone": "15", "color": "8ba8ff40", "attachment": "13" },
	{ "name": "12", "bone": "12", "color": "9a76ffa1", "attachment": "12", "blend": "additive" },
	{ "name": "14", "bone": "14", "color": "9a75ffa1", "attachment": "12", "blend": "additive" },
	{ "name": "10", "bone": "zong", "attachment": "10" },
	{ "name": "9", "bone": "9", "attachment": "9" },
	{ "name": "8", "bone": "8", "attachment": "8" },
	{ "name": "7", "bone": "7", "attachment": "7" },
	{ "name": "16", "bone": "10", "attachment": "7" },
	{ "name": "6", "bone": "6", "attachment": "6" },
	{ "name": "5", "bone": "5", "attachment": "5" },
	{ "name": "4", "bone": "4", "attachment": "4", "blend": "additive" },
	{ "name": "11", "bone": "3", "attachment": "4", "blend": "additive" },
	{ "name": "2", "bone": "2", "attachment": "2" },
	{ "name": "1", "bone": "1", "attachment": "1" }
],
"skins": {
	"default": {
		"1": {
			"1": { "x": -4.56, "y": 0.79, "width": 63, "height": 63 }
		},
		"10": {
			"10": { "x": 410.88, "y": 246.89, "width": 510, "height": 79 }
		},
		"11": {
			"4": { "x": -27.92, "y": -1.34, "scaleX": -1, "width": 457, "height": 22 }
		},
		"12": {
			"12": {
				"x": 135.37,
				"y": 4.32,
				"scaleX": 2,
				"scaleY": 2,
				"rotation": 69.36,
				"width": 84,
				"height": 208
			}
		},
		"13": {
			"13": {
				"x": 300.75,
				"y": -97.11,
				"scaleX": 2,
				"scaleY": 2,
				"rotation": 112.54,
				"width": 270,
				"height": 302
			}
		},
		"14": {
			"12": {
				"x": 138.91,
				"y": -4.07,
				"scaleX": -2,
				"scaleY": 2,
				"rotation": 108.74,
				"width": 84,
				"height": 208
			}
		},
		"15": {
			"13": {
				"x": 302.28,
				"y": 90.21,
				"scaleX": -2,
				"scaleY": 2,
				"rotation": 66.31,
				"width": 270,
				"height": 302
			}
		},
		"16": {
			"7": { "x": 3.14, "y": 1.16, "width": 20, "height": 20 }
		},
		"2": {
			"2": { "x": 1.74, "y": 0.08, "width": 13, "height": 13 }
		},
		"4": {
			"4": { "x": 32.23, "y": -1.34, "width": 457, "height": 22 }
		},
		"5": {
			"5": { "x": 0.21, "y": 0.36, "width": 13, "height": 13 }
		},
		"6": {
			"6": { "x": 0.6, "y": 2.16, "width": 13, "height": 13 }
		},
		"7": {
			"7": { "x": 3.14, "y": 1.16, "width": 20, "height": 20 }
		},
		"8": {
			"8": { "x": 1.81, "y": -0.03, "width": 20, "height": 20 }
		},
		"9": {
			"9": { "x": -0.82, "y": 1.01, "width": 17, "height": 15 }
		}
	}
},
"animations": {
	"LUCKYCARD": {
		"slots": {
			"16": {
				"color": [
					{ "time": 0, "color": "ffffffc7" },
					{ "time": 0.6, "color": "ffffff00", "curve": "stepped" },
					{ "time": 0.8333, "color": "ffffff00", "curve": "stepped" },
					{ "time": 1, "color": "ffffff00" },
					{ "time": 1.1667, "color": "ffffffff" },
					{ "time": 1.5333, "color": "ffffff00", "curve": "stepped" },
					{ "time": 2.9667, "color": "ffffff00" },
					{ "time": 3.1667, "color": "ffffffff" },
					{ "time": 3.3333, "color": "ffffffc7" }
				]
			},
			"7": {
				"color": [
					{ "time": 0, "color": "ffffff00", "curve": "stepped" },
					{ "time": 0.5333, "color": "ffffff00" },
					{ "time": 0.7, "color": "ffffffff" },
					{ "time": 1.3667, "color": "ffffff00", "curve": "stepped" },
					{ "time": 1.6667, "color": "ffffff00" },
					{ "time": 1.9, "color": "ffffffff" },
					{ "time": 2.6667, "color": "ffffff00", "curve": "stepped" },
					{ "time": 3.3333, "color": "ffffff00" }
				]
			},
			"8": {
				"color": [
					{ "time": 0, "color": "ffffff00", "curve": "stepped" },
					{ "time": 0.6667, "color": "ffffff00" },
					{ "time": 1.0667, "color": "ffffffff" },
					{ "time": 1.5, "color": "ffffff00", "curve": "stepped" },
					{ "time": 2.3333, "color": "ffffff00" },
					{ "time": 2.8667, "color": "ffffffff" },
					{ "time": 3.3, "color": "ffffff00" }
				]
			},
			"9": {
				"color": [
					{ "time": 0, "color": "ffffff00", "curve": "stepped" },
					{ "time": 0.0667, "color": "ffffff00" },
					{ "time": 0.4, "color": "ffffffff" },
					{ "time": 0.8333, "color": "ffffff00", "curve": "stepped" },
					{ "time": 1.4667, "color": "ffffff00" },
					{ "time": 1.8, "color": "ffffffff" },
					{ "time": 2.1667, "color": "ffffff00", "curve": "stepped" },
					{ "time": 3.3333, "color": "ffffff00" }
				]
			}
		},
		"bones": {
			"12": {
				"rotate": [
					{
						"time": 0,
						"angle": 5.72,
						"curve": [ 0.375, 0.5, 0.75, 1 ]
					},
					{ "time": 0.8333, "angle": 0 },
					{
						"time": 2.5,
						"angle": 11.43,
						"curve": [ 0.25, 0, 0.625, 0.5 ]
					},
					{ "time": 3.3333, "angle": 5.72 }
				],
				"translate": [
					{ "time": 0, "x": 0, "y": 0, "curve": "stepped" },
					{ "time": 0.8333, "x": 0, "y": 0, "curve": "stepped" },
					{ "time": 3.3333, "x": 0, "y": 0 }
				],
				"scale": [
					{ "time": 0, "x": 1, "y": 1, "curve": "stepped" },
					{ "time": 0.8333, "x": 1, "y": 1, "curve": "stepped" },
					{ "time": 3.3333, "x": 1, "y": 1 }
				],
				"shear": [
					{ "time": 0, "x": 0, "y": 0, "curve": "stepped" },
					{ "time": 0.8333, "x": 0, "y": 0, "curve": "stepped" },
					{ "time": 3.3333, "x": 0, "y": 0 }
				]
			},
			"14": {
				"rotate": [
					{
						"time": 0,
						"angle": -4.82,
						"curve": [ 0.375, 0.5, 0.75, 1 ]
					},
					{ "time": 0.8333, "angle": 0 },
					{
						"time": 2.5,
						"angle": -9.63,
						"curve": [ 0.25, 0, 0.625, 0.5 ]
					},
					{ "time": 3.3333, "angle": -4.82 }
				],
				"translate": [
					{ "time": 0, "x": 0, "y": 0, "curve": "stepped" },
					{ "time": 0.8333, "x": 0, "y": 0, "curve": "stepped" },
					{ "time": 3.3333, "x": 0, "y": 0 }
				],
				"scale": [
					{ "time": 0, "x": 1, "y": 1, "curve": "stepped" },
					{ "time": 0.8333, "x": 1, "y": 1, "curve": "stepped" },
					{ "time": 3.3333, "x": 1, "y": 1 }
				],
				"shear": [
					{ "time": 0, "x": 0, "y": 0, "curve": "stepped" },
					{ "time": 0.8333, "x": 0, "y": 0, "curve": "stepped" },
					{ "time": 3.3333, "x": 0, "y": 0 }
				]
			},
			"15": {
				"rotate": [
					{
						"time": 0,
						"angle": 0,
						"curve": [ 0.25, 0, 0.75, 1 ]
					},
					{
						"time": 0.8333,
						"angle": -2.63,
						"curve": [ 0.25, 0, 0.75, 1 ]
					},
					{
						"time": 1.6667,
						"angle": 0,
						"curve": [ 0.25, 0, 0.75, 1 ]
					},
					{
						"time": 2.5,
						"angle": -2.63,
						"curve": [ 0.25, 0, 0.75, 1 ]
					},
					{ "time": 3.3333, "angle": 0 }
				],
				"translate": [
					{ "time": 0, "x": 0, "y": 0, "curve": "stepped" },
					{ "time": 1.6667, "x": 0, "y": 0, "curve": "stepped" },
					{ "time": 3.3333, "x": 0, "y": 0 }
				],
				"scale": [
					{ "time": 0, "x": 1, "y": 1, "curve": "stepped" },
					{ "time": 1.6667, "x": 1, "y": 1, "curve": "stepped" },
					{ "time": 3.3333, "x": 1, "y": 1 }
				],
				"shear": [
					{ "time": 0, "x": 0, "y": 0, "curve": "stepped" },
					{ "time": 1.6667, "x": 0, "y": 0, "curve": "stepped" },
					{ "time": 3.3333, "x": 0, "y": 0 }
				]
			},
			"13": {
				"rotate": [
					{
						"time": 0,
						"angle": 0,
						"curve": [ 0.25, 0, 0.75, 1 ]
					},
					{
						"time": 0.8333,
						"angle": 2.75,
						"curve": [ 0.25, 0, 0.75, 1 ]
					},
					{
						"time": 1.6667,
						"angle": 0,
						"curve": [ 0.25, 0, 0.75, 1 ]
					},
					{
						"time": 2.5,
						"angle": 2.75,
						"curve": [ 0.25, 0, 0.75, 1 ]
					},
					{ "time": 3.3333, "angle": 0 }
				],
				"translate": [
					{ "time": 0, "x": 0, "y": 0, "curve": "stepped" },
					{ "time": 1.6667, "x": 0, "y": 0, "curve": "stepped" },
					{ "time": 3.3333, "x": 0, "y": 0 }
				],
				"scale": [
					{ "time": 0, "x": 1, "y": 1, "curve": "stepped" },
					{ "time": 1.6667, "x": 1, "y": 1, "curve": "stepped" },
					{ "time": 3.3333, "x": 1, "y": 1 }
				],
				"shear": [
					{ "time": 0, "x": 0, "y": 0, "curve": "stepped" },
					{ "time": 1.6667, "x": 0, "y": 0, "curve": "stepped" },
					{ "time": 3.3333, "x": 0, "y": 0 }
				]
			},
			"4": {
				"rotate": [
					{ "time": 0, "angle": 0, "curve": "stepped" },
					{ "time": 3.3333, "angle": 0 }
				],
				"translate": [
					{
						"time": 0,
						"x": 0,
						"y": 0,
						"curve": [ 0.25, 0, 0.75, 1 ]
					},
					{
						"time": 2.1333,
						"x": 125.42,
						"y": 0,
						"curve": [ 0.25, 0, 0.75, 1 ]
					},
					{ "time": 3.3333, "x": 0, "y": 0 }
				],
				"scale": [
					{ "time": 0, "x": 1, "y": 1, "curve": "stepped" },
					{ "time": 3.3333, "x": 1, "y": 1 }
				],
				"shear": [
					{ "time": 0, "x": 0, "y": 0, "curve": "stepped" },
					{ "time": 3.3333, "x": 0, "y": 0 }
				]
			},
			"3": {
				"rotate": [
					{ "time": 0, "angle": 0, "curve": "stepped" },
					{ "time": 3.3333, "angle": 0 }
				],
				"translate": [
					{
						"time": 0,
						"x": 0,
						"y": 0,
						"curve": [ 0.25, 0, 0.75, 1 ]
					},
					{
						"time": 2.1333,
						"x": -123.69,
						"y": 0,
						"curve": [ 0.25, 0, 0.75, 1 ]
					},
					{ "time": 3.3333, "x": 0, "y": 0 }
				],
				"scale": [
					{ "time": 0, "x": 1, "y": 1, "curve": "stepped" },
					{ "time": 3.3333, "x": 1, "y": 1 }
				],
				"shear": [
					{ "time": 0, "x": 0, "y": 0, "curve": "stepped" },
					{ "time": 3.3333, "x": 0, "y": 0 }
				]
			},
			"1": {
				"rotate": [
					{
						"time": 0,
						"angle": 0,
						"curve": [ 0.25, 0, 0.75, 1 ]
					},
					{
						"time": 1.6667,
						"angle": 10,
						"curve": [ 0.25, 0, 0.75, 1 ]
					},
					{ "time": 3.3333, "angle": 0 }
				],
				"translate": [
					{
						"time": 0,
						"x": 0,
						"y": 0,
						"curve": [ 0.25, 0, 0.75, 1 ]
					},
					{
						"time": 1.6667,
						"x": 0,
						"y": -7.24,
						"curve": [ 0.25, 0, 0.75, 1 ]
					},
					{ "time": 3.3333, "x": 0, "y": 0 }
				],
				"scale": [
					{ "time": 0, "x": 1, "y": 1, "curve": "stepped" },
					{ "time": 3.3333, "x": 1, "y": 1 }
				],
				"shear": [
					{ "time": 0, "x": 0, "y": 0, "curve": "stepped" },
					{ "time": 3.3333, "x": 0, "y": 0 }
				]
			},
			"2": {
				"rotate": [
					{ "time": 0, "angle": -56 },
					{ "time": 0.4667, "angle": 0 },
					{ "time": 1.5333, "angle": 120 },
					{ "time": 2.8, "angle": -120 },
					{ "time": 3.3333, "angle": -56 }
				],
				"translate": [
					{
						"time": 0,
						"x": 0,
						"y": -4.48,
						"curve": [ 0.277, 0.12, 0.754, 1 ]
					},
					{ "time": 0.4667, "x": 0, "y": 0 },
					{
						"time": 1.4667,
						"x": 0,
						"y": 20.26,
						"curve": [ 0.25, 0, 0.75, 1 ]
					},
					{
						"time": 3.3,
						"x": 0,
						"y": -4.58,
						"curve": [ 0.313, 0, 0.648, 0.35 ]
					},
					{ "time": 3.3333, "x": 0, "y": -4.48 }
				],
				"scale": [
					{ "time": 0, "x": 1, "y": 1, "curve": "stepped" },
					{ "time": 0.4667, "x": 1, "y": 1, "curve": "stepped" },
					{ "time": 3.3333, "x": 1, "y": 1 }
				],
				"shear": [
					{ "time": 0, "x": 0, "y": 0, "curve": "stepped" },
					{ "time": 0.4667, "x": 0, "y": 0, "curve": "stepped" },
					{ "time": 3.3333, "x": 0, "y": 0 }
				]
			},
			"5": {
				"rotate": [
					{ "time": 0, "angle": 0 },
					{ "time": 0.8, "angle": -120 },
					{ "time": 2, "angle": 120 },
					{ "time": 3.3333, "angle": 0 }
				],
				"translate": [
					{
						"time": 0,
						"x": 0,
						"y": 0,
						"curve": [ 0.25, 0, 0.75, 1 ]
					},
					{
						"time": 1.0667,
						"x": 0,
						"y": -13.02,
						"curve": [ 0.25, 0, 0.75, 1 ]
					},
					{
						"time": 2.4,
						"x": 0,
						"y": 8.68,
						"curve": [ 0.25, 0, 0.75, 1 ]
					},
					{ "time": 3.3333, "x": 0, "y": 0 }
				],
				"scale": [
					{ "time": 0, "x": 1, "y": 1, "curve": "stepped" },
					{ "time": 3.3333, "x": 1, "y": 1 }
				],
				"shear": [
					{ "time": 0, "x": 0, "y": 0, "curve": "stepped" },
					{ "time": 3.3333, "x": 0, "y": 0 }
				]
			},
			"6": {
				"rotate": [
					{
						"time": 0,
						"angle": 102.27,
						"curve": [ 0.377, 0.61, 0.719, 1 ]
					},
					{
						"time": 0.2667,
						"angle": 120,
						"curve": [ 0.25, 0, 0.75, 1 ]
					},
					{
						"time": 1.5333,
						"angle": -120,
						"curve": [ 0.25, 0, 0.75, 1 ]
					},
					{
						"time": 2.3667,
						"angle": 0,
						"curve": [ 0.243, 0, 0.675, 0.7 ]
					},
					{ "time": 3.3333, "angle": 102.27 }
				],
				"translate": [
					{
						"time": 0,
						"x": 0,
						"y": 14.32,
						"curve": [ 0.372, 0.62, 0.711, 1 ]
					},
					{
						"time": 0.2,
						"x": 0,
						"y": 15.92,
						"curve": [ 0.25, 0, 0.75, 1 ]
					},
					{
						"time": 2.0667,
						"x": 0,
						"y": -2.66,
						"curve": [ 0.25, 0, 0.75, 1 ]
					},
					{
						"time": 2.3667,
						"x": 0,
						"y": 0,
						"curve": [ 0.243, 0, 0.688, 0.74 ]
					},
					{ "time": 3.3333, "x": 0, "y": 14.32 }
				],
				"scale": [
					{ "time": 0, "x": 1, "y": 1, "curve": "stepped" },
					{ "time": 2.3667, "x": 1, "y": 1, "curve": "stepped" },
					{ "time": 3.3333, "x": 1, "y": 1 }
				],
				"shear": [
					{ "time": 0, "x": 0, "y": 0, "curve": "stepped" },
					{ "time": 2.3667, "x": 0, "y": 0, "curve": "stepped" },
					{ "time": 3.3333, "x": 0, "y": 0 }
				]
			},
			"7": {
				"rotate": [
					{ "time": 0, "angle": 0, "curve": "stepped" },
					{ "time": 0.5333, "angle": 0 },
					{ "time": 1.3667, "angle": 130 },
					{ "time": 1.7, "angle": 0 },
					{ "time": 2.6667, "angle": -130 },
					{ "time": 3.3333, "angle": 0 }
				],
				"translate": [
					{ "time": 0, "x": 0, "y": 0, "curve": "stepped" },
					{ "time": 0.5333, "x": 0, "y": 0 },
					{ "time": 1.3667, "x": 0, "y": 17.36 },
					{ "time": 1.7, "x": -46.3, "y": 0 },
					{ "time": 2.6667, "x": -46.3, "y": 24.6 },
					{ "time": 3.3333, "x": 0, "y": 0 }
				],
				"scale": [
					{ "time": 0, "x": 1, "y": 1, "curve": "stepped" },
					{ "time": 0.5333, "x": 1, "y": 1, "curve": "stepped" },
					{ "time": 1.3667, "x": 1, "y": 1, "curve": "stepped" },
					{ "time": 1.7, "x": 1, "y": 1, "curve": "stepped" },
					{ "time": 2.6667, "x": 1, "y": 1, "curve": "stepped" },
					{ "time": 3.3333, "x": 1, "y": 1 }
				],
				"shear": [
					{ "time": 0, "x": 0, "y": 0, "curve": "stepped" },
					{ "time": 0.5333, "x": 0, "y": 0, "curve": "stepped" },
					{ "time": 1.3667, "x": 0, "y": 0, "curve": "stepped" },
					{ "time": 1.7, "x": 0, "y": 0, "curve": "stepped" },
					{ "time": 2.6667, "x": 0, "y": 0, "curve": "stepped" },
					{ "time": 3.3333, "x": 0, "y": 0 }
				]
			},
			"8": {
				"rotate": [
					{ "time": 0, "angle": 0, "curve": "stepped" },
					{ "time": 0.6667, "angle": 0 },
					{ "time": 1.5, "angle": 80 },
					{ "time": 2.3333, "angle": 0 },
					{ "time": 3.3, "angle": -80 },
					{ "time": 3.3333, "angle": 0 }
				],
				"translate": [
					{ "time": 0, "x": 0, "y": 0, "curve": "stepped" },
					{ "time": 0.6667, "x": 0, "y": 0 },
					{ "time": 1.5, "x": 0, "y": 23.15 },
					{ "time": 2.3333, "x": 21.7, "y": 14.47 },
					{ "time": 3.3, "x": 21.71, "y": 52.09 },
					{ "time": 3.3333, "x": 0, "y": 0 }
				],
				"scale": [
					{ "time": 0, "x": 1, "y": 1, "curve": "stepped" },
					{ "time": 0.6667, "x": 1, "y": 1, "curve": "stepped" },
					{ "time": 1.5, "x": 1, "y": 1, "curve": "stepped" },
					{ "time": 2.3333, "x": 1, "y": 1, "curve": "stepped" },
					{ "time": 3.3, "x": 1, "y": 1, "curve": "stepped" },
					{ "time": 3.3333, "x": 1, "y": 1 }
				],
				"shear": [
					{ "time": 0, "x": 0, "y": 0, "curve": "stepped" },
					{ "time": 0.6667, "x": 0, "y": 0, "curve": "stepped" },
					{ "time": 1.5, "x": 0, "y": 0, "curve": "stepped" },
					{ "time": 2.3333, "x": 0, "y": 0, "curve": "stepped" },
					{ "time": 3.3, "x": 0, "y": 0, "curve": "stepped" },
					{ "time": 3.3333, "x": 0, "y": 0 }
				]
			},
			"9": {
				"rotate": [
					{ "time": 0, "angle": 0, "curve": "stepped" },
					{ "time": 0.0667, "angle": 0 },
					{ "time": 0.8333, "angle": 60 },
					{ "time": 1.4667, "angle": 0 },
					{ "time": 2.1667, "angle": -60 },
					{ "time": 3.3333, "angle": 0 }
				],
				"translate": [
					{ "time": 0, "x": 0, "y": 0, "curve": "stepped" },
					{ "time": 0.0667, "x": 0, "y": 0 },
					{ "time": 0.8333, "x": 0, "y": 44.86 },
					{ "time": 1.4667, "x": -34.73, "y": -21.71 },
					{ "time": 2.1667, "x": -34.73, "y": 2.89 },
					{ "time": 3.3333, "x": 0, "y": 0 }
				],
				"scale": [
					{ "time": 0, "x": 1, "y": 1, "curve": "stepped" },
					{ "time": 0.0667, "x": 1, "y": 1, "curve": "stepped" },
					{ "time": 0.8333, "x": 1, "y": 1, "curve": "stepped" },
					{ "time": 1.4667, "x": 1, "y": 1, "curve": "stepped" },
					{ "time": 2.1667, "x": 1, "y": 1, "curve": "stepped" },
					{ "time": 3.3333, "x": 1, "y": 1 }
				],
				"shear": [
					{ "time": 0, "x": 0, "y": 0, "curve": "stepped" },
					{ "time": 0.0667, "x": 0, "y": 0, "curve": "stepped" },
					{ "time": 0.8333, "x": 0, "y": 0, "curve": "stepped" },
					{ "time": 1.4667, "x": 0, "y": 0, "curve": "stepped" },
					{ "time": 2.1667, "x": 0, "y": 0, "curve": "stepped" },
					{ "time": 3.3333, "x": 0, "y": 0 }
				]
			},
			"10": {
				"rotate": [
					{ "time": 0, "angle": 22.76 },
					{ "time": 0.6, "angle": 60 },
					{ "time": 0.8333, "angle": 0, "curve": "stepped" },
					{ "time": 1, "angle": 0 },
					{ "time": 1.5333, "angle": 40 },
					{ "time": 2.9667, "angle": 0 },
					{ "time": 3.3333, "angle": 22.76 }
				],
				"translate": [
					{ "time": 0, "x": 44.86, "y": 8.78 },
					{ "time": 0.6, "x": 44.86, "y": 23.15 },
					{ "time": 0.8333, "x": 0, "y": 0, "curve": "stepped" },
					{ "time": 1, "x": 0, "y": 0 },
					{ "time": 1.5333, "x": 0, "y": 17.36 },
					{ "time": 2.9667, "x": 44.86, "y": 0 },
					{ "time": 3.3333, "x": 44.86, "y": 8.78 }
				],
				"scale": [
					{ "time": 0, "x": 1, "y": 1, "curve": "stepped" },
					{ "time": 0.6, "x": 1, "y": 1, "curve": "stepped" },
					{ "time": 0.8333, "x": 1, "y": 1, "curve": "stepped" },
					{ "time": 1, "x": 1, "y": 1, "curve": "stepped" },
					{ "time": 1.5333, "x": 1, "y": 1, "curve": "stepped" },
					{ "time": 2.9667, "x": 1, "y": 1, "curve": "stepped" },
					{ "time": 3.3333, "x": 1, "y": 1 }
				],
				"shear": [
					{ "time": 0, "x": 0, "y": 0, "curve": "stepped" },
					{ "time": 0.6, "x": 0, "y": 0, "curve": "stepped" },
					{ "time": 0.8333, "x": 0, "y": 0, "curve": "stepped" },
					{ "time": 1, "x": 0, "y": 0, "curve": "stepped" },
					{ "time": 1.5333, "x": 0, "y": 0, "curve": "stepped" },
					{ "time": 2.9667, "x": 0, "y": 0, "curve": "stepped" },
					{ "time": 3.3333, "x": 0, "y": 0 }
				]
			}
		}
	}
}
}