{
"skeleton": { "hash": "//sf1fznOiuPjbbWzxr6hwtmMBQ", "spine": "3.7.93", "width": 750, "height": 1334 },
"bones": [
	{ "name": "root" },
	{ "name": "zong", "parent": "root", "x": -144.43, "y": -70.45 },
	{ "name": "bone", "parent": "zong", "x": 144.43, "y": 70.45 }
],
"slots": [
	{ "name": "ic/图层 1", "bone": "bone", "attachment": "ic/图层 1" }
],
"skins": {
	"default": {
		"ic/图层 1": {
			"ic/图层 1": { "x": 0.5, "width": 147, "height": 152 }
		}
	}
},
"animations": {
	"jifenzengjia": {
		"slots": {
			"ic/图层 1": {
				"color": [
					{ "time": 0, "color": "ffffff00" },
					{ "time": 0.2667, "color": "ffffffff" },
					{ "time": 0.6667, "color": "ffffff00", "curve": "stepped" },
					{ "time": 1, "color": "ffffff00" }
				]
			}
		},
		"bones": {
			"bone": {
				"rotate": [
					{ "time": 0, "angle": 0, "curve": "stepped" },
					{ "time": 0.6667, "angle": 0, "curve": "stepped" },
					{ "time": 1, "angle": 0 }
				],
				"translate": [
					{ "time": 0, "x": 0, "y": 0, "curve": "stepped" },
					{ "time": 0.6667, "x": 0, "y": 0, "curve": "stepped" },
					{ "time": 1, "x": 0, "y": 0 }
				],
				"scale": [
					{ "time": 0, "x": 1, "y": 1 },
					{ "time": 0.6667, "x": 1.3, "y": 1.3 },
					{ "time": 1, "x": 1.2, "y": 1.2 }
				],
				"shear": [
					{ "time": 0, "x": 0, "y": 0, "curve": "stepped" },
					{ "time": 0.6667, "x": 0, "y": 0, "curve": "stepped" },
					{ "time": 1, "x": 0, "y": 0 }
				]
			}
		}
	}
}
}