{
"skeleton": { "hash": "WXqQ0tzcZhQx/wew7La/h+NrG9w", "spine": "3.7.93", "width": 4204.7, "height": 1940.21 },
"bones": [
	{ "name": "root" },
	{ "name": "zong", "parent": "root", "x": -313.02, "y": -15 },
	{ "name": "bone", "parent": "zong", "x": -506.72, "y": -245.77, "scaleX": 1.5, "scaleY": 1.5 },
	{ "name": "zong2", "parent": "zong", "x": 1246.92, "y": -354.12, "scaleX": 1.5, "scaleY": 1.5 },
	{ "name": "bone2", "parent": "zong", "x": 107.27, "y": -220.96 },
	{ "name": "zong3", "parent": "zong", "x": 1142.91, "y": -100.89, "scaleX": 1.2, "scaleY": 1.2 },
	{ "name": "zong4", "parent": "zong", "x": 723.05, "y": -220.59, "scaleX": 1.2, "scaleY": 1.2 },
	{ "name": "bone3", "parent": "zong", "x": -375.52, "y": -15.52, "scaleX": 0.8, "scaleY": 0.8 },
	{ "name": "zong5", "parent": "zong", "x": 1294.85, "y": -508.2, "scaleX": 2, "scaleY": 2 },
	{ "name": "bone4", "parent": "zong", "x": -457.73, "y": -189.41, "scaleX": 1.6, "scaleY": 1.6 },
	{ "name": "zong6", "parent": "zong", "x": 1046.16, "y": -187.78, "scaleX": 1.3, "scaleY": 1.3 },
	{ "name": "zong7", "parent": "zong", "x": 1246.92, "y": -354.12, "scaleX": 1.5, "scaleY": 1.5 },
	{ "name": "zong8", "parent": "zong", "x": 911.17, "y": -105.74, "scaleX": 1.4, "scaleY": 1.4 },
	{ "name": "bone5", "parent": "zong", "x": -642.05, "y": -254.33, "scaleX": 1.4, "scaleY": 1.4 },
	{ "name": "bone6", "parent": "zong", "x": 199.04, "y": -64.19, "scaleX": 0.8, "scaleY": 0.8 }
],
"slots": [
	{ "name": "ic/yanhua1/登录_00001", "bone": "bone", "attachment": "ic/yanhua1/登录_00011", "blend": "additive" },
	{ "name": "ic/yanhua1/登录_5", "bone": "bone6", "attachment": "ic/yanhua1/登录_00011", "blend": "additive" },
	{ "name": "ic/yanhua1/登录_4", "bone": "bone5", "attachment": "ic/yanhua1/登录_00011", "blend": "additive" },
	{ "name": "ic/yanhua1/登录_1", "bone": "bone2", "attachment": "ic/yanhua1/登录_00011", "blend": "additive" },
	{ "name": "ic/yanhua1/登录_3", "bone": "bone4", "attachment": "ic/yanhua1/登录_00011", "blend": "additive" },
	{ "name": "ic/yanhua1/登录_2", "bone": "bone3", "attachment": "ic/yanhua1/登录_00011", "blend": "additive" },
	{ "name": "ic/yanhua2/yanhua2_00001", "bone": "zong2", "attachment": "ic/yanhua2/yanhua2_00008", "blend": "additive" },
	{ "name": "ic/yanhua2/yanhua2_6", "bone": "zong8", "attachment": "ic/yanhua2/yanhua2_00008", "blend": "additive" },
	{ "name": "ic/yanhua2/yanhua2_5", "bone": "zong7", "attachment": "ic/yanhua2/yanhua2_00008", "blend": "additive" },
	{ "name": "ic/yanhua2/yanhua2_4", "bone": "zong6", "attachment": "ic/yanhua2/yanhua2_00008", "blend": "additive" },
	{ "name": "ic/yanhua2/yanhua2_3", "bone": "zong5", "attachment": "ic/yanhua2/yanhua2_00008", "blend": "additive" },
	{ "name": "ic/yanhua2/yanhua2_2", "bone": "zong4", "attachment": "ic/yanhua2/yanhua2_00008", "blend": "additive" },
	{ "name": "ic/yanhua2/yanhua2_1", "bone": "zong3", "attachment": "ic/yanhua2/yanhua2_00008", "blend": "additive" }
],
"skins": {
	"default": {
		"ic/yanhua1/登录_00001": {
			"ic/yanhua1/登录_00001": { "width": 1334, "height": 750 },
			"ic/yanhua1/登录_00003": { "width": 1334, "height": 750 },
			"ic/yanhua1/登录_00005": { "width": 1334, "height": 750 },
			"ic/yanhua1/登录_00007": { "width": 1334, "height": 750 },
			"ic/yanhua1/登录_00009": { "width": 1334, "height": 750 },
			"ic/yanhua1/登录_00011": { "width": 1334, "height": 750 },
			"ic/yanhua1/登录_00013": { "width": 1334, "height": 750 },
			"ic/yanhua1/登录_00015": { "width": 1334, "height": 750 },
			"ic/yanhua1/登录_00017": { "width": 1334, "height": 750 },
			"ic/yanhua1/登录_00019": { "width": 1334, "height": 750 },
			"ic/yanhua1/登录_00021": { "width": 1334, "height": 750 },
			"ic/yanhua1/登录_00023": { "width": 1334, "height": 750 },
			"ic/yanhua1/登录_00025": { "width": 1334, "height": 750 },
			"ic/yanhua1/登录_00027": { "width": 1334, "height": 750 },
			"ic/yanhua1/登录_00029": { "width": 1334, "height": 750 },
			"ic/yanhua1/登录_00031": { "width": 1334, "height": 750 },
			"ic/yanhua1/登录_00033": { "width": 1334, "height": 750 },
			"ic/yanhua1/登录_00035": { "width": 1334, "height": 750 },
			"ic/yanhua1/登录_00037": { "width": 1334, "height": 750 }
		},
		"ic/yanhua1/登录_1": {
			"ic/yanhua1/登录_00001": { "width": 1334, "height": 750 },
			"ic/yanhua1/登录_00003": { "width": 1334, "height": 750 },
			"ic/yanhua1/登录_00005": { "width": 1334, "height": 750 },
			"ic/yanhua1/登录_00007": { "width": 1334, "height": 750 },
			"ic/yanhua1/登录_00009": { "width": 1334, "height": 750 },
			"ic/yanhua1/登录_00011": { "width": 1334, "height": 750 },
			"ic/yanhua1/登录_00013": { "width": 1334, "height": 750 },
			"ic/yanhua1/登录_00015": { "width": 1334, "height": 750 },
			"ic/yanhua1/登录_00017": { "width": 1334, "height": 750 },
			"ic/yanhua1/登录_00019": { "width": 1334, "height": 750 },
			"ic/yanhua1/登录_00021": { "width": 1334, "height": 750 },
			"ic/yanhua1/登录_00023": { "width": 1334, "height": 750 },
			"ic/yanhua1/登录_00025": { "width": 1334, "height": 750 },
			"ic/yanhua1/登录_00027": { "width": 1334, "height": 750 },
			"ic/yanhua1/登录_00029": { "width": 1334, "height": 750 },
			"ic/yanhua1/登录_00031": { "width": 1334, "height": 750 },
			"ic/yanhua1/登录_00033": { "width": 1334, "height": 750 },
			"ic/yanhua1/登录_00035": { "width": 1334, "height": 750 },
			"ic/yanhua1/登录_00037": { "width": 1334, "height": 750 }
		},
		"ic/yanhua1/登录_2": {
			"ic/yanhua1/登录_00001": { "width": 1334, "height": 750 },
			"ic/yanhua1/登录_00003": { "width": 1334, "height": 750 },
			"ic/yanhua1/登录_00005": { "width": 1334, "height": 750 },
			"ic/yanhua1/登录_00007": { "width": 1334, "height": 750 },
			"ic/yanhua1/登录_00009": { "width": 1334, "height": 750 },
			"ic/yanhua1/登录_00011": { "width": 1334, "height": 750 },
			"ic/yanhua1/登录_00013": { "width": 1334, "height": 750 },
			"ic/yanhua1/登录_00015": { "width": 1334, "height": 750 },
			"ic/yanhua1/登录_00017": { "width": 1334, "height": 750 },
			"ic/yanhua1/登录_00019": { "width": 1334, "height": 750 },
			"ic/yanhua1/登录_00021": { "width": 1334, "height": 750 },
			"ic/yanhua1/登录_00023": { "width": 1334, "height": 750 },
			"ic/yanhua1/登录_00025": { "width": 1334, "height": 750 },
			"ic/yanhua1/登录_00027": { "width": 1334, "height": 750 },
			"ic/yanhua1/登录_00029": { "width": 1334, "height": 750 },
			"ic/yanhua1/登录_00031": { "width": 1334, "height": 750 },
			"ic/yanhua1/登录_00033": { "width": 1334, "height": 750 },
			"ic/yanhua1/登录_00035": { "width": 1334, "height": 750 },
			"ic/yanhua1/登录_00037": { "width": 1334, "height": 750 }
		},
		"ic/yanhua1/登录_3": {
			"ic/yanhua1/登录_00001": { "width": 1334, "height": 750 },
			"ic/yanhua1/登录_00003": { "width": 1334, "height": 750 },
			"ic/yanhua1/登录_00005": { "width": 1334, "height": 750 },
			"ic/yanhua1/登录_00007": { "width": 1334, "height": 750 },
			"ic/yanhua1/登录_00009": { "width": 1334, "height": 750 },
			"ic/yanhua1/登录_00011": { "width": 1334, "height": 750 },
			"ic/yanhua1/登录_00013": { "width": 1334, "height": 750 },
			"ic/yanhua1/登录_00015": { "width": 1334, "height": 750 },
			"ic/yanhua1/登录_00017": { "width": 1334, "height": 750 },
			"ic/yanhua1/登录_00019": { "width": 1334, "height": 750 },
			"ic/yanhua1/登录_00021": { "width": 1334, "height": 750 },
			"ic/yanhua1/登录_00023": { "width": 1334, "height": 750 },
			"ic/yanhua1/登录_00025": { "width": 1334, "height": 750 },
			"ic/yanhua1/登录_00027": { "width": 1334, "height": 750 },
			"ic/yanhua1/登录_00029": { "width": 1334, "height": 750 },
			"ic/yanhua1/登录_00031": { "width": 1334, "height": 750 },
			"ic/yanhua1/登录_00033": { "width": 1334, "height": 750 },
			"ic/yanhua1/登录_00035": { "width": 1334, "height": 750 },
			"ic/yanhua1/登录_00037": { "width": 1334, "height": 750 }
		},
		"ic/yanhua1/登录_4": {
			"ic/yanhua1/登录_00001": { "width": 1334, "height": 750 },
			"ic/yanhua1/登录_00003": { "width": 1334, "height": 750 },
			"ic/yanhua1/登录_00005": { "width": 1334, "height": 750 },
			"ic/yanhua1/登录_00007": { "width": 1334, "height": 750 },
			"ic/yanhua1/登录_00009": { "width": 1334, "height": 750 },
			"ic/yanhua1/登录_00011": { "width": 1334, "height": 750 },
			"ic/yanhua1/登录_00013": { "width": 1334, "height": 750 },
			"ic/yanhua1/登录_00015": { "width": 1334, "height": 750 },
			"ic/yanhua1/登录_00017": { "width": 1334, "height": 750 },
			"ic/yanhua1/登录_00019": { "width": 1334, "height": 750 },
			"ic/yanhua1/登录_00021": { "width": 1334, "height": 750 },
			"ic/yanhua1/登录_00023": { "width": 1334, "height": 750 },
			"ic/yanhua1/登录_00025": { "width": 1334, "height": 750 },
			"ic/yanhua1/登录_00027": { "width": 1334, "height": 750 },
			"ic/yanhua1/登录_00029": { "width": 1334, "height": 750 },
			"ic/yanhua1/登录_00031": { "width": 1334, "height": 750 },
			"ic/yanhua1/登录_00033": { "width": 1334, "height": 750 },
			"ic/yanhua1/登录_00035": { "width": 1334, "height": 750 },
			"ic/yanhua1/登录_00037": { "width": 1334, "height": 750 }
		},
		"ic/yanhua1/登录_5": {
			"ic/yanhua1/登录_00001": { "width": 1334, "height": 750 },
			"ic/yanhua1/登录_00003": { "width": 1334, "height": 750 },
			"ic/yanhua1/登录_00005": { "width": 1334, "height": 750 },
			"ic/yanhua1/登录_00007": { "width": 1334, "height": 750 },
			"ic/yanhua1/登录_00009": { "width": 1334, "height": 750 },
			"ic/yanhua1/登录_00011": { "width": 1334, "height": 750 },
			"ic/yanhua1/登录_00013": { "width": 1334, "height": 750 },
			"ic/yanhua1/登录_00015": { "width": 1334, "height": 750 },
			"ic/yanhua1/登录_00017": { "width": 1334, "height": 750 },
			"ic/yanhua1/登录_00019": { "width": 1334, "height": 750 },
			"ic/yanhua1/登录_00021": { "width": 1334, "height": 750 },
			"ic/yanhua1/登录_00023": { "width": 1334, "height": 750 },
			"ic/yanhua1/登录_00025": { "width": 1334, "height": 750 },
			"ic/yanhua1/登录_00027": { "width": 1334, "height": 750 },
			"ic/yanhua1/登录_00029": { "width": 1334, "height": 750 },
			"ic/yanhua1/登录_00031": { "width": 1334, "height": 750 },
			"ic/yanhua1/登录_00033": { "width": 1334, "height": 750 },
			"ic/yanhua1/登录_00035": { "width": 1334, "height": 750 },
			"ic/yanhua1/登录_00037": { "width": 1334, "height": 750 }
		},
		"ic/yanhua2/yanhua2_00001": {
			"ic/yanhua2/yanhua2_00001": { "width": 1334, "height": 750 },
			"ic/yanhua2/yanhua2_00002": { "width": 1334, "height": 750 },
			"ic/yanhua2/yanhua2_00003": { "width": 1334, "height": 750 },
			"ic/yanhua2/yanhua2_00004": { "width": 1334, "height": 750 },
			"ic/yanhua2/yanhua2_00005": { "width": 1334, "height": 750 },
			"ic/yanhua2/yanhua2_00006": { "width": 1334, "height": 750 },
			"ic/yanhua2/yanhua2_00007": { "width": 1334, "height": 750 },
			"ic/yanhua2/yanhua2_00008": { "width": 1334, "height": 750 },
			"ic/yanhua2/yanhua2_00009": { "width": 1334, "height": 750 },
			"ic/yanhua2/yanhua2_00010": { "width": 1334, "height": 750 },
			"ic/yanhua2/yanhua2_00011": { "width": 1334, "height": 750 },
			"ic/yanhua2/yanhua2_00012": { "width": 1334, "height": 750 },
			"ic/yanhua2/yanhua2_00013": { "width": 1334, "height": 750 },
			"ic/yanhua2/yanhua2_00014": { "width": 1334, "height": 750 },
			"ic/yanhua2/yanhua2_00015": { "width": 1334, "height": 750 },
			"ic/yanhua2/yanhua2_00016": { "width": 1334, "height": 750 },
			"ic/yanhua2/yanhua2_00017": { "width": 1334, "height": 750 },
			"ic/yanhua2/yanhua2_00018": { "width": 1334, "height": 750 },
			"ic/yanhua2/yanhua2_00019": { "width": 1334, "height": 750 },
			"ic/yanhua2/yanhua2_00020": { "width": 1334, "height": 750 },
			"ic/yanhua2/yanhua2_00021": { "width": 1334, "height": 750 },
			"ic/yanhua2/yanhua2_00022": { "width": 1334, "height": 750 },
			"ic/yanhua2/yanhua2_00023": { "width": 1334, "height": 750 },
			"ic/yanhua2/yanhua2_00024": { "width": 1334, "height": 750 },
			"ic/yanhua2/yanhua2_00025": { "width": 1334, "height": 750 },
			"ic/yanhua2/yanhua2_00026": { "width": 1334, "height": 750 },
			"ic/yanhua2/yanhua2_00027": { "width": 1334, "height": 750 },
			"ic/yanhua2/yanhua2_00028": { "width": 1334, "height": 750 }
		},
		"ic/yanhua2/yanhua2_1": {
			"ic/yanhua2/yanhua2_00001": { "width": 1334, "height": 750 },
			"ic/yanhua2/yanhua2_00002": { "width": 1334, "height": 750 },
			"ic/yanhua2/yanhua2_00003": { "width": 1334, "height": 750 },
			"ic/yanhua2/yanhua2_00004": { "width": 1334, "height": 750 },
			"ic/yanhua2/yanhua2_00005": { "width": 1334, "height": 750 },
			"ic/yanhua2/yanhua2_00006": { "width": 1334, "height": 750 },
			"ic/yanhua2/yanhua2_00007": { "width": 1334, "height": 750 },
			"ic/yanhua2/yanhua2_00008": { "width": 1334, "height": 750 },
			"ic/yanhua2/yanhua2_00009": { "width": 1334, "height": 750 },
			"ic/yanhua2/yanhua2_00010": { "width": 1334, "height": 750 },
			"ic/yanhua2/yanhua2_00011": { "width": 1334, "height": 750 },
			"ic/yanhua2/yanhua2_00012": { "width": 1334, "height": 750 },
			"ic/yanhua2/yanhua2_00013": { "width": 1334, "height": 750 },
			"ic/yanhua2/yanhua2_00014": { "width": 1334, "height": 750 },
			"ic/yanhua2/yanhua2_00015": { "width": 1334, "height": 750 },
			"ic/yanhua2/yanhua2_00016": { "width": 1334, "height": 750 },
			"ic/yanhua2/yanhua2_00017": { "width": 1334, "height": 750 },
			"ic/yanhua2/yanhua2_00018": { "width": 1334, "height": 750 },
			"ic/yanhua2/yanhua2_00019": { "width": 1334, "height": 750 },
			"ic/yanhua2/yanhua2_00020": { "width": 1334, "height": 750 },
			"ic/yanhua2/yanhua2_00021": { "width": 1334, "height": 750 },
			"ic/yanhua2/yanhua2_00022": { "width": 1334, "height": 750 },
			"ic/yanhua2/yanhua2_00023": { "width": 1334, "height": 750 },
			"ic/yanhua2/yanhua2_00024": { "width": 1334, "height": 750 },
			"ic/yanhua2/yanhua2_00025": { "width": 1334, "height": 750 },
			"ic/yanhua2/yanhua2_00026": { "width": 1334, "height": 750 },
			"ic/yanhua2/yanhua2_00027": { "width": 1334, "height": 750 },
			"ic/yanhua2/yanhua2_00028": { "width": 1334, "height": 750 }
		},
		"ic/yanhua2/yanhua2_2": {
			"ic/yanhua2/yanhua2_00001": { "width": 1334, "height": 750 },
			"ic/yanhua2/yanhua2_00002": { "width": 1334, "height": 750 },
			"ic/yanhua2/yanhua2_00003": { "width": 1334, "height": 750 },
			"ic/yanhua2/yanhua2_00004": { "width": 1334, "height": 750 },
			"ic/yanhua2/yanhua2_00005": { "width": 1334, "height": 750 },
			"ic/yanhua2/yanhua2_00006": { "width": 1334, "height": 750 },
			"ic/yanhua2/yanhua2_00007": { "width": 1334, "height": 750 },
			"ic/yanhua2/yanhua2_00008": { "width": 1334, "height": 750 },
			"ic/yanhua2/yanhua2_00009": { "width": 1334, "height": 750 },
			"ic/yanhua2/yanhua2_00010": { "width": 1334, "height": 750 },
			"ic/yanhua2/yanhua2_00011": { "width": 1334, "height": 750 },
			"ic/yanhua2/yanhua2_00012": { "width": 1334, "height": 750 },
			"ic/yanhua2/yanhua2_00013": { "width": 1334, "height": 750 },
			"ic/yanhua2/yanhua2_00014": { "width": 1334, "height": 750 },
			"ic/yanhua2/yanhua2_00015": { "width": 1334, "height": 750 },
			"ic/yanhua2/yanhua2_00016": { "width": 1334, "height": 750 },
			"ic/yanhua2/yanhua2_00017": { "width": 1334, "height": 750 },
			"ic/yanhua2/yanhua2_00018": { "width": 1334, "height": 750 },
			"ic/yanhua2/yanhua2_00019": { "width": 1334, "height": 750 },
			"ic/yanhua2/yanhua2_00020": { "width": 1334, "height": 750 },
			"ic/yanhua2/yanhua2_00021": { "width": 1334, "height": 750 },
			"ic/yanhua2/yanhua2_00022": { "width": 1334, "height": 750 },
			"ic/yanhua2/yanhua2_00023": { "width": 1334, "height": 750 },
			"ic/yanhua2/yanhua2_00024": { "width": 1334, "height": 750 },
			"ic/yanhua2/yanhua2_00025": { "width": 1334, "height": 750 },
			"ic/yanhua2/yanhua2_00026": { "width": 1334, "height": 750 },
			"ic/yanhua2/yanhua2_00027": { "width": 1334, "height": 750 },
			"ic/yanhua2/yanhua2_00028": { "width": 1334, "height": 750 }
		},
		"ic/yanhua2/yanhua2_3": {
			"ic/yanhua2/yanhua2_00001": { "width": 1334, "height": 750 },
			"ic/yanhua2/yanhua2_00002": { "width": 1334, "height": 750 },
			"ic/yanhua2/yanhua2_00003": { "width": 1334, "height": 750 },
			"ic/yanhua2/yanhua2_00004": { "width": 1334, "height": 750 },
			"ic/yanhua2/yanhua2_00005": { "width": 1334, "height": 750 },
			"ic/yanhua2/yanhua2_00006": { "width": 1334, "height": 750 },
			"ic/yanhua2/yanhua2_00007": { "width": 1334, "height": 750 },
			"ic/yanhua2/yanhua2_00008": { "width": 1334, "height": 750 },
			"ic/yanhua2/yanhua2_00009": { "width": 1334, "height": 750 },
			"ic/yanhua2/yanhua2_00010": { "width": 1334, "height": 750 },
			"ic/yanhua2/yanhua2_00011": { "width": 1334, "height": 750 },
			"ic/yanhua2/yanhua2_00012": { "width": 1334, "height": 750 },
			"ic/yanhua2/yanhua2_00013": { "width": 1334, "height": 750 },
			"ic/yanhua2/yanhua2_00014": { "width": 1334, "height": 750 },
			"ic/yanhua2/yanhua2_00015": { "width": 1334, "height": 750 },
			"ic/yanhua2/yanhua2_00016": { "width": 1334, "height": 750 },
			"ic/yanhua2/yanhua2_00017": { "width": 1334, "height": 750 },
			"ic/yanhua2/yanhua2_00018": { "width": 1334, "height": 750 },
			"ic/yanhua2/yanhua2_00019": { "width": 1334, "height": 750 },
			"ic/yanhua2/yanhua2_00020": { "width": 1334, "height": 750 },
			"ic/yanhua2/yanhua2_00021": { "width": 1334, "height": 750 },
			"ic/yanhua2/yanhua2_00022": { "width": 1334, "height": 750 },
			"ic/yanhua2/yanhua2_00023": { "width": 1334, "height": 750 },
			"ic/yanhua2/yanhua2_00024": { "width": 1334, "height": 750 },
			"ic/yanhua2/yanhua2_00025": { "width": 1334, "height": 750 },
			"ic/yanhua2/yanhua2_00026": { "width": 1334, "height": 750 },
			"ic/yanhua2/yanhua2_00027": { "width": 1334, "height": 750 },
			"ic/yanhua2/yanhua2_00028": { "width": 1334, "height": 750 }
		},
		"ic/yanhua2/yanhua2_4": {
			"ic/yanhua2/yanhua2_00001": { "width": 1334, "height": 750 },
			"ic/yanhua2/yanhua2_00002": { "width": 1334, "height": 750 },
			"ic/yanhua2/yanhua2_00003": { "width": 1334, "height": 750 },
			"ic/yanhua2/yanhua2_00004": { "width": 1334, "height": 750 },
			"ic/yanhua2/yanhua2_00005": { "width": 1334, "height": 750 },
			"ic/yanhua2/yanhua2_00006": { "width": 1334, "height": 750 },
			"ic/yanhua2/yanhua2_00007": { "width": 1334, "height": 750 },
			"ic/yanhua2/yanhua2_00008": { "width": 1334, "height": 750 },
			"ic/yanhua2/yanhua2_00009": { "width": 1334, "height": 750 },
			"ic/yanhua2/yanhua2_00010": { "width": 1334, "height": 750 },
			"ic/yanhua2/yanhua2_00011": { "width": 1334, "height": 750 },
			"ic/yanhua2/yanhua2_00012": { "width": 1334, "height": 750 },
			"ic/yanhua2/yanhua2_00013": { "width": 1334, "height": 750 },
			"ic/yanhua2/yanhua2_00014": { "width": 1334, "height": 750 },
			"ic/yanhua2/yanhua2_00015": { "width": 1334, "height": 750 },
			"ic/yanhua2/yanhua2_00016": { "width": 1334, "height": 750 },
			"ic/yanhua2/yanhua2_00017": { "width": 1334, "height": 750 },
			"ic/yanhua2/yanhua2_00018": { "width": 1334, "height": 750 },
			"ic/yanhua2/yanhua2_00019": { "width": 1334, "height": 750 },
			"ic/yanhua2/yanhua2_00020": { "width": 1334, "height": 750 },
			"ic/yanhua2/yanhua2_00021": { "width": 1334, "height": 750 },
			"ic/yanhua2/yanhua2_00022": { "width": 1334, "height": 750 },
			"ic/yanhua2/yanhua2_00023": { "width": 1334, "height": 750 },
			"ic/yanhua2/yanhua2_00024": { "width": 1334, "height": 750 },
			"ic/yanhua2/yanhua2_00025": { "width": 1334, "height": 750 },
			"ic/yanhua2/yanhua2_00026": { "width": 1334, "height": 750 },
			"ic/yanhua2/yanhua2_00027": { "width": 1334, "height": 750 },
			"ic/yanhua2/yanhua2_00028": { "width": 1334, "height": 750 }
		},
		"ic/yanhua2/yanhua2_5": {
			"ic/yanhua2/yanhua2_00001": { "width": 1334, "height": 750 },
			"ic/yanhua2/yanhua2_00002": { "width": 1334, "height": 750 },
			"ic/yanhua2/yanhua2_00003": { "width": 1334, "height": 750 },
			"ic/yanhua2/yanhua2_00004": { "width": 1334, "height": 750 },
			"ic/yanhua2/yanhua2_00005": { "width": 1334, "height": 750 },
			"ic/yanhua2/yanhua2_00006": { "width": 1334, "height": 750 },
			"ic/yanhua2/yanhua2_00007": { "width": 1334, "height": 750 },
			"ic/yanhua2/yanhua2_00008": { "width": 1334, "height": 750 },
			"ic/yanhua2/yanhua2_00009": { "width": 1334, "height": 750 },
			"ic/yanhua2/yanhua2_00010": { "width": 1334, "height": 750 },
			"ic/yanhua2/yanhua2_00011": { "width": 1334, "height": 750 },
			"ic/yanhua2/yanhua2_00012": { "width": 1334, "height": 750 },
			"ic/yanhua2/yanhua2_00013": { "width": 1334, "height": 750 },
			"ic/yanhua2/yanhua2_00014": { "width": 1334, "height": 750 },
			"ic/yanhua2/yanhua2_00015": { "width": 1334, "height": 750 },
			"ic/yanhua2/yanhua2_00016": { "width": 1334, "height": 750 },
			"ic/yanhua2/yanhua2_00017": { "width": 1334, "height": 750 },
			"ic/yanhua2/yanhua2_00018": { "width": 1334, "height": 750 },
			"ic/yanhua2/yanhua2_00019": { "width": 1334, "height": 750 },
			"ic/yanhua2/yanhua2_00020": { "width": 1334, "height": 750 },
			"ic/yanhua2/yanhua2_00021": { "width": 1334, "height": 750 },
			"ic/yanhua2/yanhua2_00022": { "width": 1334, "height": 750 },
			"ic/yanhua2/yanhua2_00023": { "width": 1334, "height": 750 },
			"ic/yanhua2/yanhua2_00024": { "width": 1334, "height": 750 },
			"ic/yanhua2/yanhua2_00025": { "width": 1334, "height": 750 },
			"ic/yanhua2/yanhua2_00026": { "width": 1334, "height": 750 },
			"ic/yanhua2/yanhua2_00027": { "width": 1334, "height": 750 },
			"ic/yanhua2/yanhua2_00028": { "width": 1334, "height": 750 }
		},
		"ic/yanhua2/yanhua2_6": {
			"ic/yanhua2/yanhua2_00001": { "width": 1334, "height": 750 },
			"ic/yanhua2/yanhua2_00002": { "width": 1334, "height": 750 },
			"ic/yanhua2/yanhua2_00003": { "width": 1334, "height": 750 },
			"ic/yanhua2/yanhua2_00004": { "width": 1334, "height": 750 },
			"ic/yanhua2/yanhua2_00005": { "width": 1334, "height": 750 },
			"ic/yanhua2/yanhua2_00006": { "width": 1334, "height": 750 },
			"ic/yanhua2/yanhua2_00007": { "width": 1334, "height": 750 },
			"ic/yanhua2/yanhua2_00008": { "width": 1334, "height": 750 },
			"ic/yanhua2/yanhua2_00009": { "width": 1334, "height": 750 },
			"ic/yanhua2/yanhua2_00010": { "width": 1334, "height": 750 },
			"ic/yanhua2/yanhua2_00011": { "width": 1334, "height": 750 },
			"ic/yanhua2/yanhua2_00012": { "width": 1334, "height": 750 },
			"ic/yanhua2/yanhua2_00013": { "width": 1334, "height": 750 },
			"ic/yanhua2/yanhua2_00014": { "width": 1334, "height": 750 },
			"ic/yanhua2/yanhua2_00015": { "width": 1334, "height": 750 },
			"ic/yanhua2/yanhua2_00016": { "width": 1334, "height": 750 },
			"ic/yanhua2/yanhua2_00017": { "width": 1334, "height": 750 },
			"ic/yanhua2/yanhua2_00018": { "width": 1334, "height": 750 },
			"ic/yanhua2/yanhua2_00019": { "width": 1334, "height": 750 },
			"ic/yanhua2/yanhua2_00020": { "width": 1334, "height": 750 },
			"ic/yanhua2/yanhua2_00021": { "width": 1334, "height": 750 },
			"ic/yanhua2/yanhua2_00022": { "width": 1334, "height": 750 },
			"ic/yanhua2/yanhua2_00023": { "width": 1334, "height": 750 },
			"ic/yanhua2/yanhua2_00024": { "width": 1334, "height": 750 },
			"ic/yanhua2/yanhua2_00025": { "width": 1334, "height": 750 },
			"ic/yanhua2/yanhua2_00026": { "width": 1334, "height": 750 },
			"ic/yanhua2/yanhua2_00027": { "width": 1334, "height": 750 },
			"ic/yanhua2/yanhua2_00028": { "width": 1334, "height": 750 }
		}
	}
},
"animations": {
	"yanhua": {
		"slots": {
			"ic/yanhua1/登录_00001": {
				"color": [
					{ "time": 0, "color": "ffffff00", "curve": "stepped" },
					{ "time": 0.1333, "color": "ffffff00" },
					{ "time": 0.1667, "color": "ffffffff", "curve": "stepped" },
					{ "time": 1.4, "color": "ffffffff" },
					{ "time": 1.4667, "color": "ffffff00", "curve": "stepped" },
					{ "time": 1.7, "color": "ffffff00", "curve": "stepped" },
					{ "time": 4, "color": "ffffff00" }
				],
				"attachment": [
					{ "time": 0, "name": "ic/yanhua1/登录_00001" },
					{ "time": 0.1667, "name": "ic/yanhua1/登录_00001" },
					{ "time": 0.2333, "name": "ic/yanhua1/登录_00003" },
					{ "time": 0.3, "name": "ic/yanhua1/登录_00005" },
					{ "time": 0.3667, "name": "ic/yanhua1/登录_00007" },
					{ "time": 0.4333, "name": "ic/yanhua1/登录_00009" },
					{ "time": 0.5, "name": "ic/yanhua1/登录_00011" },
					{ "time": 0.5667, "name": "ic/yanhua1/登录_00013" },
					{ "time": 0.6333, "name": "ic/yanhua1/登录_00015" },
					{ "time": 0.7, "name": "ic/yanhua1/登录_00017" },
					{ "time": 0.7667, "name": "ic/yanhua1/登录_00019" },
					{ "time": 0.8333, "name": "ic/yanhua1/登录_00021" },
					{ "time": 0.9, "name": "ic/yanhua1/登录_00023" },
					{ "time": 0.9667, "name": "ic/yanhua1/登录_00025" },
					{ "time": 1.0333, "name": "ic/yanhua1/登录_00027" },
					{ "time": 1.1, "name": "ic/yanhua1/登录_00029" },
					{ "time": 1.1667, "name": "ic/yanhua1/登录_00031" },
					{ "time": 1.2333, "name": "ic/yanhua1/登录_00033" },
					{ "time": 1.3, "name": "ic/yanhua1/登录_00035" },
					{ "time": 1.3667, "name": "ic/yanhua1/登录_00037" },
					{ "time": 1.7, "name": "ic/yanhua1/登录_00037" },
					{ "time": 4, "name": "ic/yanhua1/登录_00037" }
				]
			},
			"ic/yanhua1/登录_1": {
				"color": [
					{ "time": 0, "color": "ffffff00", "curve": "stepped" },
					{ "time": 1.0333, "color": "ffffff00" },
					{ "time": 1.0667, "color": "ffffffff", "curve": "stepped" },
					{ "time": 2.2667, "color": "ffffffff" },
					{ "time": 2.3333, "color": "ffffff00", "curve": "stepped" },
					{ "time": 2.5667, "color": "ffffff00", "curve": "stepped" },
					{ "time": 4, "color": "ffffff00" }
				],
				"attachment": [
					{ "time": 0, "name": "ic/yanhua1/登录_00001" },
					{ "time": 1.0667, "name": "ic/yanhua1/登录_00001" },
					{ "time": 1.1333, "name": "ic/yanhua1/登录_00003" },
					{ "time": 1.2, "name": "ic/yanhua1/登录_00005" },
					{ "time": 1.2667, "name": "ic/yanhua1/登录_00007" },
					{ "time": 1.3333, "name": "ic/yanhua1/登录_00009" },
					{ "time": 1.4, "name": "ic/yanhua1/登录_00011" },
					{ "time": 1.4667, "name": "ic/yanhua1/登录_00013" },
					{ "time": 1.5333, "name": "ic/yanhua1/登录_00015" },
					{ "time": 1.6, "name": "ic/yanhua1/登录_00017" },
					{ "time": 1.6667, "name": "ic/yanhua1/登录_00019" },
					{ "time": 1.7333, "name": "ic/yanhua1/登录_00021" },
					{ "time": 1.8, "name": "ic/yanhua1/登录_00023" },
					{ "time": 1.8667, "name": "ic/yanhua1/登录_00025" },
					{ "time": 1.9333, "name": "ic/yanhua1/登录_00027" },
					{ "time": 2, "name": "ic/yanhua1/登录_00029" },
					{ "time": 2.0667, "name": "ic/yanhua1/登录_00031" },
					{ "time": 2.1333, "name": "ic/yanhua1/登录_00033" },
					{ "time": 2.2, "name": "ic/yanhua1/登录_00035" },
					{ "time": 2.2667, "name": "ic/yanhua1/登录_00037" },
					{ "time": 2.5667, "name": "ic/yanhua1/登录_00037" },
					{ "time": 4, "name": "ic/yanhua1/登录_00037" }
				]
			},
			"ic/yanhua1/登录_2": {
				"color": [
					{ "time": 0, "color": "ffffff00", "curve": "stepped" },
					{ "time": 1.7333, "color": "ffffff00" },
					{ "time": 1.7667, "color": "ffffffff", "curve": "stepped" },
					{ "time": 2.9667, "color": "ffffffff" },
					{ "time": 3.0333, "color": "ffffff00", "curve": "stepped" },
					{ "time": 3.2333, "color": "ffffff00", "curve": "stepped" },
					{ "time": 4, "color": "ffffff00" }
				],
				"attachment": [
					{ "time": 0, "name": "ic/yanhua1/登录_00001" },
					{ "time": 1.7667, "name": "ic/yanhua1/登录_00001" },
					{ "time": 1.8333, "name": "ic/yanhua1/登录_00003" },
					{ "time": 1.9, "name": "ic/yanhua1/登录_00005" },
					{ "time": 1.9667, "name": "ic/yanhua1/登录_00007" },
					{ "time": 2.0333, "name": "ic/yanhua1/登录_00009" },
					{ "time": 2.1, "name": "ic/yanhua1/登录_00011" },
					{ "time": 2.1667, "name": "ic/yanhua1/登录_00013" },
					{ "time": 2.2333, "name": "ic/yanhua1/登录_00015" },
					{ "time": 2.3, "name": "ic/yanhua1/登录_00017" },
					{ "time": 2.3667, "name": "ic/yanhua1/登录_00019" },
					{ "time": 2.4333, "name": "ic/yanhua1/登录_00021" },
					{ "time": 2.5, "name": "ic/yanhua1/登录_00023" },
					{ "time": 2.5667, "name": "ic/yanhua1/登录_00025" },
					{ "time": 2.6333, "name": "ic/yanhua1/登录_00027" },
					{ "time": 2.7, "name": "ic/yanhua1/登录_00029" },
					{ "time": 2.7667, "name": "ic/yanhua1/登录_00031" },
					{ "time": 2.8333, "name": "ic/yanhua1/登录_00033" },
					{ "time": 2.9, "name": "ic/yanhua1/登录_00035" },
					{ "time": 2.9667, "name": "ic/yanhua1/登录_00037" },
					{ "time": 3.2333, "name": "ic/yanhua1/登录_00037" },
					{ "time": 4, "name": "ic/yanhua1/登录_00037" }
				]
			},
			"ic/yanhua1/登录_3": {
				"color": [
					{ "time": 0, "color": "ffffff00", "curve": "stepped" },
					{ "time": 2.1667, "color": "ffffff00" },
					{ "time": 2.2, "color": "ffffffff", "curve": "stepped" },
					{ "time": 3.4, "color": "ffffffff" },
					{ "time": 3.4667, "color": "ffffff00", "curve": "stepped" },
					{ "time": 3.6667, "color": "ffffff00", "curve": "stepped" },
					{ "time": 4, "color": "ffffff00" }
				],
				"attachment": [
					{ "time": 0, "name": "ic/yanhua1/登录_00001" },
					{ "time": 2.2, "name": "ic/yanhua1/登录_00001" },
					{ "time": 2.2667, "name": "ic/yanhua1/登录_00003" },
					{ "time": 2.3333, "name": "ic/yanhua1/登录_00005" },
					{ "time": 2.4, "name": "ic/yanhua1/登录_00007" },
					{ "time": 2.4667, "name": "ic/yanhua1/登录_00009" },
					{ "time": 2.5333, "name": "ic/yanhua1/登录_00011" },
					{ "time": 2.6, "name": "ic/yanhua1/登录_00013" },
					{ "time": 2.6667, "name": "ic/yanhua1/登录_00015" },
					{ "time": 2.7333, "name": "ic/yanhua1/登录_00017" },
					{ "time": 2.8, "name": "ic/yanhua1/登录_00019" },
					{ "time": 2.8667, "name": "ic/yanhua1/登录_00021" },
					{ "time": 2.9333, "name": "ic/yanhua1/登录_00023" },
					{ "time": 3, "name": "ic/yanhua1/登录_00025" },
					{ "time": 3.0667, "name": "ic/yanhua1/登录_00027" },
					{ "time": 3.1333, "name": "ic/yanhua1/登录_00029" },
					{ "time": 3.2, "name": "ic/yanhua1/登录_00031" },
					{ "time": 3.2667, "name": "ic/yanhua1/登录_00033" },
					{ "time": 3.3333, "name": "ic/yanhua1/登录_00035" },
					{ "time": 3.4, "name": "ic/yanhua1/登录_00037" },
					{ "time": 3.6667, "name": "ic/yanhua1/登录_00037" },
					{ "time": 4, "name": "ic/yanhua1/登录_00037" }
				]
			},
			"ic/yanhua1/登录_4": {
				"color": [
					{ "time": 0, "color": "ffffffff", "curve": "stepped" },
					{ "time": 0.0667, "color": "ffffffff" },
					{ "time": 0.1333, "color": "ffffff00", "curve": "stepped" },
					{ "time": 0.3667, "color": "ffffff00", "curve": "stepped" },
					{ "time": 3.0333, "color": "ffffff00", "curve": "stepped" },
					{ "time": 3.1667, "color": "ffffff00" },
					{ "time": 3.2, "color": "ffffffff", "curve": "stepped" },
					{ "time": 4, "color": "ffffffff" }
				],
				"attachment": [
					{ "time": 0, "name": "ic/yanhua1/登录_00033" },
					{ "time": 0.0667, "name": "ic/yanhua1/登录_00035" },
					{ "time": 0.1, "name": "ic/yanhua1/登录_00037" },
					{ "time": 0.3667, "name": "ic/yanhua1/登录_00037" },
					{ "time": 3.0333, "name": "ic/yanhua1/登录_00001" },
					{ "time": 3.2, "name": "ic/yanhua1/登录_00001" },
					{ "time": 3.2333, "name": "ic/yanhua1/登录_00003" },
					{ "time": 3.3, "name": "ic/yanhua1/登录_00005" },
					{ "time": 3.3333, "name": "ic/yanhua1/登录_00007" },
					{ "time": 3.4, "name": "ic/yanhua1/登录_00009" },
					{ "time": 3.4333, "name": "ic/yanhua1/登录_00011" },
					{ "time": 3.5, "name": "ic/yanhua1/登录_00013" },
					{ "time": 3.5333, "name": "ic/yanhua1/登录_00015" },
					{ "time": 3.6, "name": "ic/yanhua1/登录_00017" },
					{ "time": 3.6333, "name": "ic/yanhua1/登录_00019" },
					{ "time": 3.7, "name": "ic/yanhua1/登录_00021" },
					{ "time": 3.7333, "name": "ic/yanhua1/登录_00023" },
					{ "time": 3.8, "name": "ic/yanhua1/登录_00025" },
					{ "time": 3.8333, "name": "ic/yanhua1/登录_00027" },
					{ "time": 3.9, "name": "ic/yanhua1/登录_00029" },
					{ "time": 3.9333, "name": "ic/yanhua1/登录_00031" }
				]
			},
			"ic/yanhua1/登录_5": {
				"color": [
					{ "time": 0, "color": "ffffff00", "curve": "stepped" },
					{ "time": 1.8, "color": "ffffff00" },
					{ "time": 1.8333, "color": "ffffffff", "curve": "stepped" },
					{ "time": 3.0333, "color": "ffffffff" },
					{ "time": 3.1, "color": "ffffff00", "curve": "stepped" },
					{ "time": 4, "color": "ffffff00" }
				],
				"attachment": [
					{ "time": 0, "name": "ic/yanhua1/登录_00001" },
					{ "time": 1.8333, "name": "ic/yanhua1/登录_00001" },
					{ "time": 1.9, "name": "ic/yanhua1/登录_00003" },
					{ "time": 1.9667, "name": "ic/yanhua1/登录_00005" },
					{ "time": 2.0333, "name": "ic/yanhua1/登录_00007" },
					{ "time": 2.1, "name": "ic/yanhua1/登录_00009" },
					{ "time": 2.1667, "name": "ic/yanhua1/登录_00011" },
					{ "time": 2.2333, "name": "ic/yanhua1/登录_00013" },
					{ "time": 2.3, "name": "ic/yanhua1/登录_00015" },
					{ "time": 2.3667, "name": "ic/yanhua1/登录_00017" },
					{ "time": 2.4333, "name": "ic/yanhua1/登录_00019" },
					{ "time": 2.5, "name": "ic/yanhua1/登录_00021" },
					{ "time": 2.5667, "name": "ic/yanhua1/登录_00023" },
					{ "time": 2.6333, "name": "ic/yanhua1/登录_00025" },
					{ "time": 2.7, "name": "ic/yanhua1/登录_00027" },
					{ "time": 2.7667, "name": "ic/yanhua1/登录_00029" },
					{ "time": 2.8333, "name": "ic/yanhua1/登录_00031" },
					{ "time": 2.9, "name": "ic/yanhua1/登录_00033" },
					{ "time": 2.9667, "name": "ic/yanhua1/登录_00035" },
					{ "time": 3.0333, "name": "ic/yanhua1/登录_00037" },
					{ "time": 4, "name": "ic/yanhua1/登录_00037" }
				]
			},
			"ic/yanhua2/yanhua2_00001": {
				"color": [
					{ "time": 0, "color": "ffffff00", "curve": "stepped" },
					{ "time": 0.4333, "color": "ffffff00" },
					{ "time": 0.5, "color": "ffffffff", "curve": "stepped" },
					{ "time": 1.8, "color": "ffffffff" },
					{ "time": 1.9, "color": "ffffff00", "curve": "stepped" },
					{ "time": 2, "color": "ffffff00", "curve": "stepped" },
					{ "time": 4, "color": "ffffff00" }
				],
				"attachment": [
					{ "time": 0, "name": "ic/yanhua2/yanhua2_00001" },
					{ "time": 0.5, "name": "ic/yanhua2/yanhua2_00001" },
					{ "time": 0.5333, "name": "ic/yanhua2/yanhua2_00002" },
					{ "time": 0.6, "name": "ic/yanhua2/yanhua2_00003" },
					{ "time": 0.6333, "name": "ic/yanhua2/yanhua2_00004" },
					{ "time": 0.7, "name": "ic/yanhua2/yanhua2_00005" },
					{ "time": 0.7333, "name": "ic/yanhua2/yanhua2_00006" },
					{ "time": 0.8, "name": "ic/yanhua2/yanhua2_00007" },
					{ "time": 0.8333, "name": "ic/yanhua2/yanhua2_00008" },
					{ "time": 0.9, "name": "ic/yanhua2/yanhua2_00009" },
					{ "time": 0.9333, "name": "ic/yanhua2/yanhua2_00010" },
					{ "time": 1, "name": "ic/yanhua2/yanhua2_00011" },
					{ "time": 1.0333, "name": "ic/yanhua2/yanhua2_00012" },
					{ "time": 1.1, "name": "ic/yanhua2/yanhua2_00013" },
					{ "time": 1.1333, "name": "ic/yanhua2/yanhua2_00014" },
					{ "time": 1.2, "name": "ic/yanhua2/yanhua2_00015" },
					{ "time": 1.2333, "name": "ic/yanhua2/yanhua2_00016" },
					{ "time": 1.3, "name": "ic/yanhua2/yanhua2_00017" },
					{ "time": 1.3333, "name": "ic/yanhua2/yanhua2_00018" },
					{ "time": 1.4, "name": "ic/yanhua2/yanhua2_00019" },
					{ "time": 1.4333, "name": "ic/yanhua2/yanhua2_00020" },
					{ "time": 1.5, "name": "ic/yanhua2/yanhua2_00021" },
					{ "time": 1.5333, "name": "ic/yanhua2/yanhua2_00022" },
					{ "time": 1.6, "name": "ic/yanhua2/yanhua2_00023" },
					{ "time": 1.6333, "name": "ic/yanhua2/yanhua2_00024" },
					{ "time": 1.7, "name": "ic/yanhua2/yanhua2_00025" },
					{ "time": 1.7333, "name": "ic/yanhua2/yanhua2_00026" },
					{ "time": 1.8, "name": "ic/yanhua2/yanhua2_00027" },
					{ "time": 1.8333, "name": "ic/yanhua2/yanhua2_00028" },
					{ "time": 2, "name": "ic/yanhua2/yanhua2_00001" },
					{ "time": 4, "name": "ic/yanhua2/yanhua2_00001" }
				]
			},
			"ic/yanhua2/yanhua2_1": {
				"color": [
					{ "time": 0, "color": "ffffff00", "curve": "stepped" },
					{ "time": 0.7667, "color": "ffffff00" },
					{ "time": 0.8333, "color": "ffffffff", "curve": "stepped" },
					{ "time": 2.1333, "color": "ffffffff" },
					{ "time": 2.2333, "color": "ffffff00", "curve": "stepped" },
					{ "time": 2.3333, "color": "ffffff00", "curve": "stepped" },
					{ "time": 4, "color": "ffffff00" }
				],
				"attachment": [
					{ "time": 0, "name": "ic/yanhua2/yanhua2_00001" },
					{ "time": 0.8333, "name": "ic/yanhua2/yanhua2_00001" },
					{ "time": 0.8667, "name": "ic/yanhua2/yanhua2_00002" },
					{ "time": 0.9333, "name": "ic/yanhua2/yanhua2_00003" },
					{ "time": 0.9667, "name": "ic/yanhua2/yanhua2_00004" },
					{ "time": 1.0333, "name": "ic/yanhua2/yanhua2_00005" },
					{ "time": 1.0667, "name": "ic/yanhua2/yanhua2_00006" },
					{ "time": 1.1333, "name": "ic/yanhua2/yanhua2_00007" },
					{ "time": 1.1667, "name": "ic/yanhua2/yanhua2_00008" },
					{ "time": 1.2333, "name": "ic/yanhua2/yanhua2_00009" },
					{ "time": 1.2667, "name": "ic/yanhua2/yanhua2_00010" },
					{ "time": 1.3333, "name": "ic/yanhua2/yanhua2_00011" },
					{ "time": 1.3667, "name": "ic/yanhua2/yanhua2_00012" },
					{ "time": 1.4333, "name": "ic/yanhua2/yanhua2_00013" },
					{ "time": 1.4667, "name": "ic/yanhua2/yanhua2_00014" },
					{ "time": 1.5333, "name": "ic/yanhua2/yanhua2_00015" },
					{ "time": 1.5667, "name": "ic/yanhua2/yanhua2_00016" },
					{ "time": 1.6333, "name": "ic/yanhua2/yanhua2_00017" },
					{ "time": 1.6667, "name": "ic/yanhua2/yanhua2_00018" },
					{ "time": 1.7333, "name": "ic/yanhua2/yanhua2_00019" },
					{ "time": 1.7667, "name": "ic/yanhua2/yanhua2_00020" },
					{ "time": 1.8333, "name": "ic/yanhua2/yanhua2_00021" },
					{ "time": 1.8667, "name": "ic/yanhua2/yanhua2_00022" },
					{ "time": 1.9333, "name": "ic/yanhua2/yanhua2_00023" },
					{ "time": 1.9667, "name": "ic/yanhua2/yanhua2_00024" },
					{ "time": 2.0333, "name": "ic/yanhua2/yanhua2_00025" },
					{ "time": 2.0667, "name": "ic/yanhua2/yanhua2_00026" },
					{ "time": 2.1333, "name": "ic/yanhua2/yanhua2_00027" },
					{ "time": 2.1667, "name": "ic/yanhua2/yanhua2_00028" },
					{ "time": 2.3333, "name": "ic/yanhua2/yanhua2_00001" },
					{ "time": 4, "name": "ic/yanhua2/yanhua2_00001" }
				]
			},
			"ic/yanhua2/yanhua2_2": {
				"color": [
					{ "time": 0, "color": "ffffff00", "curve": "stepped" },
					{ "time": 2.4333, "color": "ffffff00" },
					{ "time": 2.5, "color": "ffffffff", "curve": "stepped" },
					{ "time": 3.8, "color": "ffffffff" },
					{ "time": 3.9, "color": "ffffff00", "curve": "stepped" },
					{ "time": 4, "color": "ffffff00" }
				],
				"attachment": [
					{ "time": 0, "name": "ic/yanhua2/yanhua2_00001" },
					{ "time": 2.5, "name": "ic/yanhua2/yanhua2_00001" },
					{ "time": 2.5333, "name": "ic/yanhua2/yanhua2_00002" },
					{ "time": 2.6, "name": "ic/yanhua2/yanhua2_00003" },
					{ "time": 2.6333, "name": "ic/yanhua2/yanhua2_00004" },
					{ "time": 2.7, "name": "ic/yanhua2/yanhua2_00005" },
					{ "time": 2.7333, "name": "ic/yanhua2/yanhua2_00006" },
					{ "time": 2.8, "name": "ic/yanhua2/yanhua2_00007" },
					{ "time": 2.8333, "name": "ic/yanhua2/yanhua2_00008" },
					{ "time": 2.9, "name": "ic/yanhua2/yanhua2_00009" },
					{ "time": 2.9333, "name": "ic/yanhua2/yanhua2_00010" },
					{ "time": 3, "name": "ic/yanhua2/yanhua2_00011" },
					{ "time": 3.0333, "name": "ic/yanhua2/yanhua2_00012" },
					{ "time": 3.1, "name": "ic/yanhua2/yanhua2_00013" },
					{ "time": 3.1333, "name": "ic/yanhua2/yanhua2_00014" },
					{ "time": 3.2, "name": "ic/yanhua2/yanhua2_00015" },
					{ "time": 3.2333, "name": "ic/yanhua2/yanhua2_00016" },
					{ "time": 3.3, "name": "ic/yanhua2/yanhua2_00017" },
					{ "time": 3.3333, "name": "ic/yanhua2/yanhua2_00018" },
					{ "time": 3.4, "name": "ic/yanhua2/yanhua2_00019" },
					{ "time": 3.4333, "name": "ic/yanhua2/yanhua2_00020" },
					{ "time": 3.5, "name": "ic/yanhua2/yanhua2_00021" },
					{ "time": 3.5333, "name": "ic/yanhua2/yanhua2_00022" },
					{ "time": 3.6, "name": "ic/yanhua2/yanhua2_00023" },
					{ "time": 3.6333, "name": "ic/yanhua2/yanhua2_00024" },
					{ "time": 3.7, "name": "ic/yanhua2/yanhua2_00025" },
					{ "time": 3.7333, "name": "ic/yanhua2/yanhua2_00026" },
					{ "time": 3.8, "name": "ic/yanhua2/yanhua2_00027" },
					{ "time": 3.8333, "name": "ic/yanhua2/yanhua2_00028" },
					{ "time": 4, "name": "ic/yanhua2/yanhua2_00001" }
				]
			},
			"ic/yanhua2/yanhua2_3": {
				"color": [
					{ "time": 0, "color": "ffffffff", "curve": "stepped" },
					{ "time": 0.0667, "color": "ffffffff" },
					{ "time": 0.1667, "color": "ffffff00", "curve": "stepped" },
					{ "time": 0.2667, "color": "ffffff00", "curve": "stepped" },
					{ "time": 0.8333, "color": "ffffff00", "curve": "stepped" },
					{ "time": 2.7, "color": "ffffff00" },
					{ "time": 2.7667, "color": "ffffffff", "curve": "stepped" },
					{ "time": 4, "color": "ffffffff" }
				],
				"attachment": [
					{ "time": 0, "name": "ic/yanhua2/yanhua2_00026" },
					{ "time": 0.0667, "name": "ic/yanhua2/yanhua2_00027" },
					{ "time": 0.1, "name": "ic/yanhua2/yanhua2_00028" },
					{ "time": 0.2667, "name": "ic/yanhua2/yanhua2_00001" },
					{ "time": 0.8333, "name": "ic/yanhua2/yanhua2_00001" },
					{ "time": 2.7667, "name": "ic/yanhua2/yanhua2_00001" },
					{ "time": 2.8, "name": "ic/yanhua2/yanhua2_00002" },
					{ "time": 2.8667, "name": "ic/yanhua2/yanhua2_00003" },
					{ "time": 2.9, "name": "ic/yanhua2/yanhua2_00004" },
					{ "time": 2.9667, "name": "ic/yanhua2/yanhua2_00005" },
					{ "time": 3, "name": "ic/yanhua2/yanhua2_00006" },
					{ "time": 3.0667, "name": "ic/yanhua2/yanhua2_00007" },
					{ "time": 3.1, "name": "ic/yanhua2/yanhua2_00008" },
					{ "time": 3.1667, "name": "ic/yanhua2/yanhua2_00009" },
					{ "time": 3.2, "name": "ic/yanhua2/yanhua2_00010" },
					{ "time": 3.2667, "name": "ic/yanhua2/yanhua2_00011" },
					{ "time": 3.3, "name": "ic/yanhua2/yanhua2_00012" },
					{ "time": 3.3667, "name": "ic/yanhua2/yanhua2_00013" },
					{ "time": 3.4, "name": "ic/yanhua2/yanhua2_00014" },
					{ "time": 3.4667, "name": "ic/yanhua2/yanhua2_00015" },
					{ "time": 3.5, "name": "ic/yanhua2/yanhua2_00016" },
					{ "time": 3.5667, "name": "ic/yanhua2/yanhua2_00017" },
					{ "time": 3.6, "name": "ic/yanhua2/yanhua2_00018" },
					{ "time": 3.6667, "name": "ic/yanhua2/yanhua2_00019" },
					{ "time": 3.7, "name": "ic/yanhua2/yanhua2_00020" },
					{ "time": 3.7667, "name": "ic/yanhua2/yanhua2_00021" },
					{ "time": 3.8, "name": "ic/yanhua2/yanhua2_00022" },
					{ "time": 3.8667, "name": "ic/yanhua2/yanhua2_00023" },
					{ "time": 3.9, "name": "ic/yanhua2/yanhua2_00024" },
					{ "time": 3.9667, "name": "ic/yanhua2/yanhua2_00025" }
				]
			},
			"ic/yanhua2/yanhua2_4": {
				"color": [
					{ "time": 0, "color": "ffffffff", "curve": "stepped" },
					{ "time": 0.7667, "color": "ffffffff" },
					{ "time": 0.8667, "color": "ffffff00", "curve": "stepped" },
					{ "time": 0.9667, "color": "ffffff00", "curve": "stepped" },
					{ "time": 2.9667, "color": "ffffff00", "curve": "stepped" },
					{ "time": 3.4, "color": "ffffff00" },
					{ "time": 3.4667, "color": "ffffffff", "curve": "stepped" },
					{ "time": 4, "color": "ffffffff" }
				],
				"attachment": [
					{ "time": 0, "name": "ic/yanhua2/yanhua2_00012" },
					{ "time": 0.0667, "name": "ic/yanhua2/yanhua2_00013" },
					{ "time": 0.1, "name": "ic/yanhua2/yanhua2_00014" },
					{ "time": 0.1667, "name": "ic/yanhua2/yanhua2_00015" },
					{ "time": 0.2, "name": "ic/yanhua2/yanhua2_00016" },
					{ "time": 0.2667, "name": "ic/yanhua2/yanhua2_00017" },
					{ "time": 0.3, "name": "ic/yanhua2/yanhua2_00018" },
					{ "time": 0.3667, "name": "ic/yanhua2/yanhua2_00019" },
					{ "time": 0.4, "name": "ic/yanhua2/yanhua2_00020" },
					{ "time": 0.4667, "name": "ic/yanhua2/yanhua2_00021" },
					{ "time": 0.5, "name": "ic/yanhua2/yanhua2_00022" },
					{ "time": 0.5667, "name": "ic/yanhua2/yanhua2_00023" },
					{ "time": 0.6, "name": "ic/yanhua2/yanhua2_00024" },
					{ "time": 0.6667, "name": "ic/yanhua2/yanhua2_00025" },
					{ "time": 0.7, "name": "ic/yanhua2/yanhua2_00026" },
					{ "time": 0.7667, "name": "ic/yanhua2/yanhua2_00027" },
					{ "time": 0.8, "name": "ic/yanhua2/yanhua2_00028" },
					{ "time": 0.9667, "name": "ic/yanhua2/yanhua2_00001" },
					{ "time": 2.9667, "name": "ic/yanhua2/yanhua2_00001" },
					{ "time": 3.4667, "name": "ic/yanhua2/yanhua2_00001" },
					{ "time": 3.5, "name": "ic/yanhua2/yanhua2_00002" },
					{ "time": 3.5667, "name": "ic/yanhua2/yanhua2_00003" },
					{ "time": 3.6, "name": "ic/yanhua2/yanhua2_00004" },
					{ "time": 3.6667, "name": "ic/yanhua2/yanhua2_00005" },
					{ "time": 3.7, "name": "ic/yanhua2/yanhua2_00006" },
					{ "time": 3.7667, "name": "ic/yanhua2/yanhua2_00007" },
					{ "time": 3.8, "name": "ic/yanhua2/yanhua2_00008" },
					{ "time": 3.8667, "name": "ic/yanhua2/yanhua2_00009" },
					{ "time": 3.9, "name": "ic/yanhua2/yanhua2_00010" },
					{ "time": 3.9667, "name": "ic/yanhua2/yanhua2_00011" }
				]
			},
			"ic/yanhua2/yanhua2_5": {
				"color": [
					{ "time": 0, "color": "ffffff00", "curve": "stepped" },
					{ "time": 0.4333, "color": "ffffff00" },
					{ "time": 0.5, "color": "ffffffff", "curve": "stepped" },
					{ "time": 1.8, "color": "ffffffff" },
					{ "time": 1.9, "color": "ffffff00", "curve": "stepped" },
					{ "time": 2, "color": "ffffff00", "curve": "stepped" },
					{ "time": 4, "color": "ffffff00" }
				],
				"attachment": [
					{ "time": 0, "name": "ic/yanhua2/yanhua2_00001" },
					{ "time": 0.5, "name": "ic/yanhua2/yanhua2_00001" },
					{ "time": 0.5333, "name": "ic/yanhua2/yanhua2_00002" },
					{ "time": 0.6, "name": "ic/yanhua2/yanhua2_00003" },
					{ "time": 0.6333, "name": "ic/yanhua2/yanhua2_00004" },
					{ "time": 0.7, "name": "ic/yanhua2/yanhua2_00005" },
					{ "time": 0.7333, "name": "ic/yanhua2/yanhua2_00006" },
					{ "time": 0.8, "name": "ic/yanhua2/yanhua2_00007" },
					{ "time": 0.8333, "name": "ic/yanhua2/yanhua2_00008" },
					{ "time": 0.9, "name": "ic/yanhua2/yanhua2_00009" },
					{ "time": 0.9333, "name": "ic/yanhua2/yanhua2_00010" },
					{ "time": 1, "name": "ic/yanhua2/yanhua2_00011" },
					{ "time": 1.0333, "name": "ic/yanhua2/yanhua2_00012" },
					{ "time": 1.1, "name": "ic/yanhua2/yanhua2_00013" },
					{ "time": 1.1333, "name": "ic/yanhua2/yanhua2_00014" },
					{ "time": 1.2, "name": "ic/yanhua2/yanhua2_00015" },
					{ "time": 1.2333, "name": "ic/yanhua2/yanhua2_00016" },
					{ "time": 1.3, "name": "ic/yanhua2/yanhua2_00017" },
					{ "time": 1.3333, "name": "ic/yanhua2/yanhua2_00018" },
					{ "time": 1.4, "name": "ic/yanhua2/yanhua2_00019" },
					{ "time": 1.4333, "name": "ic/yanhua2/yanhua2_00020" },
					{ "time": 1.5, "name": "ic/yanhua2/yanhua2_00021" },
					{ "time": 1.5333, "name": "ic/yanhua2/yanhua2_00022" },
					{ "time": 1.6, "name": "ic/yanhua2/yanhua2_00023" },
					{ "time": 1.6333, "name": "ic/yanhua2/yanhua2_00024" },
					{ "time": 1.7, "name": "ic/yanhua2/yanhua2_00025" },
					{ "time": 1.7333, "name": "ic/yanhua2/yanhua2_00026" },
					{ "time": 1.8, "name": "ic/yanhua2/yanhua2_00027" },
					{ "time": 1.8333, "name": "ic/yanhua2/yanhua2_00028" },
					{ "time": 2, "name": "ic/yanhua2/yanhua2_00001" },
					{ "time": 4, "name": "ic/yanhua2/yanhua2_00001" }
				]
			},
			"ic/yanhua2/yanhua2_6": {
				"color": [
					{ "time": 0, "color": "ffffff00", "curve": "stepped" },
					{ "time": 1.2333, "color": "ffffff00" },
					{ "time": 1.3, "color": "ffffffff", "curve": "stepped" },
					{ "time": 2.6, "color": "ffffffff" },
					{ "time": 2.7, "color": "ffffff00", "curve": "stepped" },
					{ "time": 2.8, "color": "ffffff00", "curve": "stepped" },
					{ "time": 4, "color": "ffffff00" }
				],
				"attachment": [
					{ "time": 0, "name": "ic/yanhua2/yanhua2_00001" },
					{ "time": 1.3, "name": "ic/yanhua2/yanhua2_00001" },
					{ "time": 1.3333, "name": "ic/yanhua2/yanhua2_00002" },
					{ "time": 1.4, "name": "ic/yanhua2/yanhua2_00003" },
					{ "time": 1.4333, "name": "ic/yanhua2/yanhua2_00004" },
					{ "time": 1.5, "name": "ic/yanhua2/yanhua2_00005" },
					{ "time": 1.5333, "name": "ic/yanhua2/yanhua2_00006" },
					{ "time": 1.6, "name": "ic/yanhua2/yanhua2_00007" },
					{ "time": 1.6333, "name": "ic/yanhua2/yanhua2_00008" },
					{ "time": 1.7, "name": "ic/yanhua2/yanhua2_00009" },
					{ "time": 1.7333, "name": "ic/yanhua2/yanhua2_00010" },
					{ "time": 1.8, "name": "ic/yanhua2/yanhua2_00011" },
					{ "time": 1.8333, "name": "ic/yanhua2/yanhua2_00012" },
					{ "time": 1.9, "name": "ic/yanhua2/yanhua2_00013" },
					{ "time": 1.9333, "name": "ic/yanhua2/yanhua2_00014" },
					{ "time": 2, "name": "ic/yanhua2/yanhua2_00015" },
					{ "time": 2.0333, "name": "ic/yanhua2/yanhua2_00016" },
					{ "time": 2.1, "name": "ic/yanhua2/yanhua2_00017" },
					{ "time": 2.1333, "name": "ic/yanhua2/yanhua2_00018" },
					{ "time": 2.2, "name": "ic/yanhua2/yanhua2_00019" },
					{ "time": 2.2333, "name": "ic/yanhua2/yanhua2_00020" },
					{ "time": 2.3, "name": "ic/yanhua2/yanhua2_00021" },
					{ "time": 2.3333, "name": "ic/yanhua2/yanhua2_00022" },
					{ "time": 2.4, "name": "ic/yanhua2/yanhua2_00023" },
					{ "time": 2.4333, "name": "ic/yanhua2/yanhua2_00024" },
					{ "time": 2.5, "name": "ic/yanhua2/yanhua2_00025" },
					{ "time": 2.5333, "name": "ic/yanhua2/yanhua2_00026" },
					{ "time": 2.6, "name": "ic/yanhua2/yanhua2_00027" },
					{ "time": 2.6333, "name": "ic/yanhua2/yanhua2_00028" },
					{ "time": 2.8, "name": "ic/yanhua2/yanhua2_00001" },
					{ "time": 4, "name": "ic/yanhua2/yanhua2_00001" }
				]
			}
		}
	}
}
}