{
"skeleton": { "hash": "1gP8DCDwwnODEDv/cdgtfY2gIyQ", "spine": "3.7.93", "width": 750, "height": 1334 },
"bones": [
	{ "name": "root" },
	{ "name": "zong", "parent": "root", "x": -146, "y": -34.53 },
	{ "name": "1", "parent": "zong", "length": 39.4, "rotation": 90, "x": 128.42, "y": 32.05 },
	{ "name": "3", "parent": "zong", "length": 18.68, "rotation": 61.5, "x": 224.57, "y": 40.96 },
	{ "name": "6", "parent": "zong", "length": 21.25, "rotation": 67.96, "x": 211.43, "y": 39.09 },
	{ "name": "9", "parent": "zong", "length": 29.83, "rotation": 106.44, "x": 95.12, "y": 61.6 },
	{ "name": "10", "parent": "zong", "length": 25.81, "rotation": 92.08, "x": 145.31, "y": 74.73 },
	{ "name": "8", "parent": "zong", "length": 44.07, "rotation": 73.3, "x": 178.14, "y": 63.01 }
],
"slots": [
	{ "name": "10", "bone": "10", "attachment": "10" },
	{ "name": "9", "bone": "9", "attachment": "9" },
	{ "name": "8", "bone": "8", "attachment": "8" },
	{ "name": "7", "bone": "zong", "attachment": "7" },
	{ "name": "6", "bone": "zong", "attachment": "6" },
	{ "name": "5", "bone": "zong", "attachment": "5" },
	{ "name": "4", "bone": "6", "attachment": "4" },
	{ "name": "3", "bone": "3", "attachment": "3" },
	{ "name": "2", "bone": "zong", "attachment": "2" },
	{ "name": "1", "bone": "1", "attachment": "1" }
],
"skins": {
	"default": {
		"1": {
			"1": { "x": 1.09, "y": -9.21, "rotation": -90, "width": 126, "height": 56 }
		},
		"10": {
			"10": { "x": -0.53, "y": 1.7, "rotation": -92.08, "width": 40, "height": 40 }
		},
		"2": {
			"2": { "x": 138.13, "y": 33.14, "width": 103, "height": 32 }
		},
		"3": {
			"3": { "x": -7.42, "y": 6.71, "rotation": -61.5, "width": 39, "height": 59 }
		},
		"4": {
			"4": { "x": -2.48, "y": 0.95, "rotation": -67.96, "width": 30, "height": 42 }
		},
		"5": {
			"5": { "x": 215.13, "y": 37.64, "width": 27, "height": 49 }
		},
		"6": {
			"6": { "x": 210.13, "y": 37.64, "width": 17, "height": 31 }
		},
		"7": {
			"7": { "x": 152.13, "y": 38.14, "width": 189, "height": 90 }
		},
		"8": {
			"8": { "x": 10.67, "y": -2.01, "rotation": -73.3, "width": 63, "height": 71 }
		},
		"9": {
			"9": { "x": 0.15, "y": -3.18, "rotation": -106.44, "width": 79, "height": 63 }
		}
	}
},
"animations": {
	"game": {
		"slots": {
			"1": {
				"color": [
					{ "time": 0, "color": "ffffffff", "curve": "stepped" },
					{ "time": 0.2667, "color": "ffffffff" },
					{ "time": 0.3333, "color": "ffffff00" },
					{ "time": 0.4, "color": "ffffffff", "curve": "stepped" },
					{ "time": 0.5, "color": "ffffffff" },
					{ "time": 0.5667, "color": "ffffff00" },
					{ "time": 0.6333, "color": "ffffffff", "curve": "stepped" },
					{ "time": 0.7667, "color": "ffffffff" },
					{ "time": 0.8333, "color": "ffffff00", "curve": "stepped" },
					{ "time": 1.2, "color": "ffffff00" },
					{ "time": 1.3, "color": "ffffffff", "curve": "stepped" },
					{ "time": 1.5, "color": "ffffffff" },
					{ "time": 1.5667, "color": "ffffff00" },
					{ "time": 1.6333, "color": "ffffffff", "curve": "stepped" },
					{ "time": 2.0667, "color": "ffffffff" },
					{ "time": 2.1333, "color": "ffffff00" },
					{ "time": 2.2, "color": "ffffffff" },
					{ "time": 2.2667, "color": "ffffff00", "curve": "stepped" },
					{ "time": 2.5, "color": "ffffff00" },
					{ "time": 2.5667, "color": "ffffffff", "curve": "stepped" },
					{ "time": 2.8333, "color": "ffffffff" }
				]
			},
			"3": {
				"color": [
					{ "time": 0, "color": "ffffffff", "curve": "stepped" },
					{ "time": 0.1, "color": "ffffffff" },
					{ "time": 0.1667, "color": "ffffff00" },
					{ "time": 0.2333, "color": "ffffffff", "curve": "stepped" },
					{ "time": 0.7333, "color": "ffffffff" },
					{ "time": 0.8, "color": "ffffff00" },
					{ "time": 0.8667, "color": "ffffffff", "curve": "stepped" },
					{ "time": 1.2333, "color": "ffffffff" },
					{ "time": 1.3, "color": "ffffff00", "curve": "stepped" },
					{ "time": 1.7, "color": "ffffff00" },
					{ "time": 1.7667, "color": "ffffffff", "curve": "stepped" },
					{ "time": 2.1667, "color": "ffffffff" },
					{ "time": 2.2333, "color": "ffffff00" },
					{ "time": 2.3, "color": "ffffffff", "curve": "stepped" },
					{ "time": 2.4667, "color": "ffffffff" },
					{ "time": 2.5333, "color": "ffffff00" },
					{ "time": 2.6, "color": "ffffffff", "curve": "stepped" },
					{ "time": 2.8333, "color": "ffffffff" }
				]
			},
			"4": {
				"color": [
					{ "time": 0, "color": "ffffffff", "curve": "stepped" },
					{ "time": 0.1667, "color": "ffffffff" },
					{ "time": 0.2333, "color": "ffffff00" },
					{ "time": 0.3, "color": "ffffffff", "curve": "stepped" },
					{ "time": 0.8667, "color": "ffffffff" },
					{ "time": 0.9333, "color": "ffffff00" },
					{ "time": 1, "color": "ffffffff", "curve": "stepped" },
					{ "time": 1.4, "color": "ffffffff" },
					{ "time": 1.4667, "color": "ffffff00", "curve": "stepped" },
					{ "time": 1.9, "color": "ffffff00" },
					{ "time": 1.9333, "color": "ffffffff", "curve": "stepped" },
					{ "time": 2.5, "color": "ffffffff" },
					{ "time": 2.5667, "color": "ffffff00" },
					{ "time": 2.6333, "color": "ffffffff", "curve": "stepped" },
					{ "time": 2.8333, "color": "ffffffff" }
				]
			}
		},
		"bones": {
			"1": {
				"rotate": [
					{ "time": 0, "angle": 0, "curve": "stepped" },
					{ "time": 2.8333, "angle": 0 }
				],
				"translate": [
					{ "time": 0, "x": 0, "y": 0, "curve": "stepped" },
					{ "time": 2.8333, "x": 0, "y": 0 }
				],
				"scale": [
					{ "time": 0, "x": 1, "y": 1, "curve": "stepped" },
					{ "time": 2.8333, "x": 1, "y": 1 }
				],
				"shear": [
					{ "time": 0, "x": 0, "y": 0, "curve": "stepped" },
					{ "time": 2.8333, "x": 0, "y": 0 }
				]
			},
			"6": {
				"rotate": [
					{ "time": 0, "angle": 0, "curve": "stepped" },
					{ "time": 2.8333, "angle": 0 }
				],
				"translate": [
					{ "time": 0, "x": 0, "y": 0, "curve": "stepped" },
					{ "time": 2.8333, "x": 0, "y": 0 }
				],
				"scale": [
					{ "time": 0, "x": 1, "y": 1, "curve": "stepped" },
					{ "time": 2.8333, "x": 1, "y": 1 }
				],
				"shear": [
					{ "time": 0, "x": 0, "y": 0, "curve": "stepped" },
					{ "time": 2.8333, "x": 0, "y": 0 }
				]
			},
			"3": {
				"rotate": [
					{ "time": 0, "angle": 0, "curve": "stepped" },
					{ "time": 2.8333, "angle": 0 }
				],
				"translate": [
					{ "time": 0, "x": 0, "y": 0, "curve": "stepped" },
					{ "time": 2.8333, "x": 0, "y": 0 }
				],
				"scale": [
					{ "time": 0, "x": 1, "y": 1, "curve": "stepped" },
					{ "time": 2.8333, "x": 1, "y": 1 }
				],
				"shear": [
					{ "time": 0, "x": 0, "y": 0, "curve": "stepped" },
					{ "time": 2.8333, "x": 0, "y": 0 }
				]
			},
			"9": {
				"rotate": [
					{ "time": 0, "angle": 0, "curve": "stepped" },
					{ "time": 2.8333, "angle": 0 }
				],
				"translate": [
					{
						"time": 0,
						"x": 0,
						"y": 0,
						"curve": [ 0.25, 0, 0.75, 1 ]
					},
					{
						"time": 1.4,
						"x": 2,
						"y": -6.78,
						"curve": [ 0.25, 0, 0.75, 1 ]
					},
					{ "time": 2.8333, "x": 0, "y": 0 }
				],
				"scale": [
					{ "time": 0, "x": 1, "y": 1, "curve": "stepped" },
					{ "time": 2.8333, "x": 1, "y": 1 }
				],
				"shear": [
					{ "time": 0, "x": 0, "y": 0, "curve": "stepped" },
					{ "time": 2.8333, "x": 0, "y": 0 }
				]
			},
			"8": {
				"rotate": [
					{ "time": 0, "angle": 0, "curve": "stepped" },
					{ "time": 2.8333, "angle": 0 }
				],
				"translate": [
					{
						"time": 0,
						"x": -0.45,
						"y": 0.61,
						"curve": [ 0.376, 0.61, 0.718, 1 ]
					},
					{
						"time": 0.3333,
						"x": 0,
						"y": 0,
						"curve": [ 0.25, 0, 0.75, 1 ]
					},
					{
						"time": 1.6,
						"x": -3.13,
						"y": 4.27,
						"curve": [ 0.243, 0, 0.676, 0.7 ]
					},
					{ "time": 2.8333, "x": -0.45, "y": 0.61 }
				],
				"scale": [
					{ "time": 0, "x": 1, "y": 1, "curve": "stepped" },
					{ "time": 2.8333, "x": 1, "y": 1 }
				],
				"shear": [
					{ "time": 0, "x": 0, "y": 0, "curve": "stepped" },
					{ "time": 2.8333, "x": 0, "y": 0 }
				]
			},
			"10": {
				"rotate": [
					{ "time": 0, "angle": 0, "curve": "stepped" },
					{ "time": 2.8333, "angle": 0 }
				],
				"translate": [
					{
						"time": 0,
						"x": 0,
						"y": 0,
						"curve": [ 0.25, 0, 0.75, 1 ]
					},
					{
						"time": 0.8,
						"x": -0.2,
						"y": 5.37,
						"curve": [ 0.25, 0, 0.75, 1 ]
					},
					{
						"time": 1.9667,
						"x": -1.96,
						"y": -1.31,
						"curve": [ 0.25, 0, 0.75, 1 ]
					},
					{ "time": 2.8333, "x": 0, "y": 0 }
				],
				"scale": [
					{
						"time": 0,
						"x": 1,
						"y": 1,
						"curve": [ 0.25, 0, 0.75, 1 ]
					},
					{
						"time": 1.2333,
						"x": 1.1,
						"y": 1.1,
						"curve": [ 0.25, 0, 0.75, 1 ]
					},
					{ "time": 2.8333, "x": 1, "y": 1 }
				],
				"shear": [
					{ "time": 0, "x": 0, "y": 0, "curve": "stepped" },
					{ "time": 2.8333, "x": 0, "y": 0 }
				]
			}
		}
	}
}
}