{
"skeleton": { "hash": "am8aTtRQ2bd/tkc+qKDkEPgYADo", "spine": "3.7.93", "width": 286, "height": 286 },
"bones": [
	{ "name": "root" },
	{ "name": "zong3", "parent": "root", "x": 1.19, "y": 1.31, "scaleX": 1.43, "scaleY": 1.43 }
],
"slots": [
	{ "name": "ba/ba_00000", "bone": "zong3", "attachment": "ba/ba_00019", "blend": "additive" }
],
"skins": {
	"default": {
		"ba/ba_00000": {
			"ba/ba_00000": { "width": 200, "height": 200 },
			"ba/ba_00001": { "width": 200, "height": 200 },
			"ba/ba_00002": { "width": 200, "height": 200 },
			"ba/ba_00003": { "width": 200, "height": 200 },
			"ba/ba_00004": { "width": 200, "height": 200 },
			"ba/ba_00005": { "width": 200, "height": 200 },
			"ba/ba_00006": { "width": 200, "height": 200 },
			"ba/ba_00007": { "width": 200, "height": 200 },
			"ba/ba_00008": { "width": 200, "height": 200 },
			"ba/ba_00009": { "width": 200, "height": 200 },
			"ba/ba_00010": { "width": 200, "height": 200 },
			"ba/ba_00011": { "width": 200, "height": 200 },
			"ba/ba_00012": { "width": 200, "height": 200 },
			"ba/ba_00013": { "width": 200, "height": 200 },
			"ba/ba_00014": { "width": 200, "height": 200 },
			"ba/ba_00015": { "width": 200, "height": 200 },
			"ba/ba_00016": { "width": 200, "height": 200 },
			"ba/ba_00017": { "width": 200, "height": 200 },
			"ba/ba_00018": { "width": 200, "height": 200 },
			"ba/ba_00019": { "width": 200, "height": 200 }
		}
	}
},
"animations": {
	"DAY1-6guang": {
		"slots": {
			"ba/ba_00000": {
				"attachment": [
					{ "time": 0, "name": "ba/ba_00000" },
					{ "time": 0.0667, "name": "ba/ba_00001" },
					{ "time": 0.1, "name": "ba/ba_00002" },
					{ "time": 0.1667, "name": "ba/ba_00003" },
					{ "time": 0.2, "name": "ba/ba_00004" },
					{ "time": 0.2667, "name": "ba/ba_00005" },
					{ "time": 0.3, "name": "ba/ba_00006" },
					{ "time": 0.3667, "name": "ba/ba_00007" },
					{ "time": 0.4, "name": "ba/ba_00008" },
					{ "time": 0.4333, "name": "ba/ba_00009" },
					{ "time": 0.5, "name": "ba/ba_00010" },
					{ "time": 0.5333, "name": "ba/ba_00011" },
					{ "time": 0.5667, "name": "ba/ba_00012" },
					{ "time": 0.6333, "name": "ba/ba_00013" },
					{ "time": 0.6667, "name": "ba/ba_00014" },
					{ "time": 0.7333, "name": "ba/ba_00015" },
					{ "time": 0.7667, "name": "ba/ba_00016" },
					{ "time": 0.8333, "name": "ba/ba_00017" },
					{ "time": 0.8667, "name": "ba/ba_00018" },
					{ "time": 0.9333, "name": "ba/ba_00019" },
					{ "time": 1, "name": "ba/ba_00000" },
					{ "time": 1.0667, "name": "ba/ba_00001" },
					{ "time": 1.1, "name": "ba/ba_00002" },
					{ "time": 1.1667, "name": "ba/ba_00003" },
					{ "time": 1.2, "name": "ba/ba_00004" },
					{ "time": 1.2667, "name": "ba/ba_00005" },
					{ "time": 1.3, "name": "ba/ba_00006" },
					{ "time": 1.3667, "name": "ba/ba_00007" },
					{ "time": 1.4, "name": "ba/ba_00008" },
					{ "time": 1.4333, "name": "ba/ba_00009" },
					{ "time": 1.5, "name": "ba/ba_00010" },
					{ "time": 1.5333, "name": "ba/ba_00011" },
					{ "time": 1.5667, "name": "ba/ba_00012" },
					{ "time": 1.6333, "name": "ba/ba_00013" },
					{ "time": 1.6667, "name": "ba/ba_00014" },
					{ "time": 1.7333, "name": "ba/ba_00015" },
					{ "time": 1.7667, "name": "ba/ba_00016" },
					{ "time": 1.8333, "name": "ba/ba_00017" },
					{ "time": 1.8667, "name": "ba/ba_00018" },
					{ "time": 1.9333, "name": "ba/ba_00019" },
					{ "time": 2, "name": "ba/ba_00000" },
					{ "time": 2.0667, "name": "ba/ba_00001" },
					{ "time": 2.1, "name": "ba/ba_00002" },
					{ "time": 2.1667, "name": "ba/ba_00003" },
					{ "time": 2.2, "name": "ba/ba_00004" },
					{ "time": 2.2667, "name": "ba/ba_00005" },
					{ "time": 2.3, "name": "ba/ba_00006" },
					{ "time": 2.3667, "name": "ba/ba_00007" },
					{ "time": 2.4, "name": "ba/ba_00008" },
					{ "time": 2.4333, "name": "ba/ba_00009" },
					{ "time": 2.5, "name": "ba/ba_00010" },
					{ "time": 2.5333, "name": "ba/ba_00011" },
					{ "time": 2.5667, "name": "ba/ba_00012" },
					{ "time": 2.6333, "name": "ba/ba_00013" },
					{ "time": 2.6667, "name": "ba/ba_00014" },
					{ "time": 2.7333, "name": "ba/ba_00015" },
					{ "time": 2.7667, "name": "ba/ba_00016" },
					{ "time": 2.8333, "name": "ba/ba_00017" },
					{ "time": 2.8667, "name": "ba/ba_00018" },
					{ "time": 2.9333, "name": "ba/ba_00019" },
					{ "time": 3, "name": "ba/ba_00000" },
					{ "time": 3.0667, "name": "ba/ba_00001" },
					{ "time": 3.1, "name": "ba/ba_00002" },
					{ "time": 3.1667, "name": "ba/ba_00003" },
					{ "time": 3.2, "name": "ba/ba_00004" },
					{ "time": 3.2667, "name": "ba/ba_00005" },
					{ "time": 3.3, "name": "ba/ba_00006" },
					{ "time": 3.3667, "name": "ba/ba_00007" },
					{ "time": 3.4, "name": "ba/ba_00008" },
					{ "time": 3.4333, "name": "ba/ba_00009" },
					{ "time": 3.5, "name": "ba/ba_00010" },
					{ "time": 3.5333, "name": "ba/ba_00011" },
					{ "time": 3.5667, "name": "ba/ba_00012" },
					{ "time": 3.6333, "name": "ba/ba_00013" },
					{ "time": 3.6667, "name": "ba/ba_00014" },
					{ "time": 3.7333, "name": "ba/ba_00015" },
					{ "time": 3.7667, "name": "ba/ba_00016" },
					{ "time": 3.8333, "name": "ba/ba_00017" },
					{ "time": 3.8667, "name": "ba/ba_00018" },
					{ "time": 3.9333, "name": "ba/ba_00019" },
					{ "time": 4, "name": "ba/ba_00000" },
					{ "time": 4.0667, "name": "ba/ba_00001" },
					{ "time": 4.1, "name": "ba/ba_00002" },
					{ "time": 4.1667, "name": "ba/ba_00003" },
					{ "time": 4.2, "name": "ba/ba_00004" },
					{ "time": 4.2667, "name": "ba/ba_00005" },
					{ "time": 4.3, "name": "ba/ba_00006" },
					{ "time": 4.3667, "name": "ba/ba_00007" },
					{ "time": 4.4, "name": "ba/ba_00008" },
					{ "time": 4.4333, "name": "ba/ba_00009" },
					{ "time": 4.5, "name": "ba/ba_00010" },
					{ "time": 4.5333, "name": "ba/ba_00011" },
					{ "time": 4.5667, "name": "ba/ba_00012" },
					{ "time": 4.6333, "name": "ba/ba_00013" },
					{ "time": 4.6667, "name": "ba/ba_00014" },
					{ "time": 4.7333, "name": "ba/ba_00015" },
					{ "time": 4.7667, "name": "ba/ba_00016" },
					{ "time": 4.8333, "name": "ba/ba_00017" },
					{ "time": 4.8667, "name": "ba/ba_00018" },
					{ "time": 4.9333, "name": "ba/ba_00019" }
				]
			}
		}
	}
}
}