{
"skeleton": { "hash": "hoJTbx15I/QDCQXdOLdwsmiGcxk", "spine": "3.7.93", "width": 194, "height": 236 },
"bones": [
	{ "name": "root" },
	{ "name": "zong", "parent": "root", "x": -121.83, "y": -67.27 },
	{ "name": "zhuanquanguang", "parent": "zong", "length": 76.28, "x": 121.73, "y": 75.16 },
	{ "name": "yuan3", "parent": "zong", "x": 59.34, "y": 111.93 },
	{ "name": "dian2", "parent": "zong", "x": 80.09, "y": 127.23 },
	{ "name": "dian1", "parent": "zong", "x": 67.92, "y": 34.88 },
	{ "name": "dian5", "parent": "zong", "x": 178.89, "y": 121.76 },
	{ "name": "dian4", "parent": "zong", "x": 120.61, "y": 22.24 },
	{ "name": "dian3", "parent": "zong", "x": 114.15, "y": 124.32 },
	{ "name": "yuan1", "parent": "zong", "x": 165.91, "y": 152.88 },
	{ "name": "waiguang", "parent": "zong", "length": 192.69, "rotation": 179.38, "x": 130.21, "y": 78.33 },
	{ "name": "zhezhao", "parent": "zong", "x": 20.19, "y": 21.77 },
	{ "name": "yuan4", "parent": "zong", "x": 68.93, "y": 107.06 },
	{ "name": "yuan2", "parent": "zong", "x": 175.27, "y": 15.52 },
	{ "name": "zong2", "parent": "zong", "x": 55.84, "y": 92.38 },
	{ "name": "waiguang2", "parent": "zong", "length": 192.69, "rotation": 179.38, "x": 130.21, "y": 78.33 }
],
"slots": [
	{ "name": "dia", "bone": "zong", "attachment": "dia" },
	{ "name": "dian5", "bone": "dian5", "attachment": "dian5" },
	{ "name": "dian4", "bone": "dian4", "attachment": "dian4" },
	{ "name": "dian3", "bone": "dian3", "attachment": "dian3" },
	{ "name": "dian2", "bone": "dian2", "attachment": "dian2", "blend": "additive" },
	{ "name": "dian1", "bone": "dian1", "attachment": "dian1" },
	{ "name": "yuan4", "bone": "yuan4", "attachment": "yuan4", "blend": "additive" },
	{ "name": "yuan3", "bone": "yuan3", "attachment": "yuan3", "blend": "additive" },
	{ "name": "yuan2", "bone": "yuan2", "attachment": "yuan2", "blend": "additive" },
	{ "name": "yuan1", "bone": "yuan1", "attachment": "yuan1", "blend": "additive" },
	{ "name": "zhuanquanguang", "bone": "zhuanquanguang", "attachment": "zhuanquanguang" },
	{ "name": "waiguang", "bone": "waiguang", "attachment": "waiguang" },
	{ "name": "waiguang2", "bone": "waiguang2", "attachment": "waiguang", "blend": "additive" },
	{ "name": "zhezhao", "bone": "zhezhao", "attachment": "zhezhao" },
	{ "name": "saoguang", "bone": "zong2", "attachment": "saoguang" }
],
"skins": {
	"default": {
		"dia": {
			"dia": { "x": 121.83, "y": 67.27, "width": 182, "height": 222 }
		},
		"dian1": {
			"dian1": { "x": 0.11, "y": -0.86, "width": 24, "height": 23 }
		},
		"dian2": {
			"dian2": { "x": -0.06, "y": 0.84, "width": 6, "height": 6 }
		},
		"dian3": {
			"dian3": { "x": 0.79, "y": 1.14, "width": 6, "height": 6 }
		},
		"dian4": {
			"dian4": { "x": 1.99, "y": -0.96, "width": 24, "height": 24 }
		},
		"dian5": {
			"dian5": { "x": 2.09, "y": -0.43, "width": 24, "height": 24 }
		},
		"saoguang": {
			"saoguang": { "x": 0.5, "width": 143, "height": 232 }
		},
		"waiguang": {
			"waiguang": { "x": 8.17, "y": 10.77, "rotation": -179.38, "width": 194, "height": 236 }
		},
		"waiguang2": {
			"waiguang": { "x": 8.17, "y": 10.77, "rotation": -179.38, "width": 194, "height": 236 }
		},
		"yuan1": {
			"yuan1": { "x": -0.49, "y": -1.73, "width": 9, "height": 9 }
		},
		"yuan2": {
			"yuan2": { "x": 0.82, "y": -0.08, "width": 13, "height": 13 }
		},
		"yuan3": {
			"yuan3": { "x": 0.09, "y": -0.78, "width": 13, "height": 13 }
		},
		"yuan4": {
			"yuan4": { "x": 1, "y": 0.58, "width": 16, "height": 16 }
		},
		"zhezhao": {
			"zhezhao": {
				"type": "clipping",
				"end": "saoguang",
				"vertexCount": 4,
				"vertices": [ 16.34, -16.05, 16.52, 120.81, 187.27, 121.56, 187.31, -15.28 ]
			}
		},
		"zhuanquanguang": {
			"zhuanquanguang": { "x": -1.55, "y": -1.55, "width": 173, "height": 176 }
		}
	}
},
"animations": {
	"DAY1-6": {
		"slots": {
			"dian1": {
				"color": [
					{ "time": 0, "color": "ffffff00", "curve": "stepped" },
					{ "time": 1, "color": "ffffff00" },
					{ "time": 1.1667, "color": "ffffffff", "curve": "stepped" },
					{ "time": 1.4667, "color": "ffffffff" },
					{ "time": 1.7667, "color": "ffffff00", "curve": "stepped" },
					{ "time": 2.6333, "color": "ffffff00" },
					{ "time": 2.8, "color": "ffffffff", "curve": "stepped" },
					{ "time": 3.2333, "color": "ffffffff" },
					{ "time": 3.5333, "color": "ffffff00", "curve": "stepped" },
					{ "time": 3.6333, "color": "ffffff00" },
					{ "time": 3.8, "color": "ffffffff", "curve": "stepped" },
					{ "time": 4.4333, "color": "ffffffff" },
					{ "time": 4.7333, "color": "ffffff00", "curve": "stepped" },
					{ "time": 5, "color": "ffffff00" }
				]
			},
			"dian2": {
				"color": [
					{ "time": 0, "color": "ffffff00", "curve": "stepped" },
					{ "time": 0.2667, "color": "ffffff00" },
					{ "time": 0.6667, "color": "ffffffff", "curve": "stepped" },
					{ "time": 1.0667, "color": "ffffffff" },
					{ "time": 1.3333, "color": "ffffff00", "curve": "stepped" },
					{ "time": 1.6, "color": "ffffff00" },
					{ "time": 2, "color": "ffffffff", "curve": "stepped" },
					{ "time": 2.4, "color": "ffffffff" },
					{ "time": 2.6667, "color": "ffffff00", "curve": "stepped" },
					{ "time": 3.9, "color": "ffffff00" },
					{ "time": 4.3, "color": "ffffffff", "curve": "stepped" },
					{ "time": 4.7, "color": "ffffffff" },
					{ "time": 4.9667, "color": "ffffff00" }
				]
			},
			"dian3": {
				"color": [
					{ "time": 0, "color": "ffffffb6" },
					{ "time": 0.0667, "color": "ffffffff", "curve": "stepped" },
					{ "time": 0.5667, "color": "ffffffff" },
					{ "time": 0.8, "color": "ffffff00", "curve": "stepped" },
					{ "time": 0.8667, "color": "ffffff00", "curve": "stepped" },
					{ "time": 1.2, "color": "ffffff00" },
					{ "time": 1.4333, "color": "ffffffff", "curve": "stepped" },
					{ "time": 1.9333, "color": "ffffffff" },
					{ "time": 2.1667, "color": "ffffff00", "curve": "stepped" },
					{ "time": 4.8333, "color": "ffffff00" },
					{ "time": 5, "color": "ffffffb6" }
				]
			},
			"dian4": {
				"color": [
					{ "time": 0, "color": "ffffffff", "curve": "stepped" },
					{ "time": 0.5333, "color": "ffffffff" },
					{ "time": 0.7667, "color": "ffffff00", "curve": "stepped" },
					{ "time": 0.9, "color": "ffffff00", "curve": "stepped" },
					{ "time": 2.6333, "color": "ffffff00" },
					{ "time": 2.8667, "color": "ffffffff", "curve": "stepped" },
					{ "time": 3.4, "color": "ffffffff" },
					{ "time": 3.6333, "color": "ffffff00", "curve": "stepped" },
					{ "time": 4.4, "color": "ffffff00" },
					{ "time": 4.6333, "color": "ffffffff", "curve": "stepped" },
					{ "time": 5, "color": "ffffffff" }
				]
			},
			"dian5": {
				"color": [
					{ "time": 0, "color": "ffffff4c" },
					{ "time": 0.1, "color": "ffffff00", "curve": "stepped" },
					{ "time": 1.5667, "color": "ffffff00", "curve": "stepped" },
					{ "time": 2.2333, "color": "ffffff00" },
					{ "time": 2.5333, "color": "ffffffff", "curve": "stepped" },
					{ "time": 3.0333, "color": "ffffffff" },
					{ "time": 3.3333, "color": "ffffff00", "curve": "stepped" },
					{ "time": 4.0667, "color": "ffffff00" },
					{ "time": 4.3333, "color": "ffffffff", "curve": "stepped" },
					{ "time": 4.7667, "color": "ffffffff" },
					{ "time": 5, "color": "ffffff4c" }
				]
			},
			"saoguang": {
				"color": [
					{ "time": 0, "color": "ffffff00", "curve": "stepped" },
					{ "time": 0.2667, "color": "ffffff00" },
					{ "time": 0.5, "color": "ffffffff", "curve": "stepped" },
					{ "time": 1.5667, "color": "ffffffff" },
					{ "time": 1.8333, "color": "ffffff00", "curve": "stepped" },
					{ "time": 3.1667, "color": "ffffff00" },
					{ "time": 3.4, "color": "ffffffff", "curve": "stepped" },
					{ "time": 4.5667, "color": "ffffffff" },
					{ "time": 4.8333, "color": "ffffff00", "curve": "stepped" },
					{ "time": 5, "color": "ffffff00" }
				]
			},
			"waiguang2": {
				"color": [
					{ "time": 0, "color": "ffffff00", "curve": "stepped" },
					{ "time": 0.1667, "color": "ffffff00" },
					{ "time": 0.7333, "color": "ffffff32" },
					{ "time": 1.3333, "color": "ffffff00", "curve": "stepped" },
					{ "time": 3.1667, "color": "ffffff00" },
					{ "time": 3.7333, "color": "ffffff32" },
					{ "time": 4.3333, "color": "ffffff00", "curve": "stepped" },
					{ "time": 5, "color": "ffffff00" }
				]
			},
			"yuan1": {
				"color": [
					{ "time": 0, "color": "ffffff00", "curve": "stepped" },
					{ "time": 0.5, "color": "ffffff00" },
					{ "time": 0.9667, "color": "ffffffff", "curve": "stepped" },
					{ "time": 1.4, "color": "ffffffff" },
					{ "time": 1.5333, "color": "ffffffba" },
					{ "time": 1.9, "color": "ffffff00", "curve": "stepped" },
					{ "time": 3.5333, "color": "ffffff00" },
					{ "time": 4, "color": "ffffffff", "curve": "stepped" },
					{ "time": 4.2333, "color": "ffffffff" },
					{ "time": 4.6667, "color": "ffffff00", "curve": "stepped" },
					{ "time": 5, "color": "ffffff00" }
				]
			},
			"yuan2": {
				"color": [
					{ "time": 0, "color": "ffffff00", "curve": "stepped" },
					{ "time": 1.2333, "color": "ffffff00" },
					{ "time": 1.5333, "color": "ffffff83", "curve": "stepped" },
					{ "time": 2.1, "color": "ffffff83" },
					{ "time": 2.3333, "color": "ffffff00", "curve": "stepped" },
					{ "time": 3.6333, "color": "ffffff00" },
					{ "time": 3.9333, "color": "ffffff79", "curve": "stepped" },
					{ "time": 4.5, "color": "ffffff79" },
					{ "time": 4.7333, "color": "ffffff00", "curve": "stepped" },
					{ "time": 5, "color": "ffffff00" }
				]
			},
			"yuan3": {
				"color": [
					{ "time": 0, "color": "ffffff00", "curve": "stepped" },
					{ "time": 0.5, "color": "ffffff00" },
					{ "time": 0.7, "color": "ffffff96", "curve": "stepped" },
					{ "time": 1.2333, "color": "ffffff96" },
					{ "time": 1.4667, "color": "ffffff00", "curve": "stepped" },
					{ "time": 3.0667, "color": "ffffff00" },
					{ "time": 3.2667, "color": "ffffff96", "curve": "stepped" },
					{ "time": 3.8, "color": "ffffff96" },
					{ "time": 4.0333, "color": "ffffff00", "curve": "stepped" },
					{ "time": 5, "color": "ffffff00" }
				]
			},
			"yuan4": {
				"color": [
					{ "time": 0, "color": "ffffff00", "curve": "stepped" },
					{ "time": 0.1333, "color": "ffffff00" },
					{ "time": 0.3333, "color": "ffffff92", "curve": "stepped" },
					{ "time": 0.5, "color": "ffffff92" },
					{ "time": 0.7, "color": "ffffff00", "curve": "stepped" },
					{ "time": 3.5667, "color": "ffffff00" },
					{ "time": 3.7667, "color": "ffffff92", "curve": "stepped" },
					{ "time": 4.2, "color": "ffffff92" },
					{ "time": 4.4, "color": "ffffff00", "curve": "stepped" },
					{ "time": 5, "color": "ffffff00" }
				]
			}
		},
		"bones": {
			"zhuanquanguang": {
				"rotate": [
					{ "time": 0, "angle": 0 },
					{ "time": 1.6667, "angle": -120 },
					{ "time": 3.3333, "angle": 120 },
					{ "time": 5, "angle": 0 }
				],
				"translate": [
					{ "time": 0, "x": 0, "y": 0, "curve": "stepped" },
					{ "time": 1.6667, "x": 0, "y": 0, "curve": "stepped" },
					{ "time": 3.3333, "x": 0, "y": 0, "curve": "stepped" },
					{ "time": 5, "x": 0, "y": 0 }
				],
				"scale": [
					{ "time": 0, "x": 1, "y": 1, "curve": "stepped" },
					{ "time": 1.6667, "x": 1, "y": 1, "curve": "stepped" },
					{ "time": 3.3333, "x": 1, "y": 1, "curve": "stepped" },
					{ "time": 5, "x": 1, "y": 1 }
				],
				"shear": [
					{ "time": 0, "x": 0, "y": 0, "curve": "stepped" },
					{ "time": 1.6667, "x": 0, "y": 0, "curve": "stepped" },
					{ "time": 3.3333, "x": 0, "y": 0, "curve": "stepped" },
					{ "time": 5, "x": 0, "y": 0 }
				]
			},
			"yuan3": {
				"rotate": [
					{ "time": 0, "angle": 0, "curve": "stepped" },
					{ "time": 0.5, "angle": 0, "curve": "stepped" },
					{ "time": 1.4667, "angle": 0, "curve": "stepped" },
					{ "time": 3.0667, "angle": 0, "curve": "stepped" },
					{ "time": 4.0333, "angle": 0, "curve": "stepped" },
					{ "time": 5, "angle": 0 }
				],
				"translate": [
					{ "time": 0, "x": 0, "y": 0, "curve": "stepped" },
					{ "time": 0.5, "x": 0, "y": 0 },
					{ "time": 1.4667, "x": 10.55, "y": 11.39 },
					{ "time": 3.0667, "x": -3.41, "y": -17.47 },
					{ "time": 4.0333, "x": -11.5, "y": -13.63 },
					{ "time": 5, "x": 10.55, "y": 11.39 }
				],
				"scale": [
					{ "time": 0, "x": 1, "y": 1 },
					{ "time": 0.5, "x": 0.5, "y": 0.5 },
					{ "time": 1.4667, "x": 0.7, "y": 0.7 },
					{ "time": 3.0667, "x": 1, "y": 1, "curve": "stepped" },
					{ "time": 4.0333, "x": 1, "y": 1, "curve": "stepped" },
					{ "time": 5, "x": 1, "y": 1 }
				],
				"shear": [
					{ "time": 0, "x": 0, "y": 0, "curve": "stepped" },
					{ "time": 0.5, "x": 0, "y": 0, "curve": "stepped" },
					{ "time": 1.4667, "x": 0, "y": 0, "curve": "stepped" },
					{ "time": 3.0667, "x": 0, "y": 0, "curve": "stepped" },
					{ "time": 4.0333, "x": 0, "y": 0, "curve": "stepped" },
					{ "time": 5, "x": 0, "y": 0 }
				]
			},
			"yuan1": {
				"rotate": [
					{ "time": 0, "angle": 0, "curve": "stepped" },
					{ "time": 0.5, "angle": 0, "curve": "stepped" },
					{ "time": 1.9, "angle": 0, "curve": "stepped" },
					{ "time": 3.5333, "angle": 0, "curve": "stepped" },
					{ "time": 4.6667, "angle": 0, "curve": "stepped" },
					{ "time": 5, "angle": 0 }
				],
				"translate": [
					{ "time": 0, "x": 0, "y": 0, "curve": "stepped" },
					{ "time": 0.5, "x": 0, "y": 0 },
					{ "time": 1.9, "x": -5.06, "y": -13.5 },
					{ "time": 3.5333, "x": -15.34, "y": -16.61 },
					{ "time": 4.6667, "x": -11.03, "y": -30.12 },
					{ "time": 5, "x": -5.06, "y": -13.5 }
				],
				"scale": [
					{ "time": 0, "x": 1, "y": 1, "curve": "stepped" },
					{ "time": 0.5, "x": 1, "y": 1, "curve": "stepped" },
					{ "time": 1.9, "x": 1, "y": 1, "curve": "stepped" },
					{ "time": 3.5333, "x": 1, "y": 1, "curve": "stepped" },
					{ "time": 4.6667, "x": 1, "y": 1, "curve": "stepped" },
					{ "time": 5, "x": 1, "y": 1 }
				],
				"shear": [
					{ "time": 0, "x": 0, "y": 0, "curve": "stepped" },
					{ "time": 0.5, "x": 0, "y": 0, "curve": "stepped" },
					{ "time": 1.9, "x": 0, "y": 0, "curve": "stepped" },
					{ "time": 3.5333, "x": 0, "y": 0, "curve": "stepped" },
					{ "time": 4.6667, "x": 0, "y": 0, "curve": "stepped" },
					{ "time": 5, "x": 0, "y": 0 }
				]
			},
			"dian4": {
				"rotate": [
					{ "time": 0, "angle": 0, "curve": "stepped" },
					{ "time": 0.7667, "angle": 0, "curve": "stepped" },
					{ "time": 0.9, "angle": 0, "curve": "stepped" },
					{ "time": 2.6333, "angle": 0, "curve": "stepped" },
					{ "time": 3.6333, "angle": 0, "curve": "stepped" },
					{ "time": 4.4, "angle": 0, "curve": "stepped" },
					{ "time": 5, "angle": 0 }
				],
				"translate": [
					{ "time": 0, "x": 19.68, "y": -3.71 },
					{ "time": 0.7667, "x": 35.48, "y": 4.79 },
					{ "time": 0.9, "x": 0, "y": 0, "curve": "stepped" },
					{ "time": 2.6333, "x": 0, "y": 0 },
					{ "time": 3.6333, "x": -29.18, "y": 4.79 },
					{ "time": 4.4, "x": 7.32, "y": -10.37 },
					{ "time": 5, "x": 19.68, "y": -3.71 }
				],
				"scale": [
					{ "time": 0, "x": 1, "y": 1, "curve": "stepped" },
					{ "time": 0.7667, "x": 1, "y": 1, "curve": "stepped" },
					{ "time": 0.9, "x": 1, "y": 1, "curve": "stepped" },
					{ "time": 2.6333, "x": 1, "y": 1, "curve": "stepped" },
					{ "time": 3.6333, "x": 1, "y": 1, "curve": "stepped" },
					{ "time": 4.4, "x": 1, "y": 1, "curve": "stepped" },
					{ "time": 5, "x": 1, "y": 1 }
				],
				"shear": [
					{ "time": 0, "x": 0, "y": 0, "curve": "stepped" },
					{ "time": 0.7667, "x": 0, "y": 0, "curve": "stepped" },
					{ "time": 0.9, "x": 0, "y": 0, "curve": "stepped" },
					{ "time": 2.6333, "x": 0, "y": 0, "curve": "stepped" },
					{ "time": 3.6333, "x": 0, "y": 0, "curve": "stepped" },
					{ "time": 4.4, "x": 0, "y": 0, "curve": "stepped" },
					{ "time": 5, "x": 0, "y": 0 }
				]
			},
			"dian5": {
				"rotate": [
					{ "time": 0, "angle": 0, "curve": "stepped" },
					{ "time": 0.1, "angle": 0, "curve": "stepped" },
					{ "time": 1.5667, "angle": 0, "curve": "stepped" },
					{ "time": 2.2333, "angle": 0, "curve": "stepped" },
					{ "time": 3.3333, "angle": 0, "curve": "stepped" },
					{ "time": 4.0667, "angle": 0, "curve": "stepped" },
					{ "time": 5, "angle": 0 }
				],
				"translate": [
					{ "time": 0, "x": 4.19, "y": 12.2 },
					{ "time": 0.1, "x": 4.64, "y": 13.5 },
					{ "time": 1.5667, "x": 0, "y": 0 },
					{ "time": 2.2333, "x": -42.09, "y": 6.71 },
					{ "time": 3.3333, "x": -76.25, "y": 11.59 },
					{ "time": 4.0667, "x": 0, "y": 0 },
					{ "time": 5, "x": 4.19, "y": 12.2 }
				],
				"scale": [
					{ "time": 0, "x": 1, "y": 1, "curve": "stepped" },
					{ "time": 0.1, "x": 1, "y": 1, "curve": "stepped" },
					{ "time": 1.5667, "x": 1, "y": 1 },
					{ "time": 2.2333, "x": 2, "y": 2, "curve": "stepped" },
					{ "time": 3.3333, "x": 2, "y": 2 },
					{ "time": 4.0667, "x": 1, "y": 1, "curve": "stepped" },
					{ "time": 5, "x": 1, "y": 1 }
				],
				"shear": [
					{ "time": 0, "x": 0, "y": 0, "curve": "stepped" },
					{ "time": 0.1, "x": 0, "y": 0, "curve": "stepped" },
					{ "time": 1.5667, "x": 0, "y": 0, "curve": "stepped" },
					{ "time": 2.2333, "x": 0, "y": 0, "curve": "stepped" },
					{ "time": 3.3333, "x": 0, "y": 0, "curve": "stepped" },
					{ "time": 4.0667, "x": 0, "y": 0, "curve": "stepped" },
					{ "time": 5, "x": 0, "y": 0 }
				]
			},
			"dian3": {
				"rotate": [
					{ "time": 0, "angle": 0, "curve": "stepped" },
					{ "time": 0.8, "angle": 0, "curve": "stepped" },
					{ "time": 0.8667, "angle": 0, "curve": "stepped" },
					{ "time": 1.2, "angle": 0, "curve": "stepped" },
					{ "time": 2.1667, "angle": 0, "curve": "stepped" },
					{ "time": 4.8333, "angle": 0, "curve": "stepped" },
					{ "time": 5, "angle": 0 }
				],
				"translate": [
					{ "time": 0, "x": 2.13, "y": -0.66 },
					{ "time": 0.8, "x": 12.35, "y": -3.83 },
					{ "time": 0.8667, "x": 0, "y": 0, "curve": "stepped" },
					{ "time": 1.2, "x": 0, "y": 0 },
					{ "time": 2.1667, "x": -6, "y": -12 },
					{ "time": 4.8333, "x": 0, "y": 0 },
					{ "time": 5, "x": 2.13, "y": -0.66 }
				],
				"scale": [
					{ "time": 0, "x": 1, "y": 1, "curve": "stepped" },
					{ "time": 0.8, "x": 1, "y": 1, "curve": "stepped" },
					{ "time": 0.8667, "x": 1, "y": 1, "curve": "stepped" },
					{ "time": 1.2, "x": 1, "y": 1, "curve": "stepped" },
					{ "time": 2.1667, "x": 1, "y": 1, "curve": "stepped" },
					{ "time": 4.8333, "x": 1, "y": 1, "curve": "stepped" },
					{ "time": 5, "x": 1, "y": 1 }
				],
				"shear": [
					{ "time": 0, "x": 0, "y": 0, "curve": "stepped" },
					{ "time": 0.8, "x": 0, "y": 0, "curve": "stepped" },
					{ "time": 0.8667, "x": 0, "y": 0, "curve": "stepped" },
					{ "time": 1.2, "x": 0, "y": 0, "curve": "stepped" },
					{ "time": 2.1667, "x": 0, "y": 0, "curve": "stepped" },
					{ "time": 4.8333, "x": 0, "y": 0, "curve": "stepped" },
					{ "time": 5, "x": 0, "y": 0 }
				]
			},
			"dian2": {
				"rotate": [
					{ "time": 0, "angle": 0, "curve": "stepped" },
					{ "time": 0.2667, "angle": 0, "curve": "stepped" },
					{ "time": 1.3333, "angle": 0, "curve": "stepped" },
					{ "time": 1.6, "angle": 0, "curve": "stepped" },
					{ "time": 2.6667, "angle": 0, "curve": "stepped" },
					{ "time": 3.9, "angle": 0, "curve": "stepped" },
					{ "time": 4.9667, "angle": 0 }
				],
				"translate": [
					{ "time": 0, "x": 0, "y": 0 },
					{ "time": 0.2667, "x": 76.21, "y": -8.66 },
					{ "time": 1.3333, "x": 69.83, "y": -10.82 },
					{ "time": 1.6, "x": 0, "y": 0 },
					{ "time": 2.6667, "x": 17, "y": 0 },
					{ "time": 3.9, "x": -12.96, "y": -103.66 },
					{ "time": 4.9667, "x": -2.29, "y": -103.99 }
				],
				"scale": [
					{ "time": 0, "x": 1, "y": 1 },
					{ "time": 0.2667, "x": 1.2, "y": 1.2 },
					{ "time": 1.3333, "x": 1.3, "y": 1.3 },
					{ "time": 1.6, "x": 1, "y": 1, "curve": "stepped" },
					{ "time": 2.6667, "x": 1, "y": 1, "curve": "stepped" },
					{ "time": 3.9, "x": 1, "y": 1, "curve": "stepped" },
					{ "time": 4.9667, "x": 1, "y": 1 }
				],
				"shear": [
					{ "time": 0, "x": 0, "y": 0, "curve": "stepped" },
					{ "time": 0.2667, "x": 0, "y": 0, "curve": "stepped" },
					{ "time": 1.3333, "x": 0, "y": 0, "curve": "stepped" },
					{ "time": 1.6, "x": 0, "y": 0, "curve": "stepped" },
					{ "time": 2.6667, "x": 0, "y": 0, "curve": "stepped" },
					{ "time": 3.9, "x": 0, "y": 0, "curve": "stepped" },
					{ "time": 4.9667, "x": 0, "y": 0 }
				]
			},
			"yuan4": {
				"rotate": [
					{ "time": 0, "angle": 0, "curve": "stepped" },
					{ "time": 0.1333, "angle": 0, "curve": "stepped" },
					{ "time": 0.7, "angle": 0, "curve": "stepped" },
					{ "time": 3.5667, "angle": 0, "curve": "stepped" },
					{ "time": 4.4, "angle": 0, "curve": "stepped" },
					{ "time": 5, "angle": 0 }
				],
				"translate": [
					{ "time": 0, "x": 0, "y": 0, "curve": "stepped" },
					{ "time": 0.1333, "x": 0, "y": 0 },
					{ "time": 0.7, "x": -13.29, "y": -8.96 },
					{ "time": 3.5667, "x": 119.14, "y": 8.76 },
					{ "time": 4.4, "x": 119.14, "y": -7.01 },
					{ "time": 5, "x": -13.29, "y": -8.96 }
				],
				"scale": [
					{ "time": 0, "x": 1, "y": 1, "curve": "stepped" },
					{ "time": 0.1333, "x": 1, "y": 1, "curve": "stepped" },
					{ "time": 0.7, "x": 1, "y": 1, "curve": "stepped" },
					{ "time": 3.5667, "x": 1, "y": 1, "curve": "stepped" },
					{ "time": 4.4, "x": 1, "y": 1, "curve": "stepped" },
					{ "time": 5, "x": 1, "y": 1 }
				],
				"shear": [
					{ "time": 0, "x": 0, "y": 0, "curve": "stepped" },
					{ "time": 0.1333, "x": 0, "y": 0, "curve": "stepped" },
					{ "time": 0.7, "x": 0, "y": 0, "curve": "stepped" },
					{ "time": 3.5667, "x": 0, "y": 0, "curve": "stepped" },
					{ "time": 4.4, "x": 0, "y": 0, "curve": "stepped" },
					{ "time": 5, "x": 0, "y": 0 }
				]
			},
			"yuan2": {
				"rotate": [
					{ "time": 0, "angle": 0, "curve": "stepped" },
					{ "time": 1.2333, "angle": 0, "curve": "stepped" },
					{ "time": 2.3333, "angle": 0, "curve": "stepped" },
					{ "time": 3.6333, "angle": 0, "curve": "stepped" },
					{ "time": 4.7333, "angle": 0, "curve": "stepped" },
					{ "time": 5, "angle": 0 }
				],
				"translate": [
					{ "time": 0, "x": 0, "y": 0, "curve": "stepped" },
					{ "time": 1.2333, "x": 0, "y": 0 },
					{ "time": 2.3333, "x": -9.8, "y": 16.19 },
					{ "time": 3.6333, "x": -44.04, "y": 6.96 },
					{ "time": 4.7333, "x": -44.04, "y": 19.52 },
					{ "time": 5, "x": -9.8, "y": 16.19 }
				],
				"scale": [
					{ "time": 0, "x": 1, "y": 1, "curve": "stepped" },
					{ "time": 1.2333, "x": 1, "y": 1, "curve": "stepped" },
					{ "time": 2.3333, "x": 1, "y": 1, "curve": "stepped" },
					{ "time": 3.6333, "x": 1, "y": 1, "curve": "stepped" },
					{ "time": 4.7333, "x": 1, "y": 1, "curve": "stepped" },
					{ "time": 5, "x": 1, "y": 1 }
				],
				"shear": [
					{ "time": 0, "x": 0, "y": 0, "curve": "stepped" },
					{ "time": 1.2333, "x": 0, "y": 0, "curve": "stepped" },
					{ "time": 2.3333, "x": 0, "y": 0, "curve": "stepped" },
					{ "time": 3.6333, "x": 0, "y": 0, "curve": "stepped" },
					{ "time": 4.7333, "x": 0, "y": 0, "curve": "stepped" },
					{ "time": 5, "x": 0, "y": 0 }
				]
			},
			"dian1": {
				"rotate": [
					{ "time": 0, "angle": 0, "curve": "stepped" },
					{ "time": 1, "angle": 0, "curve": "stepped" },
					{ "time": 1.7667, "angle": 0, "curve": "stepped" },
					{ "time": 2.6333, "angle": 0, "curve": "stepped" },
					{ "time": 3.5333, "angle": 0, "curve": "stepped" },
					{ "time": 3.6333, "angle": 0, "curve": "stepped" },
					{ "time": 4.7333, "angle": 0, "curve": "stepped" },
					{ "time": 5, "angle": 0 }
				],
				"translate": [
					{ "time": 0, "x": 0, "y": 0, "curve": "stepped" },
					{ "time": 1, "x": 0, "y": 0 },
					{ "time": 1.7667, "x": -7.24, "y": -11.5 },
					{ "time": 2.6333, "x": 48.8, "y": 5.49 },
					{ "time": 3.5333, "x": 69.54, "y": -1.83 },
					{ "time": 3.6333, "x": -5.11, "y": 24.28 },
					{ "time": 4.7333, "x": -12.35, "y": 15.34 },
					{ "time": 5, "x": 6.82, "y": 15.76 }
				],
				"scale": [
					{ "time": 0, "x": 1, "y": 1, "curve": "stepped" },
					{ "time": 1, "x": 1, "y": 1, "curve": "stepped" },
					{ "time": 1.7667, "x": 1, "y": 1, "curve": "stepped" },
					{ "time": 2.6333, "x": 1, "y": 1, "curve": "stepped" },
					{ "time": 3.5333, "x": 1, "y": 1, "curve": "stepped" },
					{ "time": 3.6333, "x": 1, "y": 1, "curve": "stepped" },
					{ "time": 4.7333, "x": 1, "y": 1, "curve": "stepped" },
					{ "time": 5, "x": 1, "y": 1 }
				],
				"shear": [
					{ "time": 0, "x": 0, "y": 0, "curve": "stepped" },
					{ "time": 1, "x": 0, "y": 0, "curve": "stepped" },
					{ "time": 1.7667, "x": 0, "y": 0, "curve": "stepped" },
					{ "time": 2.6333, "x": 0, "y": 0, "curve": "stepped" },
					{ "time": 3.5333, "x": 0, "y": 0, "curve": "stepped" },
					{ "time": 3.6333, "x": 0, "y": 0, "curve": "stepped" },
					{ "time": 4.7333, "x": 0, "y": 0, "curve": "stepped" },
					{ "time": 5, "x": 0, "y": 0 }
				]
			},
			"zong2": {
				"rotate": [
					{ "time": 0, "angle": 0, "curve": "stepped" },
					{ "time": 0.2667, "angle": 0, "curve": "stepped" },
					{ "time": 1.8333, "angle": 0, "curve": "stepped" },
					{ "time": 3.1667, "angle": 0, "curve": "stepped" },
					{ "time": 4.8333, "angle": 0, "curve": "stepped" },
					{ "time": 5, "angle": 0 }
				],
				"translate": [
					{ "time": 0, "x": 0, "y": 0, "curve": "stepped" },
					{ "time": 0.2667, "x": 0, "y": 0 },
					{ "time": 1.8333, "x": 211.92, "y": 0 },
					{ "time": 3.1667, "x": 0, "y": 0 },
					{ "time": 4.8333, "x": 211.92, "y": 0 },
					{ "time": 5, "x": 0, "y": 0 }
				],
				"scale": [
					{ "time": 0, "x": 1, "y": 1, "curve": "stepped" },
					{ "time": 0.2667, "x": 1, "y": 1, "curve": "stepped" },
					{ "time": 1.8333, "x": 1, "y": 1, "curve": "stepped" },
					{ "time": 3.1667, "x": 1, "y": 1, "curve": "stepped" },
					{ "time": 4.8333, "x": 1, "y": 1, "curve": "stepped" },
					{ "time": 5, "x": 1, "y": 1 }
				],
				"shear": [
					{ "time": 0, "x": 0, "y": 0, "curve": "stepped" },
					{ "time": 0.2667, "x": 0, "y": 0, "curve": "stepped" },
					{ "time": 1.8333, "x": 0, "y": 0, "curve": "stepped" },
					{ "time": 3.1667, "x": 0, "y": 0, "curve": "stepped" },
					{ "time": 4.8333, "x": 0, "y": 0, "curve": "stepped" },
					{ "time": 5, "x": 0, "y": 0 }
				]
			},
			"waiguang2": {
				"rotate": [
					{ "time": 0, "angle": 0, "curve": "stepped" },
					{ "time": 0.1667, "angle": 0, "curve": "stepped" },
					{ "time": 1.3333, "angle": 0, "curve": "stepped" },
					{ "time": 3.1667, "angle": 0, "curve": "stepped" },
					{ "time": 4.3333, "angle": 0, "curve": "stepped" },
					{ "time": 5, "angle": 0 }
				],
				"translate": [
					{ "time": 0, "x": 0, "y": 0, "curve": "stepped" },
					{ "time": 0.1667, "x": 0, "y": 0, "curve": "stepped" },
					{ "time": 1.3333, "x": 0, "y": 0, "curve": "stepped" },
					{ "time": 3.1667, "x": 0, "y": 0, "curve": "stepped" },
					{ "time": 4.3333, "x": 0, "y": 0, "curve": "stepped" },
					{ "time": 5, "x": 0, "y": 0 }
				],
				"scale": [
					{ "time": 0, "x": 1, "y": 1, "curve": "stepped" },
					{ "time": 0.1667, "x": 1, "y": 1 },
					{ "time": 1.3333, "x": 1.1, "y": 1.1 },
					{ "time": 3.1667, "x": 1, "y": 1 },
					{ "time": 4.3333, "x": 1.1, "y": 1.1 },
					{ "time": 5, "x": 1, "y": 1 }
				],
				"shear": [
					{ "time": 0, "x": 0, "y": 0, "curve": "stepped" },
					{ "time": 0.1667, "x": 0, "y": 0, "curve": "stepped" },
					{ "time": 1.3333, "x": 0, "y": 0, "curve": "stepped" },
					{ "time": 3.1667, "x": 0, "y": 0, "curve": "stepped" },
					{ "time": 4.3333, "x": 0, "y": 0, "curve": "stepped" },
					{ "time": 5, "x": 0, "y": 0 }
				]
			}
		}
	}
}
}