{
"skeleton": { "hash": "49mC4I1Y1dHBlaUEQ+uzlARiIxU", "spine": "3.7.93", "width": 580, "height": 367 },
"bones": [
	{ "name": "root" },
	{ "name": "zong", "parent": "root", "x": -384.38, "y": -140 },
	{ "name": "xian4", "parent": "zong", "length": 78.77, "rotation": 108.97, "x": 243.25, "y": 90.84 },
	{ "name": "xian1", "parent": "zong", "length": 77.39, "rotation": 105.71, "x": 258.77, "y": 124.21 },
	{ "name": "xian2", "parent": "zong", "length": 79.53, "rotation": 72.98, "x": 528.81, "y": 100.15 },
	{ "name": "xian3", "parent": "zong", "length": 74.94, "rotation": 74.38, "x": 536.57, "y": 69.11 },
	{ "name": "quan3", "parent": "zong", "length": 122.8, "rotation": -140.42, "x": 382.83, "y": 61.79 },
	{ "name": "quan6", "parent": "zong", "length": 131.32, "rotation": -90, "x": 388.17, "y": 68.17 },
	{ "name": "quan4", "parent": "zong", "length": 162.12, "rotation": -150.5, "x": 383.27, "y": 70.74 },
	{ "name": "quan5", "parent": "zong", "length": 80.63, "rotation": -115.4, "x": 383.85, "y": 69.55 },
	{ "name": "guang", "parent": "zong", "length": 233.04, "rotation": 89.62, "x": 389.95, "y": 89.03 },
	{ "name": "quan7", "parent": "zong", "length": 131.32, "rotation": -90, "x": 388.17, "y": 68.17 },
	{ "name": "quan8", "parent": "zong", "length": 122.8, "rotation": -140.42, "x": 382.83, "y": 61.79 },
	{ "name": "bone", "parent": "zong", "length": 65.25, "rotation": 160.81, "x": 383.64, "y": 58.14 },
	{ "name": "bone2", "parent": "zong", "length": 65.25, "rotation": 160.81, "x": 383.64, "y": 58.14 },
	{
		"name": "xian5",
		"parent": "zong",
		"length": 79.53,
		"rotation": 72.98,
		"x": 504.46,
		"y": 107.61,
		"scaleX": 0.7,
		"scaleY": 0.7
	},
	{
		"name": "xian6",
		"parent": "zong",
		"length": 78.77,
		"rotation": 108.97,
		"x": 293.63,
		"y": 94.22,
		"scaleX": 0.5,
		"scaleY": 0.5
	},
	{
		"name": "xian7",
		"parent": "zong",
		"length": 74.94,
		"rotation": 74.38,
		"x": 525.15,
		"y": 108.06,
		"scaleX": 0.4,
		"scaleY": 0.4
	},
	{
		"name": "xian8",
		"parent": "zong",
		"length": 77.39,
		"rotation": 105.71,
		"x": 245.04,
		"y": 126.04,
		"scaleX": 0.6,
		"scaleY": 0.6
	}
],
"slots": [
	{ "name": "quan6", "bone": "quan6", "attachment": "quan6" },
	{ "name": "quan7", "bone": "quan7", "attachment": "quan6" },
	{ "name": "quan5", "bone": "quan5", "attachment": "quan5" },
	{ "name": "quan4", "bone": "quan4", "attachment": "quan4" },
	{ "name": "quan3", "bone": "quan3", "attachment": "quan3" },
	{ "name": "quan8", "bone": "quan8", "attachment": "quan3" },
	{ "name": "quan2", "bone": "bone", "attachment": "quan2" },
	{ "name": "quan9", "bone": "bone2", "attachment": "quan2" },
	{ "name": "yun", "bone": "zong", "color": "bbf4ffff", "attachment": "yun", "blend": "additive" },
	{ "name": "guang", "bone": "guang", "attachment": "guang" },
	{ "name": "beiguang", "bone": "guang", "color": "98b6ff5f", "attachment": "beiguang", "blend": "additive" },
	{ "name": "xian4", "bone": "xian4", "attachment": "xian4" },
	{ "name": "xian6", "bone": "xian6", "attachment": "xian4" },
	{ "name": "xian3", "bone": "xian3", "attachment": "xian3" },
	{ "name": "xian7", "bone": "xian7", "attachment": "xian3" },
	{ "name": "xian2", "bone": "xian2", "attachment": "xian2" },
	{ "name": "xian5", "bone": "xian5", "attachment": "xian2" },
	{ "name": "xian1", "bone": "xian1", "attachment": "xian1" },
	{ "name": "xian8", "bone": "xian8", "attachment": "xian1" }
],
"skins": {
	"default": {
		"beiguang": {
			"beiguang": {
				"x": 18.73,
				"y": -23.02,
				"scaleX": 2,
				"scaleY": 2,
				"rotation": -89.62,
				"width": 290,
				"height": 180
			}
		},
		"guang": {
			"guang": { "x": 87.54, "y": 5.94, "rotation": -89.62, "width": 490, "height": 236 }
		},
		"quan2": {
			"quan2": { "x": -0.28, "y": -0.59, "rotation": -160.81, "width": 155, "height": 38 }
		},
		"quan3": {
			"quan3": { "rotation": 140.42, "width": 257, "height": 62 }
		},
		"quan4": {
			"quan4": { "x": 3.97, "y": 7.68, "rotation": 150.5, "width": 306, "height": 71 }
		},
		"quan5": {
			"quan5": { "x": 9.12, "y": 5.15, "rotation": 115.4, "width": 344, "height": 85 }
		},
		"quan6": {
			"quan6": { "x": 19.07, "y": -4.81, "rotation": 90, "width": 453, "height": 149 }
		},
		"quan7": {
			"quan6": { "x": 19.07, "y": -4.07, "rotation": 90, "width": 453, "height": 149 }
		},
		"quan8": {
			"quan3": { "rotation": 140.42, "width": 257, "height": 62 }
		},
		"quan9": {
			"quan2": { "x": -0.28, "y": -0.59, "rotation": -160.81, "width": 155, "height": 38 }
		},
		"xian1": {
			"xian1": { "x": 42.74, "y": -0.94, "rotation": -105.71, "width": 23, "height": 84 }
		},
		"xian2": {
			"xian2": { "x": 36.87, "y": -1.04, "rotation": -72.98, "width": 28, "height": 83 }
		},
		"xian3": {
			"xian3": { "x": 39.07, "y": -0.52, "rotation": -74.38, "width": 28, "height": 84 }
		},
		"xian4": {
			"xian4": { "x": 39.35, "y": -0.15, "rotation": -108.97, "width": 28, "height": 83 }
		},
		"xian5": {
			"xian2": { "x": 36.87, "y": -1.04, "rotation": -72.98, "width": 28, "height": 83 }
		},
		"xian6": {
			"xian4": { "x": 39.35, "y": -0.15, "rotation": -108.97, "width": 28, "height": 83 }
		},
		"xian7": {
			"xian3": { "x": 39.07, "y": -0.52, "rotation": -74.38, "width": 28, "height": 84 }
		},
		"xian8": {
			"xian1": { "x": 42.74, "y": -0.94, "rotation": -105.71, "width": 23, "height": 84 }
		},
		"yun": {
			"yun": { "x": 385.1, "y": 104.6, "scaleX": 2, "width": 157, "height": 157 }
		}
	}
},
"animations": {
	"jianglipin": {
		"slots": {
			"quan2": {
				"color": [
					{ "time": 0, "color": "ffffff00", "curve": "stepped" },
					{ "time": 0.1667, "color": "ffffff00" },
					{ "time": 0.5333, "color": "ffffffff", "curve": "stepped" },
					{ "time": 1.5333, "color": "ffffffff" },
					{ "time": 1.8, "color": "ffffff00", "curve": "stepped" },
					{ "time": 2.6667, "color": "ffffff00" }
				]
			},
			"quan3": {
				"color": [
					{ "time": 0, "color": "ffffff00", "curve": "stepped" },
					{ "time": 0.3333, "color": "ffffff00" },
					{ "time": 0.6, "color": "ffffffff", "curve": "stepped" },
					{ "time": 0.8667, "color": "ffffffff" },
					{ "time": 1.4333, "color": "ffffff00", "curve": "stepped" },
					{ "time": 2.6667, "color": "ffffff00" }
				]
			},
			"quan7": {
				"color": [
					{ "time": 0, "color": "ffffff00", "curve": "stepped" },
					{ "time": 0.0667, "color": "ffffff00" },
					{ "time": 0.6667, "color": "ffffffff" },
					{ "time": 1.3333, "color": "ffffff00", "curve": "stepped" },
					{ "time": 1.4, "color": "ffffff00" },
					{ "time": 1.9667, "color": "ffffffff" },
					{ "time": 2.6, "color": "ffffff00", "curve": "stepped" },
					{ "time": 2.6667, "color": "ffffff00" }
				]
			},
			"quan8": {
				"color": [
					{ "time": 0, "color": "ffffff00", "curve": "stepped" },
					{ "time": 1.4333, "color": "ffffff00" },
					{ "time": 1.7, "color": "ffffffff", "curve": "stepped" },
					{ "time": 1.9667, "color": "ffffffff" },
					{ "time": 2.5333, "color": "ffffff00", "curve": "stepped" },
					{ "time": 2.6667, "color": "ffffff00" }
				]
			},
			"quan9": {
				"color": [
					{ "time": 0, "color": "ffffffff", "curve": "stepped" },
					{ "time": 0.0667, "color": "ffffffff" },
					{ "time": 0.3333, "color": "ffffff00", "curve": "stepped" },
					{ "time": 0.3667, "color": "ffffff00", "curve": "stepped" },
					{ "time": 1.6, "color": "ffffff00" },
					{ "time": 1.9667, "color": "ffffffff", "curve": "stepped" },
					{ "time": 2.6667, "color": "ffffffff" }
				]
			},
			"xian1": {
				"color": [
					{ "time": 0, "color": "ffffff00", "curve": "stepped" },
					{ "time": 1, "color": "ffffff00" },
					{ "time": 1.2667, "color": "ffffffff", "curve": "stepped" },
					{ "time": 1.5, "color": "ffffffff" },
					{ "time": 1.8, "color": "ffffff00", "curve": "stepped" },
					{ "time": 2.6667, "color": "ffffff00" }
				]
			},
			"xian2": {
				"color": [
					{ "time": 0, "color": "ffffffc6" },
					{ "time": 0.2333, "color": "ffffff00", "curve": "stepped" },
					{ "time": 1.6, "color": "ffffff00", "curve": "stepped" },
					{ "time": 1.9, "color": "ffffff00" },
					{ "time": 2.1667, "color": "ffffffff", "curve": "stepped" },
					{ "time": 2.5, "color": "ffffffff", "curve": "stepped" },
					{ "time": 2.6, "color": "ffffffff" },
					{ "time": 2.6667, "color": "ffffffc6" }
				]
			},
			"xian3": {
				"color": [
					{ "time": 0, "color": "ffffff00", "curve": "stepped" },
					{ "time": 0.0667, "color": "ffffff00" },
					{ "time": 0.3333, "color": "ffffffff", "curve": "stepped" },
					{ "time": 0.7667, "color": "ffffffff" },
					{ "time": 1.0667, "color": "ffffff00", "curve": "stepped" },
					{ "time": 2.6667, "color": "ffffff00" }
				]
			},
			"xian4": {
				"color": [
					{ "time": 0, "color": "ffffff00", "curve": "stepped" },
					{ "time": 0.3, "color": "ffffff00" },
					{ "time": 0.5667, "color": "ffffffff", "curve": "stepped" },
					{ "time": 1, "color": "ffffffff" },
					{ "time": 1.3, "color": "ffffff00", "curve": "stepped" },
					{ "time": 2.6667, "color": "ffffff00" }
				]
			},
			"xian5": {
				"color": [
					{ "time": 0, "color": "ffffff00", "curve": "stepped" },
					{ "time": 0.6333, "color": "ffffff00", "curve": "stepped" },
					{ "time": 0.7667, "color": "ffffff00", "curve": "stepped" },
					{ "time": 0.8667, "color": "ffffff00", "curve": "stepped" },
					{ "time": 0.9333, "color": "ffffff00" },
					{ "time": 1.2, "color": "ffffffff", "curve": "stepped" },
					{ "time": 1.3, "color": "ffffffff", "curve": "stepped" },
					{ "time": 1.4, "color": "ffffffff" },
					{ "time": 1.7, "color": "ffffff00", "curve": "stepped" },
					{ "time": 2.6667, "color": "ffffff00" }
				]
			},
			"xian6": {
				"color": [
					{ "time": 0, "color": "ffffff71" },
					{ "time": 0.1333, "color": "ffffff00", "curve": "stepped" },
					{ "time": 0.9667, "color": "ffffff00", "curve": "stepped" },
					{ "time": 1.8, "color": "ffffff00" },
					{ "time": 2.0667, "color": "ffffffff", "curve": "stepped" },
					{ "time": 2.5, "color": "ffffffff" },
					{ "time": 2.6667, "color": "ffffff71" }
				]
			},
			"xian7": {
				"color": [
					{ "time": 0, "color": "ffffff00", "curve": "stepped" },
					{ "time": 1.4667, "color": "ffffff00" },
					{ "time": 1.7333, "color": "ffffffff", "curve": "stepped" },
					{ "time": 1.8667, "color": "ffffffff" },
					{ "time": 2.1667, "color": "ffffff00", "curve": "stepped" },
					{ "time": 2.6667, "color": "ffffff00" }
				]
			},
			"xian8": {
				"color": [
					{ "time": 0, "color": "ffffffff", "curve": "stepped" },
					{ "time": 0.0667, "color": "ffffffff" },
					{ "time": 0.3667, "color": "ffffff00", "curve": "stepped" },
					{ "time": 1.9667, "color": "ffffff00", "curve": "stepped" },
					{ "time": 2.2333, "color": "ffffff00" },
					{ "time": 2.5, "color": "ffffffff", "curve": "stepped" },
					{ "time": 2.6667, "color": "ffffffff" }
				]
			},
			"yun": {
				"color": [
					{ "time": 0, "color": "bbf4ffff" },
					{ "time": 0.7333, "color": "bbf3ff8d" },
					{ "time": 1.3333, "color": "bbf4ffff" },
					{ "time": 2.0667, "color": "bbf3ff8d" },
					{ "time": 2.6667, "color": "bbf4ffff" }
				]
			}
		},
		"bones": {
			"guang": {
				"rotate": [
					{ "time": 0, "angle": 0, "curve": "stepped" },
					{ "time": 0.4333, "angle": 0, "curve": "stepped" },
					{ "time": 2.6667, "angle": 0 }
				],
				"translate": [
					{ "time": 0, "x": 0, "y": 0, "curve": "stepped" },
					{ "time": 0.4333, "x": 0, "y": 0, "curve": "stepped" },
					{ "time": 2.6667, "x": 0, "y": 0 }
				],
				"scale": [
					{
						"time": 0,
						"x": 0.951,
						"y": 0.951,
						"curve": [ 0.354, 0.41, 0.756, 1 ]
					},
					{ "time": 0.4333, "x": 1, "y": 1 },
					{
						"time": 1.1,
						"x": 0.93,
						"y": 0.93,
						"curve": [ 0.25, 0, 0.75, 1 ]
					},
					{
						"time": 1.7667,
						"x": 1,
						"y": 1,
						"curve": [ 0.25, 0, 0.75, 1 ]
					},
					{
						"time": 2.4333,
						"x": 0.93,
						"y": 0.93,
						"curve": [ 0.263, 0, 0.618, 0.43 ]
					},
					{ "time": 2.6667, "x": 0.951, "y": 0.951 }
				],
				"shear": [
					{ "time": 0, "x": 0, "y": 0, "curve": "stepped" },
					{ "time": 0.4333, "x": 0, "y": 0, "curve": "stepped" },
					{ "time": 2.6667, "x": 0, "y": 0 }
				]
			},
			"quan3": {
				"rotate": [
					{ "time": 0, "angle": 0, "curve": "stepped" },
					{ "time": 0.3333, "angle": 0, "curve": "stepped" },
					{ "time": 1.4333, "angle": 0, "curve": "stepped" },
					{ "time": 2.6667, "angle": 0 }
				],
				"translate": [
					{ "time": 0, "x": 0, "y": 0, "curve": "stepped" },
					{ "time": 0.3333, "x": 0, "y": 0, "curve": "stepped" },
					{ "time": 1.4333, "x": 0, "y": 0, "curve": "stepped" },
					{ "time": 2.6667, "x": 0, "y": 0 }
				],
				"scale": [
					{ "time": 0, "x": 1, "y": 1, "curve": "stepped" },
					{ "time": 0.3333, "x": 1, "y": 1 },
					{ "time": 1.4333, "x": 1.3, "y": 1.3 },
					{ "time": 2.6667, "x": 1, "y": 1 }
				],
				"shear": [
					{ "time": 0, "x": 0, "y": 0, "curve": "stepped" },
					{ "time": 0.3333, "x": 0, "y": 0, "curve": "stepped" },
					{ "time": 1.4333, "x": 0, "y": 0, "curve": "stepped" },
					{ "time": 2.6667, "x": 0, "y": 0 }
				]
			},
			"quan4": {
				"rotate": [
					{ "time": 0, "angle": 0, "curve": "stepped" },
					{ "time": 2.6667, "angle": 0 }
				],
				"translate": [
					{ "time": 0, "x": 0, "y": 0, "curve": "stepped" },
					{ "time": 2.6667, "x": 0, "y": 0 }
				],
				"scale": [
					{
						"time": 0,
						"x": 1,
						"y": 1,
						"curve": [ 0.25, 0, 0.75, 1 ]
					},
					{
						"time": 1.2333,
						"x": 0.8,
						"y": 0.8,
						"curve": [ 0.25, 0, 0.75, 1 ]
					},
					{ "time": 2.6667, "x": 1, "y": 1 }
				],
				"shear": [
					{ "time": 0, "x": 0, "y": 0, "curve": "stepped" },
					{ "time": 2.6667, "x": 0, "y": 0 }
				]
			},
			"quan5": {
				"rotate": [
					{ "time": 0, "angle": 0, "curve": "stepped" },
					{ "time": 2.6667, "angle": 0 }
				],
				"translate": [
					{ "time": 0, "x": 0, "y": 0, "curve": "stepped" },
					{ "time": 2.6667, "x": 0, "y": 0 }
				],
				"scale": [
					{ "time": 0, "x": 1, "y": 1 },
					{ "time": 0.6333, "x": 1.1, "y": 1.1 },
					{ "time": 1.3333, "x": 1, "y": 1 },
					{ "time": 1.9667, "x": 1.1, "y": 1.1 },
					{ "time": 2.6667, "x": 1, "y": 1 }
				],
				"shear": [
					{ "time": 0, "x": 0, "y": 0, "curve": "stepped" },
					{ "time": 2.6667, "x": 0, "y": 0 }
				]
			},
			"quan7": {
				"rotate": [
					{ "time": 0, "angle": 0, "curve": "stepped" },
					{ "time": 0.0667, "angle": 0, "curve": "stepped" },
					{ "time": 1.3333, "angle": 0, "curve": "stepped" },
					{ "time": 1.4, "angle": 0, "curve": "stepped" },
					{ "time": 2.6, "angle": 0, "curve": "stepped" },
					{ "time": 2.6667, "angle": 0 }
				],
				"translate": [
					{ "time": 0, "x": 0, "y": 0, "curve": "stepped" },
					{ "time": 0.0667, "x": 0, "y": 0, "curve": "stepped" },
					{ "time": 1.3333, "x": 0, "y": 0, "curve": "stepped" },
					{ "time": 1.4, "x": 0, "y": 0, "curve": "stepped" },
					{ "time": 2.6, "x": 0, "y": 0, "curve": "stepped" },
					{ "time": 2.6667, "x": 0, "y": 0 }
				],
				"scale": [
					{ "time": 0, "x": 1, "y": 1 },
					{ "time": 0.0667, "x": 0.7, "y": 0.7 },
					{ "time": 1.3333, "x": 1.3, "y": 1.3 },
					{ "time": 1.4, "x": 0.7, "y": 0.7 },
					{ "time": 2.6, "x": 1.3, "y": 1.3 },
					{ "time": 2.6667, "x": 1, "y": 1 }
				],
				"shear": [
					{ "time": 0, "x": 0, "y": 0, "curve": "stepped" },
					{ "time": 0.0667, "x": 0, "y": 0, "curve": "stepped" },
					{ "time": 1.3333, "x": 0, "y": 0, "curve": "stepped" },
					{ "time": 1.4, "x": 0, "y": 0, "curve": "stepped" },
					{ "time": 2.6, "x": 0, "y": 0, "curve": "stepped" },
					{ "time": 2.6667, "x": 0, "y": 0 }
				]
			},
			"quan8": {
				"rotate": [
					{ "time": 0, "angle": 0, "curve": "stepped" },
					{ "time": 1.4333, "angle": 0, "curve": "stepped" },
					{ "time": 2.5333, "angle": 0, "curve": "stepped" },
					{ "time": 2.6667, "angle": 0 }
				],
				"translate": [
					{ "time": 0, "x": 0, "y": 0, "curve": "stepped" },
					{ "time": 1.4333, "x": 0, "y": 0, "curve": "stepped" },
					{ "time": 2.5333, "x": 0, "y": 0, "curve": "stepped" },
					{ "time": 2.6667, "x": 0, "y": 0 }
				],
				"scale": [
					{ "time": 0, "x": 1, "y": 1, "curve": "stepped" },
					{ "time": 1.4333, "x": 1, "y": 1 },
					{ "time": 2.5333, "x": 1.6, "y": 1.6 },
					{ "time": 2.6667, "x": 1, "y": 1 }
				],
				"shear": [
					{ "time": 0, "x": 0, "y": 0, "curve": "stepped" },
					{ "time": 1.4333, "x": 0, "y": 0, "curve": "stepped" },
					{ "time": 2.5333, "x": 0, "y": 0, "curve": "stepped" },
					{ "time": 2.6667, "x": 0, "y": 0 }
				]
			},
			"bone": {
				"rotate": [
					{ "time": 0, "angle": 0, "curve": "stepped" },
					{ "time": 0.1667, "angle": 0, "curve": "stepped" },
					{ "time": 1.8, "angle": 0, "curve": "stepped" },
					{ "time": 2.6667, "angle": 0 }
				],
				"translate": [
					{ "time": 0, "x": 0, "y": 0, "curve": "stepped" },
					{ "time": 0.1667, "x": 0, "y": 0, "curve": "stepped" },
					{ "time": 1.8, "x": 0, "y": 0, "curve": "stepped" },
					{ "time": 2.6667, "x": 0, "y": 0 }
				],
				"scale": [
					{ "time": 0, "x": 1, "y": 1, "curve": "stepped" },
					{ "time": 0.1667, "x": 1, "y": 1 },
					{ "time": 1.8, "x": 1.5, "y": 1.5 },
					{ "time": 2.6667, "x": 1, "y": 1 }
				],
				"shear": [
					{ "time": 0, "x": 0, "y": 0, "curve": "stepped" },
					{ "time": 0.1667, "x": 0, "y": 0, "curve": "stepped" },
					{ "time": 1.8, "x": 0, "y": 0, "curve": "stepped" },
					{ "time": 2.6667, "x": 0, "y": 0 }
				]
			},
			"bone2": {
				"rotate": [
					{ "time": 0, "angle": 0, "curve": "stepped" },
					{ "time": 0.3333, "angle": 0, "curve": "stepped" },
					{ "time": 0.3667, "angle": 0, "curve": "stepped" },
					{ "time": 1.6, "angle": 0, "curve": "stepped" },
					{ "time": 2.6667, "angle": 0 }
				],
				"translate": [
					{ "time": 0, "x": 0, "y": 0, "curve": "stepped" },
					{ "time": 0.3333, "x": 0, "y": 0, "curve": "stepped" },
					{ "time": 0.3667, "x": 0, "y": 0, "curve": "stepped" },
					{ "time": 1.6, "x": 0, "y": 0, "curve": "stepped" },
					{ "time": 2.6667, "x": 0, "y": 0 }
				],
				"scale": [
					{ "time": 0, "x": 1.381, "y": 1.381 },
					{ "time": 0.3333, "x": 1.5, "y": 1.5 },
					{ "time": 0.3667, "x": 1, "y": 1, "curve": "stepped" },
					{ "time": 1.6, "x": 1, "y": 1 },
					{ "time": 2.6667, "x": 1.381, "y": 1.381 }
				],
				"shear": [
					{ "time": 0, "x": 0, "y": 0, "curve": "stepped" },
					{ "time": 0.3333, "x": 0, "y": 0, "curve": "stepped" },
					{ "time": 0.3667, "x": 0, "y": 0, "curve": "stepped" },
					{ "time": 1.6, "x": 0, "y": 0, "curve": "stepped" },
					{ "time": 2.6667, "x": 0, "y": 0 }
				]
			},
			"xian4": {
				"rotate": [
					{ "time": 0, "angle": 0, "curve": "stepped" },
					{ "time": 0.3, "angle": 0, "curve": "stepped" },
					{ "time": 1.3, "angle": 0, "curve": "stepped" },
					{ "time": 2.6667, "angle": 0 }
				],
				"translate": [
					{ "time": 0, "x": 0, "y": 0 },
					{ "time": 0.3, "x": -22.62, "y": 65.81 },
					{ "time": 1.3, "x": 0, "y": 0, "curve": "stepped" },
					{ "time": 2.6667, "x": 0, "y": 0 }
				],
				"scale": [
					{ "time": 0, "x": 1, "y": 1, "curve": "stepped" },
					{ "time": 0.3, "x": 1, "y": 1, "curve": "stepped" },
					{ "time": 1.3, "x": 1, "y": 1, "curve": "stepped" },
					{ "time": 2.6667, "x": 1, "y": 1 }
				],
				"shear": [
					{ "time": 0, "x": 0, "y": 0, "curve": "stepped" },
					{ "time": 0.3, "x": 0, "y": 0, "curve": "stepped" },
					{ "time": 1.3, "x": 0, "y": 0, "curve": "stepped" },
					{ "time": 2.6667, "x": 0, "y": 0 }
				]
			},
			"xian1": {
				"rotate": [
					{ "time": 0, "angle": 0, "curve": "stepped" },
					{ "time": 1, "angle": 0, "curve": "stepped" },
					{ "time": 1.8, "angle": 0, "curve": "stepped" },
					{ "time": 2.6667, "angle": 0 }
				],
				"translate": [
					{ "time": 0, "x": 0, "y": 0 },
					{ "time": 1, "x": -18.84, "y": 66.99 },
					{ "time": 1.8, "x": 0, "y": 0, "curve": "stepped" },
					{ "time": 2.6667, "x": 0, "y": 0 }
				],
				"scale": [
					{ "time": 0, "x": 1, "y": 1, "curve": "stepped" },
					{ "time": 1, "x": 1, "y": 1, "curve": "stepped" },
					{ "time": 1.8, "x": 1, "y": 1, "curve": "stepped" },
					{ "time": 2.6667, "x": 1, "y": 1 }
				],
				"shear": [
					{ "time": 0, "x": 0, "y": 0, "curve": "stepped" },
					{ "time": 1, "x": 0, "y": 0, "curve": "stepped" },
					{ "time": 1.8, "x": 0, "y": 0, "curve": "stepped" },
					{ "time": 2.6667, "x": 0, "y": 0 }
				]
			},
			"xian2": {
				"rotate": [
					{ "time": 0, "angle": 0, "curve": "stepped" },
					{ "time": 0.2333, "angle": 0, "curve": "stepped" },
					{ "time": 1.6, "angle": 0, "curve": "stepped" },
					{ "time": 1.9, "angle": 0, "curve": "stepped" },
					{ "time": 2.5, "angle": 0, "curve": "stepped" },
					{ "time": 2.6667, "angle": 0 }
				],
				"translate": [
					{ "time": 0, "x": 4.75, "y": 15.53 },
					{ "time": 0.2333, "x": 0, "y": 0, "curve": "stepped" },
					{ "time": 1.6, "x": 0, "y": 0 },
					{ "time": 1.9, "x": 20.37, "y": 66.54 },
					{ "time": 2.5, "x": 8.15, "y": 26.62 },
					{ "time": 2.6667, "x": 4.75, "y": 15.53 }
				],
				"scale": [
					{ "time": 0, "x": 1, "y": 1, "curve": "stepped" },
					{ "time": 0.2333, "x": 1, "y": 1, "curve": "stepped" },
					{ "time": 1.6, "x": 1, "y": 1, "curve": "stepped" },
					{ "time": 1.9, "x": 1, "y": 1, "curve": "stepped" },
					{ "time": 2.5, "x": 1, "y": 1, "curve": "stepped" },
					{ "time": 2.6667, "x": 1, "y": 1 }
				],
				"shear": [
					{ "time": 0, "x": 0, "y": 0, "curve": "stepped" },
					{ "time": 0.2333, "x": 0, "y": 0, "curve": "stepped" },
					{ "time": 1.6, "x": 0, "y": 0, "curve": "stepped" },
					{ "time": 1.9, "x": 0, "y": 0, "curve": "stepped" },
					{ "time": 2.5, "x": 0, "y": 0, "curve": "stepped" },
					{ "time": 2.6667, "x": 0, "y": 0 }
				]
			},
			"xian3": {
				"rotate": [
					{ "time": 0, "angle": 0, "curve": "stepped" },
					{ "time": 0.0667, "angle": 0, "curve": "stepped" },
					{ "time": 1.0667, "angle": 0, "curve": "stepped" },
					{ "time": 2.6667, "angle": 0 }
				],
				"translate": [
					{ "time": 0, "x": 0, "y": 0 },
					{ "time": 0.0667, "x": 18.74, "y": 67.02 },
					{ "time": 1.0667, "x": 0, "y": 0, "curve": "stepped" },
					{ "time": 2.6667, "x": 0, "y": 0 }
				],
				"scale": [
					{ "time": 0, "x": 1, "y": 1, "curve": "stepped" },
					{ "time": 0.0667, "x": 1, "y": 1, "curve": "stepped" },
					{ "time": 1.0667, "x": 1, "y": 1, "curve": "stepped" },
					{ "time": 2.6667, "x": 1, "y": 1 }
				],
				"shear": [
					{ "time": 0, "x": 0, "y": 0, "curve": "stepped" },
					{ "time": 0.0667, "x": 0, "y": 0, "curve": "stepped" },
					{ "time": 1.0667, "x": 0, "y": 0, "curve": "stepped" },
					{ "time": 2.6667, "x": 0, "y": 0 }
				]
			},
			"xian5": {
				"rotate": [
					{ "time": 0, "angle": 0, "curve": "stepped" },
					{ "time": 0.6333, "angle": 0, "curve": "stepped" },
					{ "time": 0.7667, "angle": 0, "curve": "stepped" },
					{ "time": 0.8667, "angle": 0, "curve": "stepped" },
					{ "time": 0.9333, "angle": 0, "curve": "stepped" },
					{ "time": 1.3, "angle": 0, "curve": "stepped" },
					{ "time": 1.7, "angle": 0, "curve": "stepped" },
					{ "time": 2.6667, "angle": 0 }
				],
				"translate": [
					{ "time": 0, "x": 0, "y": 0, "curve": "stepped" },
					{ "time": 0.6333, "x": 0, "y": 0 },
					{ "time": 0.7667, "x": 9.05, "y": 29.57 },
					{ "time": 0.8667, "x": 15.84, "y": 51.75 },
					{ "time": 0.9333, "x": 20.37, "y": 66.54 },
					{ "time": 1.3, "x": 8.15, "y": 26.62 },
					{ "time": 1.7, "x": 0, "y": 0, "curve": "stepped" },
					{ "time": 2.6667, "x": 0, "y": 0 }
				],
				"scale": [
					{ "time": 0, "x": 1, "y": 1, "curve": "stepped" },
					{ "time": 0.6333, "x": 1, "y": 1, "curve": "stepped" },
					{ "time": 0.7667, "x": 1, "y": 1, "curve": "stepped" },
					{ "time": 0.8667, "x": 1, "y": 1, "curve": "stepped" },
					{ "time": 0.9333, "x": 1, "y": 1, "curve": "stepped" },
					{ "time": 1.3, "x": 1, "y": 1, "curve": "stepped" },
					{ "time": 1.7, "x": 1, "y": 1, "curve": "stepped" },
					{ "time": 2.6667, "x": 1, "y": 1 }
				],
				"shear": [
					{ "time": 0, "x": 0, "y": 0, "curve": "stepped" },
					{ "time": 0.6333, "x": 0, "y": 0, "curve": "stepped" },
					{ "time": 0.7667, "x": 0, "y": 0, "curve": "stepped" },
					{ "time": 0.8667, "x": 0, "y": 0, "curve": "stepped" },
					{ "time": 0.9333, "x": 0, "y": 0, "curve": "stepped" },
					{ "time": 1.3, "x": 0, "y": 0, "curve": "stepped" },
					{ "time": 1.7, "x": 0, "y": 0, "curve": "stepped" },
					{ "time": 2.6667, "x": 0, "y": 0 }
				]
			},
			"xian6": {
				"rotate": [
					{ "time": 0, "angle": 0, "curve": "stepped" },
					{ "time": 0.1333, "angle": 0, "curve": "stepped" },
					{ "time": 0.9667, "angle": 0, "curve": "stepped" },
					{ "time": 1.8, "angle": 0, "curve": "stepped" },
					{ "time": 2.6667, "angle": 0 }
				],
				"translate": [
					{ "time": 0, "x": -3.02, "y": 8.77 },
					{ "time": 0.1333, "x": 0, "y": 0, "curve": "stepped" },
					{ "time": 0.9667, "x": 0, "y": 0 },
					{ "time": 1.8, "x": -22.62, "y": 65.81 },
					{ "time": 2.6667, "x": -3.02, "y": 8.77 }
				],
				"scale": [
					{ "time": 0, "x": 1, "y": 1, "curve": "stepped" },
					{ "time": 0.1333, "x": 1, "y": 1, "curve": "stepped" },
					{ "time": 0.9667, "x": 1, "y": 1, "curve": "stepped" },
					{ "time": 1.8, "x": 1, "y": 1, "curve": "stepped" },
					{ "time": 2.6667, "x": 1, "y": 1 }
				],
				"shear": [
					{ "time": 0, "x": 0, "y": 0, "curve": "stepped" },
					{ "time": 0.1333, "x": 0, "y": 0, "curve": "stepped" },
					{ "time": 0.9667, "x": 0, "y": 0, "curve": "stepped" },
					{ "time": 1.8, "x": 0, "y": 0, "curve": "stepped" },
					{ "time": 2.6667, "x": 0, "y": 0 }
				]
			},
			"xian7": {
				"rotate": [
					{ "time": 0, "angle": 0, "curve": "stepped" },
					{ "time": 1.4667, "angle": 0, "curve": "stepped" },
					{ "time": 2.1667, "angle": 0, "curve": "stepped" },
					{ "time": 2.6667, "angle": 0 }
				],
				"translate": [
					{ "time": 0, "x": 0, "y": 0 },
					{ "time": 1.4667, "x": 18.74, "y": 67.02 },
					{ "time": 2.1667, "x": 0, "y": 0, "curve": "stepped" },
					{ "time": 2.6667, "x": 0, "y": 0 }
				],
				"scale": [
					{ "time": 0, "x": 1, "y": 1, "curve": "stepped" },
					{ "time": 1.4667, "x": 1, "y": 1, "curve": "stepped" },
					{ "time": 2.1667, "x": 1, "y": 1, "curve": "stepped" },
					{ "time": 2.6667, "x": 1, "y": 1 }
				],
				"shear": [
					{ "time": 0, "x": 0, "y": 0, "curve": "stepped" },
					{ "time": 1.4667, "x": 0, "y": 0, "curve": "stepped" },
					{ "time": 2.1667, "x": 0, "y": 0, "curve": "stepped" },
					{ "time": 2.6667, "x": 0, "y": 0 }
				]
			},
			"xian8": {
				"rotate": [
					{ "time": 0, "angle": 0, "curve": "stepped" },
					{ "time": 0.3667, "angle": 0, "curve": "stepped" },
					{ "time": 1.9667, "angle": 0, "curve": "stepped" },
					{ "time": 2.2333, "angle": 0, "curve": "stepped" },
					{ "time": 2.6667, "angle": 0 }
				],
				"translate": [
					{ "time": 0, "x": -8.64, "y": 30.7 },
					{ "time": 0.3667, "x": 0, "y": 0, "curve": "stepped" },
					{ "time": 1.9667, "x": 0, "y": 0 },
					{ "time": 2.2333, "x": -18.84, "y": 66.99 },
					{ "time": 2.6667, "x": -8.64, "y": 30.7 }
				],
				"scale": [
					{ "time": 0, "x": 1, "y": 1, "curve": "stepped" },
					{ "time": 0.3667, "x": 1, "y": 1, "curve": "stepped" },
					{ "time": 1.9667, "x": 1, "y": 1, "curve": "stepped" },
					{ "time": 2.2333, "x": 1, "y": 1, "curve": "stepped" },
					{ "time": 2.6667, "x": 1, "y": 1 }
				],
				"shear": [
					{ "time": 0, "x": 0, "y": 0, "curve": "stepped" },
					{ "time": 0.3667, "x": 0, "y": 0, "curve": "stepped" },
					{ "time": 1.9667, "x": 0, "y": 0, "curve": "stepped" },
					{ "time": 2.2333, "x": 0, "y": 0, "curve": "stepped" },
					{ "time": 2.6667, "x": 0, "y": 0 }
				]
			}
		}
	}
}
}