{
"skeleton": { "hash": "slfE1/p3jh1w+MFJXpe2pSNz27o", "spine": "3.7.93", "width": 750, "height": 1648 },
"bones": [
	{ "name": "root" },
	{ "name": "zong", "parent": "root", "x": -351.68, "y": -54.65 },
	{ "name": "12", "parent": "zong", "x": 264.83, "y": 147.87 },
	{ "name": "10", "parent": "zong", "x": 424.16, "y": 148.43 },
	{ "name": "6", "parent": "zong", "x": 310.83, "y": 145.07 },
	{ "name": "7", "parent": "zong", "x": 361.89, "y": 147.87 },
	{ "name": "4", "parent": "zong", "x": 351.23, "y": 124.31 },
	{ "name": "zong2", "parent": "zong", "x": 233.42, "y": 132.17 },
	{ "name": "zong3", "parent": "zong", "x": 463.43, "y": 131.04 }
],
"slots": [
	{ "name": "13", "bone": "zong2", "attachment": "13" },
	{ "name": "12", "bone": "12", "attachment": "12" },
	{ "name": "11", "bone": "zong3", "attachment": "11" },
	{ "name": "10", "bone": "10", "attachment": "10" },
	{ "name": "9", "bone": "zong", "attachment": "9" },
	{ "name": "8", "bone": "zong", "attachment": "8" },
	{ "name": "7", "bone": "7", "attachment": "7" },
	{ "name": "6", "bone": "6", "attachment": "6" },
	{ "name": "5", "bone": "zong", "attachment": "5" },
	{ "name": "4", "bone": "4", "attachment": "4" },
	{ "name": "2", "bone": "zong", "attachment": "2" }
],
"skins": {
	"default": {
		"10": {
			"10": { "x": 18.42, "y": -11.23, "width": 74, "height": 58 }
		},
		"11": {
			"11": { "x": -38.85, "y": -1.84, "width": 88, "height": 54 }
		},
		"12": {
			"12": { "x": -17.26, "y": -10.67, "width": 74, "height": 58 }
		},
		"13": {
			"13": { "x": 36.16, "y": -2.97, "width": 88, "height": 54 }
		},
		"2": {
			"2": { "x": 351.57, "y": 88.2, "width": 714, "height": 258 }
		},
		"4": {
			"4": { "x": 38.85, "y": 1.39, "width": 283, "height": 45 }
		},
		"5": {
			"5": { "x": 347.57, "y": 146.7, "width": 96, "height": 11 }
		},
		"6": {
			"6": { "x": -2.26, "y": 0.13, "width": 32, "height": 24 }
		},
		"7": {
			"7": { "x": 0.69, "y": -1.67, "width": 80, "height": 26 }
		},
		"8": {
			"8": { "x": 269.57, "y": 129.2, "width": 88, "height": 54 }
		},
		"9": {
			"9": { "x": 425.51, "y": 129.2, "width": 88, "height": 54 }
		}
	}
},
"animations": {
	"jiangchi": {
		"slots": {
			"10": {
				"color": [
					{ "time": 0, "color": "ffffffff", "curve": "stepped" },
					{ "time": 0.1333, "color": "ffffffff" },
					{ "time": 0.2333, "color": "ffffff00", "curve": "stepped" },
					{ "time": 0.4333, "color": "ffffff00" },
					{ "time": 0.5333, "color": "ffffffff" },
					{ "time": 0.7, "color": "ffffff00", "curve": "stepped" },
					{ "time": 1.1333, "color": "ffffff00" },
					{ "time": 1.2667, "color": "ffffffff", "curve": "stepped" },
					{ "time": 1.6, "color": "ffffffff" },
					{ "time": 1.7333, "color": "ffffff00", "curve": "stepped" },
					{ "time": 2, "color": "ffffff00" }
				]
			},
			"11": {
				"color": [
					{ "time": 0, "color": "ffffffff" },
					{ "time": 0.2333, "color": "ffffff00" },
					{ "time": 0.5, "color": "ffffffff", "curve": "stepped" },
					{ "time": 0.6667, "color": "ffffffff" },
					{ "time": 0.9, "color": "ffffff00" },
					{ "time": 1.1667, "color": "ffffffff", "curve": "stepped" },
					{ "time": 1.3333, "color": "ffffffff" },
					{ "time": 1.5667, "color": "ffffff00" },
					{ "time": 1.8333, "color": "ffffffff", "curve": "stepped" },
					{ "time": 2, "color": "ffffffff" }
				]
			},
			"12": {
				"color": [
					{ "time": 0, "color": "ffffffff", "curve": "stepped" },
					{ "time": 0.1333, "color": "ffffffff" },
					{ "time": 0.2333, "color": "ffffff00", "curve": "stepped" },
					{ "time": 0.4333, "color": "ffffff00" },
					{ "time": 0.5333, "color": "ffffffff" },
					{ "time": 0.7, "color": "ffffff00", "curve": "stepped" },
					{ "time": 1.1333, "color": "ffffff00" },
					{ "time": 1.2667, "color": "ffffffff", "curve": "stepped" },
					{ "time": 1.6, "color": "ffffffff" },
					{ "time": 1.7333, "color": "ffffff00", "curve": "stepped" },
					{ "time": 2, "color": "ffffff00" }
				]
			},
			"13": {
				"color": [
					{ "time": 0, "color": "ffffffff" },
					{ "time": 0.2333, "color": "ffffff00" },
					{ "time": 0.5, "color": "ffffffff", "curve": "stepped" },
					{ "time": 0.6667, "color": "ffffffff" },
					{ "time": 0.9, "color": "ffffff00" },
					{ "time": 1.1667, "color": "ffffffff", "curve": "stepped" },
					{ "time": 1.3333, "color": "ffffffff" },
					{ "time": 1.5667, "color": "ffffff00" },
					{ "time": 1.8333, "color": "ffffffff", "curve": "stepped" },
					{ "time": 2, "color": "ffffffff" }
				]
			},
			"4": {
				"color": [
					{ "time": 0, "color": "ffffffff", "curve": "stepped" },
					{ "time": 0.2, "color": "ffffffff" },
					{ "time": 0.3333, "color": "ffffff86" },
					{ "time": 0.4667, "color": "ffffffff", "curve": "stepped" },
					{ "time": 0.7667, "color": "ffffffff" },
					{ "time": 1, "color": "ffffff86" },
					{ "time": 1.1667, "color": "ffffffff" },
					{ "time": 1.3, "color": "ffffff86", "curve": "stepped" },
					{ "time": 1.6, "color": "ffffff86" },
					{ "time": 1.7667, "color": "ffffffff", "curve": "stepped" },
					{ "time": 2, "color": "ffffffff" }
				]
			},
			"6": {
				"color": [
					{ "time": 0, "color": "ffffff00", "curve": "stepped" },
					{ "time": 0.1333, "color": "ffffff00" },
					{ "time": 0.2333, "color": "ffffffff", "curve": "stepped" },
					{ "time": 0.6, "color": "ffffffff" },
					{ "time": 0.7, "color": "ffffff00", "curve": "stepped" },
					{ "time": 1.0333, "color": "ffffff00" },
					{ "time": 1.1, "color": "ffffffff", "curve": "stepped" },
					{ "time": 1.5, "color": "ffffffff" },
					{ "time": 1.6333, "color": "ffffff00" },
					{ "time": 1.7667, "color": "ffffffff", "curve": "stepped" },
					{ "time": 2, "color": "ffffffff" }
				]
			},
			"7": {
				"color": [
					{ "time": 0, "color": "ffffffff", "curve": "stepped" },
					{ "time": 0.1667, "color": "ffffffff" },
					{ "time": 0.2667, "color": "ffffff00" },
					{ "time": 0.4, "color": "ffffffff", "curve": "stepped" },
					{ "time": 0.7667, "color": "ffffffff" },
					{ "time": 0.9, "color": "ffffff00", "curve": "stepped" },
					{ "time": 1.2667, "color": "ffffff00" },
					{ "time": 1.3333, "color": "ffffffff", "curve": "stepped" },
					{ "time": 1.7667, "color": "ffffffff" },
					{ "time": 1.8333, "color": "ffffff00" },
					{ "time": 2, "color": "ffffffff" }
				]
			}
		}
	}
}
}