[
	{"avatar":"1","nick":"Biswajit Sardar","area_code":"IN"},
	{"avatar":"2","nick":"Satish Rathod","area_code":"IN"},
	{"avatar":"3","nick":"Ravindra Mahajan","area_code":"IN"},
	{"avatar":"4","nick":"Biswajit Roy","area_code":"US"},
	{"avatar":"5","nick":"Raju Debnath","area_code":"ID"},
	{"avatar":"6","nick":"Vasant Ambeker","area_code":"GB"},
	{"avatar":"7","nick":"Sd Sobus Sobus","area_code":"IN"},
	{"avatar":"8","nick":"Vishwajeet","area_code":"IN"},
	{"avatar":"9","nick":"Prem Bhai","area_code":"IN"},
	{"avatar":"10","nick":"Sagar Sagar","area_code":"IN"},
	{"avatar":"11","nick":"Dambru Kumar","area_code":"AO"},
	{"avatar":"12","nick":"Joker","area_code":"AF"},
	{"avatar":"13","nick":"Zoyan","area_code":"AL"},
	{"avatar":"14","nick":"Ivana","area_code":"DZ"},
	{"avatar":"15","nick":"Ken stutler","area_code":"AD"},
	{"avatar":"16","nick":"Aasana","area_code":"AI"},
	{"avatar":"17","nick":"Blue Super","area_code":"AG"},
	{"avatar":"18","nick":"JolliBee","area_code":"AR"},
	{"avatar":"19","nick":"Mahi.g","area_code":"AM"},
	{"avatar":"20","nick":"shivam vishwakar","area_code":"AU"},
	{"avatar":"21","nick":"abdul jameel","area_code":"AT"},
	{"avatar":"22","nick":"desar","area_code":"AZ"},
	{"avatar":"23","nick":"GEETA","area_code":"BS"},
	{"avatar":"24","nick":"Gamble","area_code":"BH"},
	{"avatar":"25","nick":"inchshy","area_code":"BD"},
	{"avatar":"26","nick":"Lolchen","area_code":"BB"},
	{"avatar":"27","nick":"Donna Moran","area_code":"BY"},
	{"avatar":"28","nick":"Koi2","area_code":"BE"},
	{"avatar":"29","nick":"Rid Wan","area_code":"BZ"},
	{"avatar":"30","nick":"Salim Maniar","area_code":"BJ"},
	{"avatar":"1","nick":"Juanjo","area_code":"BM"},
	{"avatar":"2","nick":"bayraa","area_code":"BO"},
	{"avatar":"3","nick":"AMG","area_code":"BW"},
	{"avatar":"4","nick":"Bulu","area_code":"BR"},
	{"avatar":"5","nick":"Me Angel","area_code":"BN"},
	{"avatar":"6","nick":"gigi","area_code":"BG"},
	{"avatar":"7","nick":"Ko Gyi","area_code":"BF"},
	{"avatar":"8","nick":"Azriee","area_code":"MM"},
	{"avatar":"9","nick":"Jan","area_code":"BI"},
	{"avatar":"10","nick":"Connie","area_code":"CM"},
	{"avatar":"11","nick":"Apis Zul","area_code":"CA"},
	{"avatar":"12","nick":"Sandro","area_code":"CF"},
	{"avatar":"13","nick":"Bawcharat Ch","area_code":"TD"},
	{"avatar":"14","nick":"amkero","area_code":"CL"},
	{"avatar":"15","nick":"Aaron Ezekier","area_code":"CN"},
	{"avatar":"16","nick":"kacik alusss","area_code":"CO"},
	{"avatar":"17","nick":"Dragon","area_code":"CG"},
	{"avatar":"18","nick":"Monte","area_code":"CK"},
	{"avatar":"19","nick":"sabah kio","area_code":"CR"},
	{"avatar":"20","nick":"Ellie","area_code":"CU"},
	{"avatar":"21","nick":"JOKkeR","area_code":"CY"},
	{"avatar":"22","nick":"Matt","area_code":"CZ"},
	{"avatar":"23","nick":"alang iskdr","area_code":"DK"},
	{"avatar":"24","nick":"Trevloc","area_code":"DJ"},
	{"avatar":"25","nick":"MCS","area_code":"DO"},
	{"avatar":"26","nick":"Louis Dean","area_code":"EC"},
	{"avatar":"27","nick":"nizza","area_code":"EG"},
	{"avatar":"28","nick":"Arya","area_code":"SV"},
	{"avatar":"29","nick":"lina","area_code":"EE"},
	{"avatar":"30","nick":"Rafa","area_code":"ET"},
	{"avatar":"1","nick":"Lylahsareena","area_code":"FJ"},
	{"avatar":"2","nick":"migednez","area_code":"FI"},
	{"avatar":"3","nick":"radenraden","area_code":"FR"},
	{"avatar":"4","nick":"yoseph da Si","area_code":"GF"},
	{"avatar":"5","nick":"andrzej","area_code":"GA"},
	{"avatar":"6","nick":"Gaylord94","area_code":"GM"},
	{"avatar":"7","nick":"aeyip","area_code":"GE"},
	{"avatar":"8","nick":"Phet","area_code":"DE"},
	{"avatar":"9","nick":"lie calat","area_code":"GH"},
	{"avatar":"10","nick":"Alexus h.","area_code":"GI"},
	{"avatar":"11","nick":"Bert","area_code":"GR"},
	{"avatar":"12","nick":"Zafar","area_code":"GD"},
	{"avatar":"13","nick":"Satriya Rondan","area_code":"GU"},
	{"avatar":"14","nick":"kingDick","area_code":"GT"},
	{"avatar":"15","nick":"Zepol C. Eiho","area_code":"GN"},
	{"avatar":"16","nick":"Abdulla 123","area_code":"GY"},
	{"avatar":"17","nick":"Allen","area_code":"HT"},
	{"avatar":"18","nick":"Melhem Mark","area_code":"HN"},
	{"avatar":"19","nick":"corona","area_code":"HK"},
	{"avatar":"20","nick":"melden","area_code":"HU"},
	{"avatar":"21","nick":"Sodikin sodi","area_code":"IS"},
	{"avatar":"22","nick":"Jaynrsaurous","area_code":"IN"},
	{"avatar":"23","nick":"Aurthur","area_code":"ID"},
	{"avatar":"24","nick":"nfongus","area_code":"IR"},
	{"avatar":"25","nick":"Jawi","area_code":"IQ"},
	{"avatar":"26","nick":"Ko Gyi","area_code":"IE"},
	{"avatar":"27","nick":"Randle Hill","area_code":"IL"},
	{"avatar":"28","nick":"Jesus xulo","area_code":"IT"},
	{"avatar":"29","nick":"Ms.Remi","area_code":"JM"},
	{"avatar":"30","nick":"drunkkevin","area_code":"JP"},
	{"avatar":"1","nick":"sky..","area_code":"JO"},
	{"avatar":"2","nick":"Aaron","area_code":"KH"},
	{"avatar":"3","nick":"Alex","area_code":"KZ"},
	{"avatar":"4","nick":"Andrew","area_code":"KE"},
	{"avatar":"5","nick":"Angus","area_code":"KR"},
	{"avatar":"6","nick":"Francis","area_code":"KW"},
	{"avatar":"7","nick":"Cpdy","area_code":"KG"},
	{"avatar":"8","nick":"Abraham","area_code":"LA"},
	{"avatar":"9","nick":"Grafield","area_code":"LV"},
	{"avatar":"10","nick":"Benjamin","area_code":"LB"},
	{"avatar":"11","nick":"Donald","area_code":"LS"},
	{"avatar":"12","nick":"Keith","area_code":"LR"},
	{"avatar":"13","nick":"Larry","area_code":"LY"},
	{"avatar":"14","nick":"Henry","area_code":"LI"},
	{"avatar":"15","nick":"Randall","area_code":"LT"},
	{"avatar":"16","nick":"Alexandra","area_code":"LU"},
	{"avatar":"17","nick":"Jessica","area_code":"MO"},
	{"avatar":"18","nick":"Joliet","area_code":"MG"},
	{"avatar":"19","nick":"Josephine","area_code":"MW"},
	{"avatar":"20","nick":"Hebe","area_code":"MY"},
	{"avatar":"21","nick":"Beyond","area_code":"MV"},
	{"avatar":"22","nick":"Aminu","area_code":"ML"},
	{"avatar":"23","nick":"Lawyer","area_code":"MT"},
	{"avatar":"24","nick":"Kuzima","area_code":"MU"}
]