{
"skeleton": { "hash": "AS+9lIJ+C2qXrKHpZOC+93nW1KA", "spine": "3.7.93", "width": 320, "height": 320 },
"bones": [
	{ "name": "root" },
	{ "name": "zong", "parent": "root", "x": -280.7, "y": -114.22 },
	{ "name": "zong2", "parent": "zong", "x": 287.05, "y": 119.39 },
	{ "name": "zong3", "parent": "zong", "x": 283.08, "y": 119.28 }
],
"slots": [
	{ "name": "ic/glow1", "bone": "zong2", "attachment": "ic/glow1", "blend": "additive" },
	{ "name": "ic/guanga1 (2)", "bone": "zong3", "attachment": "ic/guanga1 (2)", "blend": "additive" }
],
"skins": {
	"default": {
		"ic/glow1": {
			"ic/glow1": { "scaleX": 2, "scaleY": 2, "width": 128, "height": 128 }
		},
		"ic/guanga1 (2)": {
			"ic/guanga1 (2)": { "y": 0.5, "scaleX": 2.5, "scaleY": 2.5, "width": 128, "height": 128 }
		}
	}
},
"animations": {
	"anniu": {
		"slots": {
			"ic/glow1": {
				"color": [
					{ "time": 0, "color": "ffffff00", "curve": "stepped" },
					{ "time": 0.1667, "color": "ffffff00" },
					{ "time": 0.3333, "color": "ffffff8d" },
					{ "time": 0.8333, "color": "ffffff00", "curve": "stepped" },
					{ "time": 1.1667, "color": "ffffff00" }
				]
			},
			"ic/guanga1 (2)": {
				"color": [
					{ "time": 0, "color": "ffffff00", "curve": "stepped" },
					{ "time": 0.3333, "color": "ffffff00" },
					{ "time": 0.5, "color": "ffffffff" },
					{ "time": 1, "color": "ffffff00", "curve": "stepped" },
					{ "time": 1.1667, "color": "ffffff00" }
				]
			}
		},
		"bones": {
			"zong2": {
				"rotate": [
					{ "time": 0, "angle": 0, "curve": "stepped" },
					{ "time": 0.1667, "angle": 0, "curve": "stepped" },
					{ "time": 0.8333, "angle": 0, "curve": "stepped" },
					{ "time": 1.1667, "angle": 0 }
				],
				"translate": [
					{ "time": 0, "x": 0, "y": 0, "curve": "stepped" },
					{ "time": 0.1667, "x": 0, "y": 0, "curve": "stepped" },
					{ "time": 0.8333, "x": 0, "y": 0, "curve": "stepped" },
					{ "time": 1.1667, "x": 0, "y": 0 }
				],
				"scale": [
					{ "time": 0, "x": 1, "y": 1, "curve": "stepped" },
					{ "time": 0.1667, "x": 1, "y": 1 },
					{ "time": 0.8333, "x": 3, "y": 3, "curve": "stepped" },
					{ "time": 1.1667, "x": 3, "y": 3 }
				],
				"shear": [
					{ "time": 0, "x": 0, "y": 0, "curve": "stepped" },
					{ "time": 0.1667, "x": 0, "y": 0, "curve": "stepped" },
					{ "time": 0.8333, "x": 0, "y": 0, "curve": "stepped" },
					{ "time": 1.1667, "x": 0, "y": 0 }
				]
			},
			"zong3": {
				"rotate": [
					{ "time": 0, "angle": 0, "curve": "stepped" },
					{ "time": 0.3333, "angle": 0, "curve": "stepped" },
					{ "time": 1, "angle": 0, "curve": "stepped" },
					{ "time": 1.1667, "angle": 0 }
				],
				"translate": [
					{ "time": 0, "x": 0, "y": 0, "curve": "stepped" },
					{ "time": 0.3333, "x": 0, "y": 0, "curve": "stepped" },
					{ "time": 1, "x": 0, "y": 0, "curve": "stepped" },
					{ "time": 1.1667, "x": 0, "y": 0 }
				],
				"scale": [
					{ "time": 0, "x": 1, "y": 1 },
					{ "time": 0.3333, "x": 0.5, "y": 0.5 },
					{ "time": 1, "x": 1.8, "y": 1.8 },
					{ "time": 1.1667, "x": 2, "y": 2 }
				],
				"shear": [
					{ "time": 0, "x": 0, "y": 0, "curve": "stepped" },
					{ "time": 0.3333, "x": 0, "y": 0, "curve": "stepped" },
					{ "time": 1, "x": 0, "y": 0, "curve": "stepped" },
					{ "time": 1.1667, "x": 0, "y": 0 }
				]
			}
		}
	}
}
}