{
"skeleton": { "hash": "lNk83ccT8AsN/cxTHsX0mR9LpS4", "spine": "3.7.93", "width": 218, "height": 268 },
"bones": [
	{ "name": "root" },
	{ "name": "zong", "parent": "root", "x": -225.02, "y": -1.6 },
	{ "name": "bone", "parent": "zong", "x": 225.02, "y": 1.6 },
	{ "name": "bone2", "parent": "zong", "x": 225.02, "y": 1.6 }
],
"slots": [
	{ "name": "images/2", "bone": "zong", "attachment": "images/2" },
	{ "name": "images/1", "bone": "bone", "attachment": "images/1", "blend": "additive" },
	{ "name": "images/5", "bone": "bone2", "attachment": "images/1", "blend": "additive" }
],
"skins": {
	"default": {
		"images/1": {
			"images/1": { "width": 192, "height": 242 }
		},
		"images/2": {
			"images/2": { "x": 225.02, "y": 1.6, "width": 218, "height": 268 }
		},
		"images/5": {
			"images/1": { "width": 192, "height": 242 }
		}
	}
},
"animations": {
	"fanpaiguang": {
		"slots": {
			"images/1": {
				"color": [
					{ "time": 0, "color": "ffffff00", "curve": "stepped" },
					{ "time": 0.1, "color": "ffffff00" },
					{ "time": 0.4, "color": "ffffffff" },
					{ "time": 0.8667, "color": "ffffff00", "curve": "stepped" },
					{ "time": 1, "color": "ffffff00" }
				]
			},
			"images/2": {
				"color": [
					{ "time": 0, "color": "ffffff00" },
					{ "time": 0.3333, "color": "ffffffff" },
					{ "time": 0.7333, "color": "ffffff00" }
				]
			},
			"images/5": {
				"color": [
					{ "time": 0, "color": "ffffff00", "curve": "stepped" },
					{ "time": 0.2667, "color": "ffffff00" },
					{ "time": 0.5333, "color": "ffffffff" },
					{ "time": 1, "color": "ffffff00" }
				]
			}
		},
		"bones": {
			"bone": {
				"rotate": [
					{ "time": 0, "angle": 0, "curve": "stepped" },
					{ "time": 0.1, "angle": 0, "curve": "stepped" },
					{ "time": 0.8667, "angle": 0, "curve": "stepped" },
					{ "time": 1, "angle": 0 }
				],
				"translate": [
					{ "time": 0, "x": 0, "y": 0, "curve": "stepped" },
					{ "time": 0.1, "x": 0, "y": 0, "curve": "stepped" },
					{ "time": 0.8667, "x": 0, "y": 0, "curve": "stepped" },
					{ "time": 1, "x": 0, "y": 0 }
				],
				"scale": [
					{ "time": 0, "x": 1, "y": 1, "curve": "stepped" },
					{ "time": 0.1, "x": 1, "y": 1 },
					{ "time": 0.8667, "x": 1.1, "y": 1.1, "curve": "stepped" },
					{ "time": 1, "x": 1.1, "y": 1.1 }
				],
				"shear": [
					{ "time": 0, "x": 0, "y": 0, "curve": "stepped" },
					{ "time": 0.1, "x": 0, "y": 0, "curve": "stepped" },
					{ "time": 0.8667, "x": 0, "y": 0, "curve": "stepped" },
					{ "time": 1, "x": 0, "y": 0 }
				]
			},
			"bone2": {
				"rotate": [
					{ "time": 0, "angle": 0, "curve": "stepped" },
					{ "time": 0.2667, "angle": 0, "curve": "stepped" },
					{ "time": 1, "angle": 0 }
				],
				"translate": [
					{ "time": 0, "x": 0, "y": 0, "curve": "stepped" },
					{ "time": 0.2667, "x": 0, "y": 0, "curve": "stepped" },
					{ "time": 1, "x": 0, "y": 0 }
				],
				"scale": [
					{ "time": 0, "x": 1, "y": 1, "curve": "stepped" },
					{ "time": 0.2667, "x": 1, "y": 1 },
					{ "time": 1, "x": 1.1, "y": 1.1 }
				],
				"shear": [
					{ "time": 0, "x": 0, "y": 0, "curve": "stepped" },
					{ "time": 0.2667, "x": 0, "y": 0, "curve": "stepped" },
					{ "time": 1, "x": 0, "y": 0 }
				]
			}
		}
	}
}
}