{
"skeleton": { "hash": "4x3bEC+ytprmCy0SywT8YxEbyTc", "spine": "3.7.93", "width": 750, "height": 1334 },
"bones": [
	{ "name": "root" },
	{ "name": "zong", "parent": "root", "x": -171.38, "y": 105.23 },
	{ "name": "1", "parent": "zong", "x": 148.65, "y": 207.46 },
	{ "name": "2", "parent": "zong", "x": 102.3, "y": 200.7 },
	{ "name": "3", "parent": "zong", "x": 56.15, "y": 185.32 },
	{ "name": "4", "parent": "zong", "x": 70.25, "y": 151.35 },
	{ "name": "5", "parent": "zong", "x": 85.63, "y": 114.81 },
	{ "name": "6", "parent": "zong", "x": 99.09, "y": 81.48 },
	{ "name": "7", "parent": "zong", "x": 111.91, "y": 46.86 },
	{ "name": "8", "parent": "zong", "x": 126.66, "y": 11.61 },
	{ "name": "9", "parent": "zong", "x": 221.86, "y": 11.61 },
	{ "name": "10", "parent": "zong", "x": 235.16, "y": 46.86 },
	{ "name": "11", "parent": "zong", "x": 249.97, "y": 81.48 },
	{ "name": "12", "parent": "zong", "x": 263.71, "y": 114.81 },
	{ "name": "13", "parent": "zong", "x": 278.07, "y": 151.35 },
	{ "name": "14", "parent": "zong", "x": 288.2, "y": 185.32 },
	{ "name": "16", "parent": "zong", "x": 245.1, "y": 199.43 },
	{ "name": "17", "parent": "zong", "x": 195.4, "y": 207.46 },
	{ "name": "ic/40.5", "parent": "zong", "length": 62.91, "rotation": 92.36, "x": 175.99, "y": 207.81 },
	{ "name": "ic/40.6", "parent": "zong", "length": 62.91, "rotation": 92.36, "x": 175.99, "y": 207.81 }
],
"slots": [
	{ "name": "ic/40", "bone": "ic/40.5", "attachment": "ic/40" },
	{ "name": "ic/41", "bone": "ic/40.6", "attachment": "ic/40", "blend": "additive" },
	{ "name": "ic/40.6", "bone": "ic/40.6", "attachment": "ic/40.5" },
	{ "name": "ic/图层 1306", "bone": "1", "attachment": "ic/图层 1306", "blend": "additive" },
	{ "name": "ic/图层 1322", "bone": "17", "attachment": "ic/图层 1306", "blend": "additive" },
	{ "name": "ic/图层 1307", "bone": "2", "attachment": "ic/图层 1306", "blend": "additive" },
	{ "name": "ic/图层 1321", "bone": "16", "attachment": "ic/图层 1306", "blend": "additive" },
	{ "name": "ic/图层 1308", "bone": "3", "attachment": "ic/图层 1306", "blend": "additive" },
	{ "name": "ic/图层 1319", "bone": "14", "attachment": "ic/图层 1306", "blend": "additive" },
	{ "name": "ic/图层 1309", "bone": "4", "attachment": "ic/图层 1306", "blend": "additive" },
	{ "name": "ic/图层 1318", "bone": "13", "attachment": "ic/图层 1306", "blend": "additive" },
	{ "name": "ic/图层 1310", "bone": "5", "attachment": "ic/图层 1306", "blend": "additive" },
	{ "name": "ic/图层 1317", "bone": "12", "attachment": "ic/图层 1306", "blend": "additive" },
	{ "name": "ic/图层 1311", "bone": "6", "attachment": "ic/图层 1306", "blend": "additive" },
	{ "name": "ic/图层 1316", "bone": "11", "attachment": "ic/图层 1306", "blend": "additive" },
	{ "name": "ic/图层 1312", "bone": "7", "attachment": "ic/图层 1306", "blend": "additive" },
	{ "name": "ic/图层 1315", "bone": "10", "attachment": "ic/图层 1306", "blend": "additive" },
	{ "name": "ic/图层 1313", "bone": "8", "attachment": "ic/图层 1306", "blend": "additive" },
	{ "name": "ic/图层 1314", "bone": "9", "attachment": "ic/图层 1306", "blend": "additive" }
],
"skins": {
	"default": {
		"ic/40": {
			"ic/40": { "x": -153.28, "y": 7.23, "rotation": -92.36, "width": 242, "height": 316 }
		},
		"ic/40.6": {
			"ic/40.5": { "x": -12.06, "y": 2.74, "rotation": -92.36, "width": 266, "height": 56 }
		},
		"ic/41": {
			"ic/40": { "x": -153.28, "y": 7.23, "rotation": -92.36, "width": 242, "height": 316 }
		},
		"ic/图层 1306": {
			"ic/图层 1306": { "x": -0.2, "y": -1.74, "width": 58, "height": 60 }
		},
		"ic/图层 1307": {
			"ic/图层 1306": { "x": -0.2, "y": -1.74, "width": 58, "height": 60 }
		},
		"ic/图层 1308": {
			"ic/图层 1306": { "x": -0.2, "y": -1.74, "width": 58, "height": 60 }
		},
		"ic/图层 1309": {
			"ic/图层 1306": { "x": -0.2, "y": -1.74, "width": 58, "height": 60 }
		},
		"ic/图层 1310": {
			"ic/图层 1306": { "x": -0.2, "y": -1.74, "width": 58, "height": 60 }
		},
		"ic/图层 1311": {
			"ic/图层 1306": { "x": -0.2, "y": -1.74, "width": 58, "height": 60 }
		},
		"ic/图层 1312": {
			"ic/图层 1306": { "x": -0.2, "y": -1.74, "width": 58, "height": 60 }
		},
		"ic/图层 1313": {
			"ic/图层 1306": { "x": -0.2, "y": -1.74, "width": 58, "height": 60 }
		},
		"ic/图层 1314": {
			"ic/图层 1306": { "x": -0.2, "y": -1.74, "width": 58, "height": 60 }
		},
		"ic/图层 1315": {
			"ic/图层 1306": { "x": -0.2, "y": -1.74, "width": 58, "height": 60 }
		},
		"ic/图层 1316": {
			"ic/图层 1306": { "x": -0.2, "y": -1.74, "width": 58, "height": 60 }
		},
		"ic/图层 1317": {
			"ic/图层 1306": { "x": -0.2, "y": -1.74, "width": 58, "height": 60 }
		},
		"ic/图层 1318": {
			"ic/图层 1306": { "x": -0.2, "y": -1.74, "width": 58, "height": 60 }
		},
		"ic/图层 1319": {
			"ic/图层 1306": { "x": -0.2, "y": -1.74, "width": 58, "height": 60 }
		},
		"ic/图层 1321": {
			"ic/图层 1306": { "x": -0.2, "y": -1.74, "width": 58, "height": 60 }
		},
		"ic/图层 1322": {
			"ic/图层 1306": { "x": -0.2, "y": -1.74, "width": 58, "height": 60 }
		}
	}
},
"animations": {
	"xuanzhong": {
		"slots": {
			"ic/40": {
				"color": [
					{ "time": 0, "color": "ffffff00" },
					{ "time": 0.1667, "color": "ffffff64" },
					{ "time": 0.3, "color": "ffffff00" },
					{ "time": 0.4333, "color": "ffffff64" },
					{ "time": 0.5667, "color": "ffffff00" },
					{ "time": 0.7, "color": "ffffff64" },
					{ "time": 0.9, "color": "ffffff00" },
					{ "time": 1.1, "color": "ffffff64" },
					{ "time": 1.3, "color": "ffffff00" },
					{ "time": 1.5, "color": "ffffff64" },
					{ "time": 1.7, "color": "ffffff00" },
					{ "time": 1.9, "color": "ffffff64" },
					{ "time": 2.1, "color": "ffffff00" },
					{ "time": 2.3, "color": "ffffff64" },
					{ "time": 2.5, "color": "ffffff00" },
					{ "time": 2.7, "color": "ffffff64" },
					{ "time": 2.9, "color": "ffffff00" },
					{ "time": 3.1, "color": "ffffff64" },
					{ "time": 3.3, "color": "ffffff00" },
					{ "time": 3.5, "color": "ffffff64" },
					{ "time": 3.6667, "color": "ffffff00", "curve": "stepped" },
					{ "time": 3.7667, "color": "ffffff00" }
				]
			},
			"ic/41": {
				"color": [
					{ "time": 0, "color": "ffffff00" },
					{ "time": 0.1667, "color": "ffffffaa" },
					{ "time": 0.3, "color": "ffffff64" },
					{ "time": 0.4333, "color": "ffffffaa" },
					{ "time": 0.5667, "color": "ffffff64" },
					{ "time": 0.7, "color": "ffffffaa" },
					{ "time": 0.9, "color": "ffffff65" },
					{ "time": 1.1, "color": "ffffffaa" },
					{ "time": 1.3, "color": "ffffff93" },
					{ "time": 1.5, "color": "ffffffaa" },
					{ "time": 1.7, "color": "ffffff93" },
					{ "time": 1.9, "color": "ffffffaa" },
					{ "time": 2.1, "color": "ffffff93" },
					{ "time": 2.3, "color": "ffffffaa" },
					{ "time": 2.5, "color": "ffffff93" },
					{ "time": 2.7, "color": "ffffffaa" },
					{ "time": 2.9, "color": "ffffff93" },
					{ "time": 3.1, "color": "ffffffaa" },
					{ "time": 3.3, "color": "ffffff93" },
					{ "time": 3.5, "color": "ffffffaa", "curve": "stepped" },
					{ "time": 3.6667, "color": "ffffffaa" },
					{ "time": 3.7667, "color": "ffffff00" }
				]
			},
			"ic/40.6": {
				"color": [
					{ "time": 0, "color": "ffffff00" },
					{ "time": 0.1667, "color": "ffffffff" },
					{ "time": 0.3, "color": "ffffff64" },
					{ "time": 0.4333, "color": "ffffffff" },
					{ "time": 0.5667, "color": "ffffff64" },
					{ "time": 0.7, "color": "ffffffff" },
					{ "time": 0.9, "color": "ffffff93" },
					{ "time": 1.1, "color": "ffffffff" },
					{ "time": 1.3, "color": "ffffff93" },
					{ "time": 1.5, "color": "ffffffff" },
					{ "time": 1.7, "color": "ffffff93" },
					{ "time": 1.9, "color": "ffffffff" },
					{ "time": 2.1, "color": "ffffff93" },
					{ "time": 2.3, "color": "ffffffff" },
					{ "time": 2.5, "color": "ffffff93" },
					{ "time": 2.7, "color": "ffffffff" },
					{ "time": 2.9, "color": "ffffff93" },
					{ "time": 3.1, "color": "ffffffff" },
					{ "time": 3.3, "color": "ffffff93" },
					{ "time": 3.5, "color": "ffffffff", "curve": "stepped" },
					{ "time": 3.6667, "color": "ffffffff" },
					{ "time": 3.7667, "color": "ffffff00" }
				]
			},
			"ic/图层 1306": {
				"color": [
					{ "time": 0, "color": "ffffff00", "curve": "stepped" },
					{ "time": 0.5, "color": "ffffff00" },
					{ "time": 0.6667, "color": "ffffff95" },
					{ "time": 0.8333, "color": "ffffff00" },
					{ "time": 1, "color": "ffffff95" },
					{ "time": 1.1667, "color": "ffffff00" },
					{ "time": 1.3333, "color": "ffffff95" },
					{ "time": 1.5, "color": "ffffff00", "curve": "stepped" },
					{ "time": 1.7, "color": "ffffff00" },
					{ "time": 1.8667, "color": "ffffff95" },
					{ "time": 2.0333, "color": "ffffff00", "curve": "stepped" },
					{ "time": 2.1, "color": "ffffff00" },
					{ "time": 2.2667, "color": "ffffff95" },
					{ "time": 2.4333, "color": "ffffff00", "curve": "stepped" },
					{ "time": 3.4, "color": "ffffff00" },
					{ "time": 3.5667, "color": "ffffff95" },
					{ "time": 3.7333, "color": "ffffff00", "curve": "stepped" },
					{ "time": 3.7667, "color": "ffffff00" }
				]
			},
			"ic/图层 1307": {
				"color": [
					{ "time": 0, "color": "ffffff00", "curve": "stepped" },
					{ "time": 0.6667, "color": "ffffff00" },
					{ "time": 0.8333, "color": "ffffff95" },
					{ "time": 1, "color": "ffffff00" },
					{ "time": 1.1667, "color": "ffffff95" },
					{ "time": 1.3333, "color": "ffffff00" },
					{ "time": 1.5, "color": "ffffff95" },
					{ "time": 1.6667, "color": "ffffff00", "curve": "stepped" },
					{ "time": 1.7667, "color": "ffffff00" },
					{ "time": 1.9333, "color": "ffffff95" },
					{ "time": 2.1, "color": "ffffff00" },
					{ "time": 2.1667, "color": "ffffff00" },
					{ "time": 2.3333, "color": "ffffff95" },
					{ "time": 2.5, "color": "ffffff00" },
					{ "time": 3.3333, "color": "ffffff00" },
					{ "time": 3.5, "color": "ffffff95" },
					{ "time": 3.6667, "color": "ffffff00", "curve": "stepped" },
					{ "time": 3.7667, "color": "ffffff00" }
				]
			},
			"ic/图层 1308": {
				"color": [
					{ "time": 0, "color": "ffffff00", "curve": "stepped" },
					{ "time": 0.5, "color": "ffffff00" },
					{ "time": 0.6667, "color": "ffffff95" },
					{ "time": 0.8333, "color": "ffffff00" },
					{ "time": 1, "color": "ffffff95" },
					{ "time": 1.1667, "color": "ffffff00" },
					{ "time": 1.3333, "color": "ffffff95" },
					{ "time": 1.5, "color": "ffffff00", "curve": "stepped" },
					{ "time": 1.8333, "color": "ffffff00" },
					{ "time": 2, "color": "ffffff95" },
					{ "time": 2.1667, "color": "ffffff00", "curve": "stepped" },
					{ "time": 2.2333, "color": "ffffff00" },
					{ "time": 2.4, "color": "ffffff95" },
					{ "time": 2.5667, "color": "ffffff00", "curve": "stepped" },
					{ "time": 3.2667, "color": "ffffff00" },
					{ "time": 3.4333, "color": "ffffff95" },
					{ "time": 3.6, "color": "ffffff00", "curve": "stepped" },
					{ "time": 3.7667, "color": "ffffff00" }
				]
			},
			"ic/图层 1309": {
				"color": [
					{ "time": 0, "color": "ffffff00", "curve": "stepped" },
					{ "time": 0.6667, "color": "ffffff00" },
					{ "time": 0.8333, "color": "ffffff95" },
					{ "time": 1, "color": "ffffff00" },
					{ "time": 1.1667, "color": "ffffff95" },
					{ "time": 1.3333, "color": "ffffff00" },
					{ "time": 1.5, "color": "ffffff95" },
					{ "time": 1.6667, "color": "ffffff00", "curve": "stepped" },
					{ "time": 1.9, "color": "ffffff00" },
					{ "time": 2.0667, "color": "ffffff95" },
					{ "time": 2.2333, "color": "ffffff00" },
					{ "time": 2.3, "color": "ffffff00" },
					{ "time": 2.4667, "color": "ffffff95" },
					{ "time": 2.6333, "color": "ffffff00" },
					{ "time": 3.2, "color": "ffffff00" },
					{ "time": 3.3667, "color": "ffffff95" },
					{ "time": 3.5333, "color": "ffffff00", "curve": "stepped" },
					{ "time": 3.7667, "color": "ffffff00" }
				]
			},
			"ic/图层 1310": {
				"color": [
					{ "time": 0, "color": "ffffff00", "curve": "stepped" },
					{ "time": 0.5, "color": "ffffff00" },
					{ "time": 0.6667, "color": "ffffff95" },
					{ "time": 0.8333, "color": "ffffff00" },
					{ "time": 1, "color": "ffffff95" },
					{ "time": 1.1667, "color": "ffffff00" },
					{ "time": 1.3333, "color": "ffffff95" },
					{ "time": 1.5, "color": "ffffff00", "curve": "stepped" },
					{ "time": 1.9667, "color": "ffffff00" },
					{ "time": 2.1333, "color": "ffffff95" },
					{ "time": 2.3, "color": "ffffff00", "curve": "stepped" },
					{ "time": 2.3667, "color": "ffffff00" },
					{ "time": 2.5333, "color": "ffffff95" },
					{ "time": 2.7, "color": "ffffff00", "curve": "stepped" },
					{ "time": 3.1333, "color": "ffffff00" },
					{ "time": 3.3, "color": "ffffff95" },
					{ "time": 3.4667, "color": "ffffff00", "curve": "stepped" },
					{ "time": 3.7667, "color": "ffffff00" }
				]
			},
			"ic/图层 1311": {
				"color": [
					{ "time": 0, "color": "ffffff00", "curve": "stepped" },
					{ "time": 0.6667, "color": "ffffff00" },
					{ "time": 0.8333, "color": "ffffff95" },
					{ "time": 1, "color": "ffffff00" },
					{ "time": 1.1667, "color": "ffffff95" },
					{ "time": 1.3333, "color": "ffffff00" },
					{ "time": 1.5, "color": "ffffff95" },
					{ "time": 1.6667, "color": "ffffff00", "curve": "stepped" },
					{ "time": 2.0333, "color": "ffffff00" },
					{ "time": 2.2, "color": "ffffff95" },
					{ "time": 2.3667, "color": "ffffff00" },
					{ "time": 2.4333, "color": "ffffff00" },
					{ "time": 2.6, "color": "ffffff95" },
					{ "time": 2.7667, "color": "ffffff00" },
					{ "time": 3.0667, "color": "ffffff00" },
					{ "time": 3.2333, "color": "ffffff95" },
					{ "time": 3.4, "color": "ffffff00", "curve": "stepped" },
					{ "time": 3.7667, "color": "ffffff00" }
				]
			},
			"ic/图层 1312": {
				"color": [
					{ "time": 0, "color": "ffffff00", "curve": "stepped" },
					{ "time": 0.5, "color": "ffffff00" },
					{ "time": 0.6667, "color": "ffffff95" },
					{ "time": 0.8333, "color": "ffffff00" },
					{ "time": 1, "color": "ffffff95" },
					{ "time": 1.1667, "color": "ffffff00" },
					{ "time": 1.3333, "color": "ffffff95" },
					{ "time": 1.5, "color": "ffffff00", "curve": "stepped" },
					{ "time": 2.1, "color": "ffffff00" },
					{ "time": 2.2667, "color": "ffffff95" },
					{ "time": 2.4333, "color": "ffffff00", "curve": "stepped" },
					{ "time": 2.5, "color": "ffffff00" },
					{ "time": 2.6667, "color": "ffffff95" },
					{ "time": 2.8333, "color": "ffffff00", "curve": "stepped" },
					{ "time": 3, "color": "ffffff00" },
					{ "time": 3.1667, "color": "ffffff95" },
					{ "time": 3.3333, "color": "ffffff00", "curve": "stepped" },
					{ "time": 3.7667, "color": "ffffff00" }
				]
			},
			"ic/图层 1313": {
				"color": [
					{ "time": 0, "color": "ffffff00", "curve": "stepped" },
					{ "time": 0.6667, "color": "ffffff00" },
					{ "time": 0.8333, "color": "ffffff95" },
					{ "time": 1, "color": "ffffff00" },
					{ "time": 1.1667, "color": "ffffff95" },
					{ "time": 1.3333, "color": "ffffff00" },
					{ "time": 1.5, "color": "ffffff95" },
					{ "time": 1.6667, "color": "ffffff00", "curve": "stepped" },
					{ "time": 2.1667, "color": "ffffff00" },
					{ "time": 2.3333, "color": "ffffff95" },
					{ "time": 2.5, "color": "ffffff00" },
					{ "time": 2.5667, "color": "ffffff00" },
					{ "time": 2.7333, "color": "ffffff95" },
					{ "time": 2.9, "color": "ffffff00" },
					{ "time": 2.9333, "color": "ffffff00" },
					{ "time": 3.1, "color": "ffffff95" },
					{ "time": 3.2667, "color": "ffffff00", "curve": "stepped" },
					{ "time": 3.7667, "color": "ffffff00" }
				]
			},
			"ic/图层 1314": {
				"color": [
					{ "time": 0, "color": "ffffff00", "curve": "stepped" },
					{ "time": 0.6667, "color": "ffffff00" },
					{ "time": 0.8333, "color": "ffffff95" },
					{ "time": 1, "color": "ffffff00" },
					{ "time": 1.1667, "color": "ffffff95" },
					{ "time": 1.3333, "color": "ffffff00" },
					{ "time": 1.5, "color": "ffffff95" },
					{ "time": 1.6667, "color": "ffffff00", "curve": "stepped" },
					{ "time": 2.1667, "color": "ffffff00" },
					{ "time": 2.3333, "color": "ffffff95" },
					{ "time": 2.5, "color": "ffffff00", "curve": "stepped" },
					{ "time": 2.5667, "color": "ffffff00" },
					{ "time": 2.7333, "color": "ffffff95" },
					{ "time": 2.9, "color": "ffffff00", "curve": "stepped" },
					{ "time": 2.9333, "color": "ffffff00" },
					{ "time": 3.1, "color": "ffffff95" },
					{ "time": 3.2667, "color": "ffffff00", "curve": "stepped" },
					{ "time": 3.7667, "color": "ffffff00" }
				]
			},
			"ic/图层 1315": {
				"color": [
					{ "time": 0, "color": "ffffff00", "curve": "stepped" },
					{ "time": 0.5, "color": "ffffff00" },
					{ "time": 0.6667, "color": "ffffff95" },
					{ "time": 0.8333, "color": "ffffff00" },
					{ "time": 1, "color": "ffffff95" },
					{ "time": 1.1667, "color": "ffffff00" },
					{ "time": 1.3333, "color": "ffffff95" },
					{ "time": 1.5, "color": "ffffff00", "curve": "stepped" },
					{ "time": 2.1, "color": "ffffff00" },
					{ "time": 2.2667, "color": "ffffff95" },
					{ "time": 2.4333, "color": "ffffff00", "curve": "stepped" },
					{ "time": 2.5, "color": "ffffff00" },
					{ "time": 2.6667, "color": "ffffff95" },
					{ "time": 2.8333, "color": "ffffff00", "curve": "stepped" },
					{ "time": 3, "color": "ffffff00" },
					{ "time": 3.1667, "color": "ffffff95" },
					{ "time": 3.3333, "color": "ffffff00", "curve": "stepped" },
					{ "time": 3.7667, "color": "ffffff00" }
				]
			},
			"ic/图层 1316": {
				"color": [
					{ "time": 0, "color": "ffffff00", "curve": "stepped" },
					{ "time": 0.6667, "color": "ffffff00" },
					{ "time": 0.8333, "color": "ffffff95" },
					{ "time": 1, "color": "ffffff00" },
					{ "time": 1.1667, "color": "ffffff95" },
					{ "time": 1.3333, "color": "ffffff00" },
					{ "time": 1.5, "color": "ffffff95" },
					{ "time": 1.6667, "color": "ffffff00", "curve": "stepped" },
					{ "time": 2.0333, "color": "ffffff00" },
					{ "time": 2.2, "color": "ffffff95" },
					{ "time": 2.3667, "color": "ffffff00", "curve": "stepped" },
					{ "time": 2.4333, "color": "ffffff00" },
					{ "time": 2.6, "color": "ffffff95" },
					{ "time": 2.7667, "color": "ffffff00", "curve": "stepped" },
					{ "time": 3.0667, "color": "ffffff00" },
					{ "time": 3.2333, "color": "ffffff95" },
					{ "time": 3.4, "color": "ffffff00", "curve": "stepped" },
					{ "time": 3.7667, "color": "ffffff00" }
				]
			},
			"ic/图层 1317": {
				"color": [
					{ "time": 0, "color": "ffffff00", "curve": "stepped" },
					{ "time": 0.5, "color": "ffffff00" },
					{ "time": 0.6667, "color": "ffffff95" },
					{ "time": 0.8333, "color": "ffffff00" },
					{ "time": 1, "color": "ffffff95" },
					{ "time": 1.1667, "color": "ffffff00" },
					{ "time": 1.3333, "color": "ffffff95" },
					{ "time": 1.5, "color": "ffffff00", "curve": "stepped" },
					{ "time": 1.9667, "color": "ffffff00" },
					{ "time": 2.1333, "color": "ffffff95" },
					{ "time": 2.3, "color": "ffffff00", "curve": "stepped" },
					{ "time": 2.3667, "color": "ffffff00" },
					{ "time": 2.5333, "color": "ffffff95" },
					{ "time": 2.7, "color": "ffffff00", "curve": "stepped" },
					{ "time": 3.1333, "color": "ffffff00" },
					{ "time": 3.3, "color": "ffffff95" },
					{ "time": 3.4667, "color": "ffffff00", "curve": "stepped" },
					{ "time": 3.7667, "color": "ffffff00" }
				]
			},
			"ic/图层 1318": {
				"color": [
					{ "time": 0, "color": "ffffff00", "curve": "stepped" },
					{ "time": 0.6667, "color": "ffffff00" },
					{ "time": 0.8333, "color": "ffffff95" },
					{ "time": 1, "color": "ffffff00" },
					{ "time": 1.1667, "color": "ffffff95" },
					{ "time": 1.3333, "color": "ffffff00" },
					{ "time": 1.5, "color": "ffffff95" },
					{ "time": 1.6667, "color": "ffffff00", "curve": "stepped" },
					{ "time": 1.9, "color": "ffffff00" },
					{ "time": 2.0667, "color": "ffffff95" },
					{ "time": 2.2333, "color": "ffffff00", "curve": "stepped" },
					{ "time": 2.3, "color": "ffffff00" },
					{ "time": 2.4667, "color": "ffffff95" },
					{ "time": 2.6333, "color": "ffffff00", "curve": "stepped" },
					{ "time": 3.2, "color": "ffffff00" },
					{ "time": 3.3667, "color": "ffffff95" },
					{ "time": 3.5333, "color": "ffffff00", "curve": "stepped" },
					{ "time": 3.7667, "color": "ffffff00" }
				]
			},
			"ic/图层 1319": {
				"color": [
					{ "time": 0, "color": "ffffff00", "curve": "stepped" },
					{ "time": 0.5, "color": "ffffff00" },
					{ "time": 0.6667, "color": "ffffff95" },
					{ "time": 0.8333, "color": "ffffff00" },
					{ "time": 1, "color": "ffffff95" },
					{ "time": 1.1667, "color": "ffffff00" },
					{ "time": 1.3333, "color": "ffffff95" },
					{ "time": 1.5, "color": "ffffff00", "curve": "stepped" },
					{ "time": 1.8333, "color": "ffffff00" },
					{ "time": 2, "color": "ffffff95" },
					{ "time": 2.1667, "color": "ffffff00", "curve": "stepped" },
					{ "time": 2.2333, "color": "ffffff00" },
					{ "time": 2.4, "color": "ffffff95" },
					{ "time": 2.5667, "color": "ffffff00", "curve": "stepped" },
					{ "time": 3.2667, "color": "ffffff00" },
					{ "time": 3.4333, "color": "ffffff95" },
					{ "time": 3.6, "color": "ffffff00", "curve": "stepped" },
					{ "time": 3.7667, "color": "ffffff00" }
				]
			},
			"ic/图层 1321": {
				"color": [
					{ "time": 0, "color": "ffffff00", "curve": "stepped" },
					{ "time": 0.6667, "color": "ffffff00" },
					{ "time": 0.8333, "color": "ffffff95" },
					{ "time": 1, "color": "ffffff00" },
					{ "time": 1.1667, "color": "ffffff95" },
					{ "time": 1.3333, "color": "ffffff00" },
					{ "time": 1.5, "color": "ffffff95" },
					{ "time": 1.6667, "color": "ffffff00", "curve": "stepped" },
					{ "time": 1.7667, "color": "ffffff00" },
					{ "time": 1.9333, "color": "ffffff95" },
					{ "time": 2.1, "color": "ffffff00", "curve": "stepped" },
					{ "time": 2.1667, "color": "ffffff00" },
					{ "time": 2.3333, "color": "ffffff95" },
					{ "time": 2.5, "color": "ffffff00", "curve": "stepped" },
					{ "time": 3.3333, "color": "ffffff00" },
					{ "time": 3.5, "color": "ffffff95" },
					{ "time": 3.6667, "color": "ffffff00", "curve": "stepped" },
					{ "time": 3.7667, "color": "ffffff00" }
				]
			},
			"ic/图层 1322": {
				"color": [
					{ "time": 0, "color": "ffffff00", "curve": "stepped" },
					{ "time": 0.5, "color": "ffffff00" },
					{ "time": 0.6667, "color": "ffffff95" },
					{ "time": 0.8333, "color": "ffffff00" },
					{ "time": 1, "color": "ffffff95" },
					{ "time": 1.1667, "color": "ffffff00" },
					{ "time": 1.3333, "color": "ffffff95" },
					{ "time": 1.5, "color": "ffffff00", "curve": "stepped" },
					{ "time": 1.7, "color": "ffffff00" },
					{ "time": 1.8667, "color": "ffffff95" },
					{ "time": 2.0333, "color": "ffffff00", "curve": "stepped" },
					{ "time": 2.1, "color": "ffffff00" },
					{ "time": 2.2667, "color": "ffffff95" },
					{ "time": 2.4333, "color": "ffffff00", "curve": "stepped" },
					{ "time": 3.4, "color": "ffffff00" },
					{ "time": 3.5667, "color": "ffffff95" },
					{ "time": 3.7333, "color": "ffffff00", "curve": "stepped" },
					{ "time": 3.7667, "color": "ffffff00" }
				]
			}
		}
	}
}
}