{
"skeleton": { "hash": "C61NQfahEW2hfE+8Mqcf8AM+2q4", "spine": "3.7.93", "width": 564, "height": 236 },
"bones": [
	{ "name": "root" },
	{ "name": "zong", "parent": "root", "x": -391, "y": -66.96 },
	{ "name": "yuan3", "parent": "zong", "x": 198.63, "y": 121.68 },
	{ "name": "yuan4", "parent": "zong", "x": 208.2, "y": 115.8 },
	{ "name": "dian4", "parent": "zong", "x": 197.37, "y": 49.49 },
	{ "name": "dian7", "parent": "zong", "x": 314.97, "y": 104.69 },
	{ "name": "dian6", "parent": "zong", "x": 256.77, "y": 125.09 },
	{ "name": "yuan1", "parent": "zong", "x": 169.99, "y": 55.87 },
	{ "name": "dian1", "parent": "zong", "x": 567.73, "y": 27.21 },
	{ "name": "dian8", "parent": "zong", "x": 470.97, "y": 108.89 },
	{ "name": "yuan2", "parent": "zong", "x": 553.17, "y": 130.14 },
	{ "name": "dian9", "parent": "zong", "x": 518.37, "y": 127.14 },
	{ "name": "dian2", "parent": "zong", "x": 581.97, "y": 98.34 },
	{ "name": "dian3", "parent": "zong", "x": 582.57, "y": 138.54 },
	{ "name": "dian10", "parent": "zong", "x": 616.17, "y": 28.74 },
	{ "name": "zhuan2", "parent": "zong", "length": 85.56, "x": 388.75, "y": 64.17 },
	{ "name": "zhezhaoi", "parent": "zong", "x": 104.08, "y": 1.94 },
	{ "name": "dian5", "parent": "zhezhaoi", "x": 107.78, "y": 107.13 },
	{ "name": "zhuans2", "parent": "zong", "x": 211.12, "y": 89.06 },
	{ "name": "zhuans1", "parent": "zong", "x": 586.98, "y": 105.96 },
	{ "name": "zhuans3", "parent": "zong", "length": 116.41, "rotation": -165.88, "x": 404.46, "y": 52.56 },
	{ "name": "zong2", "parent": "zong", "x": 53.06, "y": 85.11 },
	{ "name": "liangaaa", "parent": "zong", "x": 457.41, "y": 115.67 },
	{ "name": "liangaaa2", "parent": "zong", "x": 308.99, "y": 41.1, "scaleX": 0.7, "scaleY": 0.7 },
	{ "name": "liangaaa3", "parent": "zong", "x": 495.41, "y": 50.42, "scaleX": 0.5, "scaleY": 0.5 },
	{ "name": "zong3", "parent": "zong", "length": 144.22, "rotation": 111.47, "x": 385.17, "y": 76.17 },
	{ "name": "zong4", "parent": "zong", "length": 144.22, "rotation": 111.47, "x": 385.17, "y": 76.17 }
],
"slots": [
	{ "name": "bei12", "bone": "zong", "attachment": "bei12" },
	{ "name": "yuan4", "bone": "yuan4", "attachment": "yuan4", "blend": "additive" },
	{ "name": "yuan3", "bone": "yuan3", "attachment": "yuan3", "blend": "additive" },
	{ "name": "yuan2", "bone": "yuan2", "attachment": "yuan2", "blend": "additive" },
	{ "name": "yuan1", "bone": "yuan1", "attachment": "yuan1", "blend": "additive" },
	{ "name": "dian10", "bone": "dian10", "attachment": "dian10", "blend": "additive" },
	{ "name": "dian9", "bone": "dian9", "attachment": "dian9", "blend": "additive" },
	{ "name": "dian8", "bone": "dian8", "attachment": "dian8", "blend": "additive" },
	{ "name": "dian7", "bone": "dian7", "attachment": "dian7" },
	{ "name": "dian6", "bone": "dian6", "attachment": "dian6", "blend": "additive" },
	{ "name": "dian5", "bone": "dian5", "attachment": "dian5" },
	{ "name": "dian4", "bone": "dian4", "attachment": "dian4" },
	{ "name": "dian3", "bone": "dian3", "attachment": "dian3" },
	{ "name": "dian2", "bone": "dian2", "attachment": "dian2" },
	{ "name": "dian1", "bone": "dian1", "attachment": "dian1" },
	{ "name": "zhezhao", "bone": "zhezhaoi", "attachment": "zhezhao" },
	{ "name": "zhuan2", "bone": "zhuan2", "attachment": "zhuan2" },
	{ "name": "saoguang", "bone": "zong2", "attachment": "saoguang" },
	{ "name": "3", "bone": "zong", "attachment": "3" },
	{ "name": "kuangguang", "bone": "zong3", "attachment": "kuangguang" },
	{ "name": "kuangguang2", "bone": "zong4", "attachment": "kuangguang", "blend": "additive" },
	{ "name": "zhuans1", "bone": "zhuans1", "attachment": "zhuans1" },
	{ "name": "zhuans2", "bone": "zhuans2", "attachment": "zhuans2" },
	{ "name": "zhuans3", "bone": "zhuans3", "attachment": "zhuans3" },
	{ "name": "liangaaa", "bone": "liangaaa", "attachment": "liangaaa" },
	{ "name": "liangaaa3", "bone": "liangaaa3", "attachment": "liangaaa" },
	{ "name": "liangaaa2", "bone": "liangaaa2", "attachment": "liangaaa" }
],
"skins": {
	"default": {
		"3": {
			"3": { "x": 393.51, "y": 155.4, "width": 525, "height": 39 }
		},
		"bei12": {
			"bei12": { "x": 391.01, "y": 66.88, "width": 550, "height": 222 }
		},
		"dian1": {
			"dian1": { "x": -0.16, "y": 0.48, "width": 24, "height": 23 }
		},
		"dian10": {
			"dian10": { "x": -1.16, "y": 1.14, "width": 6, "height": 6 }
		},
		"dian2": {
			"dian2": { "x": -0.96, "y": -0.46, "width": 24, "height": 24 }
		},
		"dian3": {
			"dian3": { "x": 0.44, "y": 1.34, "width": 24, "height": 24 }
		},
		"dian4": {
			"dian4": { "x": 0.64, "y": -0.12, "width": 24, "height": 23 }
		},
		"dian5": {
			"dian5": { "x": 0.15, "y": 0.8, "width": 6, "height": 6 }
		},
		"dian6": {
			"dian6": { "x": 1.24, "y": -0.22, "width": 6, "height": 6 }
		},
		"dian7": {
			"dian7": { "x": 1.04, "y": 11.18, "width": 24, "height": 48 }
		},
		"dian8": {
			"dian8": { "x": 0.54, "y": 1.48, "width": 7, "height": 7 }
		},
		"dian9": {
			"dian9": { "x": 1.64, "y": 0.74, "width": 6, "height": 6 }
		},
		"kuangguang": {
			"kuangguang": { "x": -9.07, "y": -1.41, "rotation": -111.47, "width": 564, "height": 236 }
		},
		"kuangguang2": {
			"kuangguang": { "x": -9.07, "y": -1.41, "rotation": -111.47, "width": 564, "height": 236 }
		},
		"liangaaa": {
			"liangaaa": { "x": -1.05, "y": 2.13, "width": 44, "height": 46 }
		},
		"liangaaa2": {
			"liangaaa": { "x": -1.05, "y": 2.13, "width": 44, "height": 46 }
		},
		"liangaaa3": {
			"liangaaa": { "x": -1.05, "y": 2.13, "width": 44, "height": 46 }
		},
		"saoguang": {
			"saoguang": { "width": 140, "height": 232 }
		},
		"yuan1": {
			"yuan1": { "x": 0.74, "y": -0.52, "width": 13, "height": 13 }
		},
		"yuan2": {
			"yuan2": { "x": 0.34, "y": 1.24, "width": 13, "height": 13 }
		},
		"yuan3": {
			"yuan3": { "x": -0.12, "y": -0.31, "width": 13, "height": 13 }
		},
		"yuan4": {
			"yuan4": { "x": 0.81, "y": 2.08, "width": 16, "height": 16 }
		},
		"zhezhao": {
			"zhezhao": {
				"type": "clipping",
				"end": "saoguang",
				"vertexCount": 4,
				"vertices": [ 14.87, -1.09, 556, -0.76, 553, 152.06, 14.76, 151.98 ]
			}
		},
		"zhuan2": {
			"zhuan2": { "x": -1.74, "y": 2.16, "scaleX": 1.5, "scaleY": 1.5, "width": 173, "height": 176 }
		},
		"zhuans1": {
			"zhuans1": { "x": -5.7, "y": -3.13, "width": 82, "height": 83 }
		},
		"zhuans2": {
			"zhuans2": { "x": -0.85, "y": 4.66, "width": 119, "height": 77 }
		},
		"zhuans3": {
			"zhuans3": { "x": 2.05, "y": -14.74, "rotation": 165.88, "width": 270, "height": 139 }
		}
	}
},
"animations": {
	"DAY7": {
		"slots": {
			"dian1": {
				"color": [
					{ "time": 0, "color": "ffffff00", "curve": "stepped" },
					{ "time": 0.5, "color": "ffffff00" },
					{ "time": 0.7333, "color": "ffffffff", "curve": "stepped" },
					{ "time": 1.0667, "color": "ffffffff" },
					{ "time": 1.4333, "color": "ffffff00", "curve": "stepped" },
					{ "time": 1.5333, "color": "ffffff00" },
					{ "time": 1.7333, "color": "ffffffff", "curve": "stepped" },
					{ "time": 2.2333, "color": "ffffffff" },
					{ "time": 2.4667, "color": "ffffff00", "curve": "stepped" },
					{ "time": 3.5333, "color": "ffffff00" },
					{ "time": 3.9333, "color": "ffffffff" },
					{ "time": 4.4667, "color": "ffffff00", "curve": "stepped" },
					{ "time": 5, "color": "ffffff00" }
				]
			},
			"dian2": {
				"color": [
					{ "time": 0, "color": "ffffff00", "curve": "stepped" },
					{ "time": 0.7333, "color": "ffffff00" },
					{ "time": 1, "color": "ffffffff" },
					{ "time": 1.3333, "color": "ffffff84" },
					{ "time": 1.5, "color": "ffffffff" },
					{ "time": 1.8333, "color": "ffffff00", "curve": "stepped" },
					{ "time": 3.6333, "color": "ffffff00" },
					{ "time": 3.9, "color": "ffffffff" },
					{ "time": 4.1667, "color": "ffffff84" },
					{ "time": 4.4, "color": "ffffffff" },
					{ "time": 4.7333, "color": "ffffff00", "curve": "stepped" },
					{ "time": 5, "color": "ffffff00" }
				]
			},
			"dian3": {
				"color": [
					{ "time": 0, "color": "ffffffff", "curve": "stepped" },
					{ "time": 0.0333, "color": "ffffffff" },
					{ "time": 0.3667, "color": "ffffff00", "curve": "stepped" },
					{ "time": 1, "color": "ffffff00", "curve": "stepped" },
					{ "time": 2.5333, "color": "ffffff00" },
					{ "time": 2.9, "color": "ffffffff", "curve": "stepped" },
					{ "time": 3.2, "color": "ffffffff" },
					{ "time": 3.5333, "color": "ffffff00", "curve": "stepped" },
					{ "time": 4.3667, "color": "ffffff00" },
					{ "time": 4.7333, "color": "ffffffff", "curve": "stepped" },
					{ "time": 5, "color": "ffffffff" }
				]
			},
			"dian4": {
				"color": [
					{ "time": 0, "color": "ffffff00", "curve": "stepped" },
					{ "time": 0.6, "color": "ffffff00" },
					{ "time": 0.8333, "color": "ffffffff", "curve": "stepped" },
					{ "time": 1.7333, "color": "ffffffff" },
					{ "time": 1.9, "color": "ffffff00", "curve": "stepped" },
					{ "time": 3.0015, "color": "ffffff00" },
					{ "time": 3.2348, "color": "ffffffff" },
					{ "time": 3.5015, "color": "ffffff5e" },
					{ "time": 3.8015, "color": "ffffffff" },
					{ "time": 3.9682, "color": "ffffff00", "curve": "stepped" },
					{ "time": 5, "color": "ffffff00" }
				]
			},
			"dian5": {
				"color": [
					{ "time": 0, "color": "ffffffff", "curve": "stepped" },
					{ "time": 0.2333, "color": "ffffffff" },
					{ "time": 0.4, "color": "ffffff00", "curve": "stepped" },
					{ "time": 0.9333, "color": "ffffff00", "curve": "stepped" },
					{ "time": 1.1, "color": "ffffff00" },
					{ "time": 1.3333, "color": "ffffffff", "curve": "stepped" },
					{ "time": 1.6667, "color": "ffffffff" },
					{ "time": 1.8333, "color": "ffffff00", "curve": "stepped" },
					{ "time": 4.2, "color": "ffffff00" },
					{ "time": 4.4333, "color": "ffffffff", "curve": "stepped" },
					{ "time": 5, "color": "ffffffff" }
				]
			},
			"dian6": {
				"color": [
					{ "time": 0, "color": "ffffffff", "curve": "stepped" },
					{ "time": 0.3, "color": "ffffffff" },
					{ "time": 0.6, "color": "ffffff00", "curve": "stepped" },
					{ "time": 0.6333, "color": "ffffff00", "curve": "stepped" },
					{ "time": 1.6, "color": "ffffff00" },
					{ "time": 1.9, "color": "ffffffff", "curve": "stepped" },
					{ "time": 2.1333, "color": "ffffffff" },
					{ "time": 2.4333, "color": "ffffff00", "curve": "stepped" },
					{ "time": 2.5, "color": "ffffff00" },
					{ "time": 2.8, "color": "ffffffff", "curve": "stepped" },
					{ "time": 3.4333, "color": "ffffffff" },
					{ "time": 3.7333, "color": "ffffff00", "curve": "stepped" },
					{ "time": 4.3667, "color": "ffffff00" },
					{ "time": 4.6667, "color": "ffffffff", "curve": "stepped" },
					{ "time": 5, "color": "ffffffff" }
				]
			},
			"dian7": {
				"color": [
					{ "time": 0, "color": "ffffff00", "curve": "stepped" },
					{ "time": 2.4667, "color": "ffffff00" },
					{ "time": 2.7333, "color": "ffffffff" },
					{ "time": 3.1333, "color": "ffffff9c" },
					{ "time": 3.5, "color": "ffffffff" },
					{ "time": 3.7333, "color": "ffffff00", "curve": "stepped" },
					{ "time": 5, "color": "ffffff00" }
				]
			},
			"dian8": {
				"color": [
					{ "time": 0, "color": "ffffff00", "curve": "stepped" },
					{ "time": 0.0667, "color": "ffffff00" },
					{ "time": 0.3, "color": "ffffffff", "curve": "stepped" },
					{ "time": 0.7, "color": "ffffffff" },
					{ "time": 1.0333, "color": "ffffff00", "curve": "stepped" },
					{ "time": 2.3, "color": "ffffff00" },
					{ "time": 2.5333, "color": "ffffffff", "curve": "stepped" },
					{ "time": 2.9333, "color": "ffffffff" },
					{ "time": 3.2667, "color": "ffffff00", "curve": "stepped" },
					{ "time": 4.0333, "color": "ffffff00" },
					{ "time": 4.2667, "color": "ffffffff", "curve": "stepped" },
					{ "time": 4.6667, "color": "ffffffff" },
					{ "time": 5, "color": "ffffff00" }
				]
			},
			"dian9": {
				"color": [
					{ "time": 0, "color": "ffffffff", "curve": "stepped" },
					{ "time": 0.1667, "color": "ffffffff" },
					{ "time": 0.4, "color": "ffffff00", "curve": "stepped" },
					{ "time": 0.5667, "color": "ffffff00", "curve": "stepped" },
					{ "time": 2.7667, "color": "ffffff00" },
					{ "time": 3, "color": "ffffffff", "curve": "stepped" },
					{ "time": 3.4, "color": "ffffffff" },
					{ "time": 3.6333, "color": "ffffff00", "curve": "stepped" },
					{ "time": 4.4, "color": "ffffff00" },
					{ "time": 4.6333, "color": "ffffffff", "curve": "stepped" },
					{ "time": 5, "color": "ffffffff" }
				]
			},
			"dian10": {
				"color": [
					{ "time": 0, "color": "ffffff00", "curve": "stepped" },
					{ "time": 1.2333, "color": "ffffff00" },
					{ "time": 1.6667, "color": "ffffffff" },
					{ "time": 2.3, "color": "ffffff00", "curve": "stepped" },
					{ "time": 3.7, "color": "ffffff00" },
					{ "time": 4.0333, "color": "ffffffff", "curve": "stepped" },
					{ "time": 4.3333, "color": "ffffffff" },
					{ "time": 4.7667, "color": "ffffff00", "curve": "stepped" },
					{ "time": 5, "color": "ffffff00" }
				]
			},
			"kuangguang": {
				"color": [
					{ "time": 0, "color": "ffffffff" },
					{ "time": 0.6667, "color": "ffffff89" },
					{ "time": 1.3333, "color": "ffffffff", "curve": "stepped" },
					{ "time": 1.5667, "color": "ffffffff" },
					{ "time": 2.2333, "color": "ffffff89" },
					{ "time": 2.9, "color": "ffffffff", "curve": "stepped" },
					{ "time": 3.6667, "color": "ffffffff" },
					{ "time": 4.3333, "color": "ffffff89" },
					{ "time": 5, "color": "ffffffff" }
				]
			},
			"kuangguang2": {
				"color": [
					{ "time": 0, "color": "ffffff00", "curve": "stepped" },
					{ "time": 0.3333, "color": "ffffff00" },
					{ "time": 0.8667, "color": "ffffff64" },
					{ "time": 1.5, "color": "ffffff00", "curve": "stepped" },
					{ "time": 3, "color": "ffffff00" },
					{ "time": 3.5333, "color": "ffffff64" },
					{ "time": 4.1667, "color": "ffffff00", "curve": "stepped" },
					{ "time": 5, "color": "ffffff00" }
				]
			},
			"liangaaa": {
				"color": [
					{ "time": 0, "color": "ffffff00", "curve": "stepped" },
					{ "time": 0.7667, "color": "ffffff00" },
					{ "time": 1, "color": "ffffffff", "curve": "stepped" },
					{ "time": 1.3667, "color": "ffffffff" },
					{ "time": 1.6333, "color": "ffffff00", "curve": "stepped" },
					{ "time": 2.6667, "color": "ffffff00" },
					{ "time": 2.9, "color": "ffffffff", "curve": "stepped" },
					{ "time": 3.2667, "color": "ffffffff" },
					{ "time": 3.5333, "color": "ffffff00", "curve": "stepped" },
					{ "time": 5, "color": "ffffff00" }
				]
			},
			"liangaaa2": {
				"color": [
					{ "time": 0, "color": "ffffff00", "curve": "stepped" },
					{ "time": 0.3667, "color": "ffffff00" },
					{ "time": 0.6, "color": "ffffffff", "curve": "stepped" },
					{ "time": 1.1333, "color": "ffffffff" },
					{ "time": 1.4, "color": "ffffff00", "curve": "stepped" },
					{ "time": 1.7333, "color": "ffffff00" },
					{ "time": 1.9667, "color": "ffffffff", "curve": "stepped" },
					{ "time": 2.5, "color": "ffffffff" },
					{ "time": 2.7667, "color": "ffffff00", "curve": "stepped" },
					{ "time": 3.1333, "color": "ffffff00" },
					{ "time": 3.3667, "color": "ffffffff", "curve": "stepped" },
					{ "time": 4.4333, "color": "ffffffff" },
					{ "time": 4.7, "color": "ffffff00", "curve": "stepped" },
					{ "time": 5, "color": "ffffff00" }
				]
			},
			"liangaaa3": {
				"color": [
					{ "time": 0, "color": "ffffff9f" },
					{ "time": 0.1667, "color": "ffffff00", "curve": "stepped" },
					{ "time": 0.4667, "color": "ffffff00", "curve": "stepped" },
					{ "time": 0.5333, "color": "ffffff00" },
					{ "time": 0.7667, "color": "ffffffff", "curve": "stepped" },
					{ "time": 1.1333, "color": "ffffffff" },
					{ "time": 1.4, "color": "ffffff00", "curve": "stepped" },
					{ "time": 1.8667, "color": "ffffff00" },
					{ "time": 2.1, "color": "ffffffff", "curve": "stepped" },
					{ "time": 2.4667, "color": "ffffffff" },
					{ "time": 2.7333, "color": "ffffff00", "curve": "stepped" },
					{ "time": 4.3, "color": "ffffff00" },
					{ "time": 4.5333, "color": "ffffffff", "curve": "stepped" },
					{ "time": 4.9, "color": "ffffffff" },
					{ "time": 5, "color": "ffffff9f" }
				]
			},
			"saoguang": {
				"color": [
					{ "time": 0, "color": "ffffff00", "curve": "stepped" },
					{ "time": 0.1, "color": "ffffff00" },
					{ "time": 0.4, "color": "ffffffff", "curve": "stepped" },
					{ "time": 1.4333, "color": "ffffffff" },
					{ "time": 1.9333, "color": "ffffff00", "curve": "stepped" },
					{ "time": 2.8667, "color": "ffffff00" },
					{ "time": 3.1667, "color": "ffffffff", "curve": "stepped" },
					{ "time": 4.4667, "color": "ffffffff" },
					{ "time": 4.9667, "color": "ffffff00", "curve": "stepped" },
					{ "time": 5, "color": "ffffff00" }
				]
			},
			"yuan1": {
				"color": [
					{ "time": 0, "color": "ffffff00", "curve": "stepped" },
					{ "time": 1.4333, "color": "ffffff00" },
					{ "time": 1.8333, "color": "ffffff8e", "curve": "stepped" },
					{ "time": 2.2333, "color": "ffffff8e" },
					{ "time": 2.6333, "color": "ffffff00", "curve": "stepped" },
					{ "time": 4, "color": "ffffff00" },
					{ "time": 4.4, "color": "ffffff8e", "curve": "stepped" },
					{ "time": 4.6333, "color": "ffffff8e" },
					{ "time": 5, "color": "ffffff00" }
				]
			},
			"yuan2": {
				"color": [
					{ "time": 0, "color": "ffffff00", "curve": "stepped" },
					{ "time": 0.5, "color": "ffffff00" },
					{ "time": 0.8, "color": "ffffff9e", "curve": "stepped" },
					{ "time": 1.2, "color": "ffffff9e" },
					{ "time": 1.7667, "color": "ffffff00", "curve": "stepped" },
					{ "time": 2.6667, "color": "ffffff00" },
					{ "time": 2.9333, "color": "ffffff9e", "curve": "stepped" },
					{ "time": 3.8, "color": "ffffff9e" },
					{ "time": 4, "color": "ffffff00", "curve": "stepped" },
					{ "time": 5, "color": "ffffff00" }
				]
			},
			"yuan3": {
				"color": [
					{ "time": 0, "color": "ffffff00", "curve": "stepped" },
					{ "time": 0.9, "color": "ffffff00" },
					{ "time": 1.2, "color": "ffffff97", "curve": "stepped" },
					{ "time": 1.5667, "color": "ffffff97" },
					{ "time": 1.8333, "color": "ffffff00", "curve": "stepped" },
					{ "time": 3.4, "color": "ffffff00" },
					{ "time": 3.7, "color": "ffffff97", "curve": "stepped" },
					{ "time": 4.4, "color": "ffffff97" },
					{ "time": 4.6667, "color": "ffffff00", "curve": "stepped" },
					{ "time": 5, "color": "ffffff00" }
				]
			},
			"yuan4": {
				"color": [
					{ "time": 0, "color": "ffffff00", "curve": "stepped" },
					{ "time": 0.3333, "color": "ffffff00" },
					{ "time": 0.5667, "color": "ffffff97", "curve": "stepped" },
					{ "time": 0.8, "color": "ffffff97" },
					{ "time": 1.1333, "color": "ffffff00", "curve": "stepped" },
					{ "time": 1.7667, "color": "ffffff00" },
					{ "time": 2.1667, "color": "ffffff97", "curve": "stepped" },
					{ "time": 2.6333, "color": "ffffff97" },
					{ "time": 2.9667, "color": "ffffff00", "curve": "stepped" },
					{ "time": 5, "color": "ffffff00" }
				]
			}
		},
		"bones": {
			"zhuan2": {
				"rotate": [
					{ "time": 0, "angle": 0 },
					{ "time": 1.6667, "angle": -120 },
					{ "time": 3.3333, "angle": 120 },
					{ "time": 5, "angle": 0 }
				],
				"translate": [
					{ "time": 0, "x": 0, "y": 0, "curve": "stepped" },
					{ "time": 5, "x": 0, "y": 0 }
				],
				"scale": [
					{ "time": 0, "x": 1, "y": 1, "curve": "stepped" },
					{ "time": 5, "x": 1, "y": 1 }
				],
				"shear": [
					{ "time": 0, "x": 0, "y": 0, "curve": "stepped" },
					{ "time": 5, "x": 0, "y": 0 }
				]
			},
			"yuan3": {
				"rotate": [
					{ "time": 0, "angle": 0, "curve": "stepped" },
					{ "time": 0.9, "angle": 0, "curve": "stepped" },
					{ "time": 1.8333, "angle": 0, "curve": "stepped" },
					{ "time": 3.4, "angle": 0, "curve": "stepped" },
					{ "time": 4.6667, "angle": 0, "curve": "stepped" },
					{ "time": 5, "angle": 0 }
				],
				"translate": [
					{ "time": 0, "x": -21.25, "y": 18.45 },
					{ "time": 0.9, "x": 0, "y": 0 },
					{ "time": 1.8333, "x": -4.41, "y": -22.86 },
					{ "time": 3.4, "x": -34.89, "y": 6.82 },
					{ "time": 4.6667, "x": -21.25, "y": 18.45, "curve": "stepped" },
					{ "time": 5, "x": -21.25, "y": 18.45 }
				],
				"scale": [
					{ "time": 0, "x": 1, "y": 1, "curve": "stepped" },
					{ "time": 0.9, "x": 1, "y": 1, "curve": "stepped" },
					{ "time": 1.8333, "x": 1, "y": 1, "curve": "stepped" },
					{ "time": 3.4, "x": 1, "y": 1, "curve": "stepped" },
					{ "time": 4.6667, "x": 1, "y": 1, "curve": "stepped" },
					{ "time": 5, "x": 1, "y": 1 }
				],
				"shear": [
					{ "time": 0, "x": 0, "y": 0, "curve": "stepped" },
					{ "time": 0.9, "x": 0, "y": 0, "curve": "stepped" },
					{ "time": 1.8333, "x": 0, "y": 0, "curve": "stepped" },
					{ "time": 3.4, "x": 0, "y": 0, "curve": "stepped" },
					{ "time": 4.6667, "x": 0, "y": 0, "curve": "stepped" },
					{ "time": 5, "x": 0, "y": 0 }
				]
			},
			"yuan4": {
				"rotate": [
					{ "time": 0, "angle": 0, "curve": "stepped" },
					{ "time": 0.3333, "angle": 0, "curve": "stepped" },
					{ "time": 1.1333, "angle": 0, "curve": "stepped" },
					{ "time": 1.7667, "angle": 0, "curve": "stepped" },
					{ "time": 2.9667, "angle": 0, "curve": "stepped" },
					{ "time": 5, "angle": 0 }
				],
				"translate": [
					{ "time": 0, "x": 0, "y": 0 },
					{ "time": 0.3333, "x": 341.79, "y": -94.64 },
					{ "time": 1.1333, "x": 348.13, "y": -83.03 },
					{ "time": 1.7667, "x": 0, "y": 0 },
					{ "time": 2.9667, "x": 5.61, "y": 11.63, "curve": "stepped" },
					{ "time": 5, "x": 5.61, "y": 11.63 }
				],
				"scale": [
					{ "time": 0, "x": 1, "y": 1 },
					{ "time": 0.3333, "x": 0.5, "y": 0.5, "curve": "stepped" },
					{ "time": 1.1333, "x": 0.5, "y": 0.5 },
					{ "time": 1.7667, "x": 1, "y": 1, "curve": "stepped" },
					{ "time": 2.9667, "x": 1, "y": 1, "curve": "stepped" },
					{ "time": 5, "x": 1, "y": 1 }
				],
				"shear": [
					{ "time": 0, "x": 0, "y": 0, "curve": "stepped" },
					{ "time": 0.3333, "x": 0, "y": 0, "curve": "stepped" },
					{ "time": 1.1333, "x": 0, "y": 0, "curve": "stepped" },
					{ "time": 1.7667, "x": 0, "y": 0, "curve": "stepped" },
					{ "time": 2.9667, "x": 0, "y": 0, "curve": "stepped" },
					{ "time": 5, "x": 0, "y": 0 }
				]
			},
			"dian5": {
				"rotate": [
					{ "time": 0, "angle": 0, "curve": "stepped" },
					{ "time": 0.4, "angle": 0, "curve": "stepped" },
					{ "time": 0.9333, "angle": 0, "curve": "stepped" },
					{ "time": 1.1, "angle": 0, "curve": "stepped" },
					{ "time": 1.8333, "angle": 0, "curve": "stepped" },
					{ "time": 4.2, "angle": 0, "curve": "stepped" },
					{ "time": 5, "angle": 0 }
				],
				"translate": [
					{ "time": 0, "x": -34.75, "y": -29.94 },
					{ "time": 0.4, "x": -38.9, "y": -32.08 },
					{ "time": 0.9333, "x": 0, "y": 0, "curve": "stepped" },
					{ "time": 1.1, "x": 0, "y": 0 },
					{ "time": 1.8333, "x": 6.42, "y": 10.43 },
					{ "time": 4.2, "x": -26.47, "y": -25.66 },
					{ "time": 5, "x": -34.75, "y": -29.94 }
				],
				"scale": [
					{ "time": 0, "x": 1, "y": 1, "curve": "stepped" },
					{ "time": 0.4, "x": 1, "y": 1, "curve": "stepped" },
					{ "time": 0.9333, "x": 1, "y": 1, "curve": "stepped" },
					{ "time": 1.1, "x": 1, "y": 1, "curve": "stepped" },
					{ "time": 1.8333, "x": 1, "y": 1, "curve": "stepped" },
					{ "time": 4.2, "x": 1, "y": 1, "curve": "stepped" },
					{ "time": 5, "x": 1, "y": 1 }
				],
				"shear": [
					{ "time": 0, "x": 0, "y": 0, "curve": "stepped" },
					{ "time": 0.4, "x": 0, "y": 0, "curve": "stepped" },
					{ "time": 0.9333, "x": 0, "y": 0, "curve": "stepped" },
					{ "time": 1.1, "x": 0, "y": 0, "curve": "stepped" },
					{ "time": 1.8333, "x": 0, "y": 0, "curve": "stepped" },
					{ "time": 4.2, "x": 0, "y": 0, "curve": "stepped" },
					{ "time": 5, "x": 0, "y": 0 }
				]
			},
			"dian7": {
				"rotate": [
					{ "time": 0, "angle": 0, "curve": "stepped" },
					{ "time": 2.4667, "angle": 0, "curve": "stepped" },
					{ "time": 3.7333, "angle": 0, "curve": "stepped" },
					{ "time": 5, "angle": 0 }
				],
				"translate": [
					{ "time": 0, "x": 0, "y": 0, "curve": "stepped" },
					{ "time": 2.4667, "x": 0, "y": 0 },
					{ "time": 3.7333, "x": -18.45, "y": 18.85, "curve": "stepped" },
					{ "time": 5, "x": -18.45, "y": 18.85 }
				],
				"scale": [
					{ "time": 0, "x": 1, "y": 1, "curve": "stepped" },
					{ "time": 2.4667, "x": 1, "y": 1, "curve": "stepped" },
					{ "time": 3.7333, "x": 1, "y": 1, "curve": "stepped" },
					{ "time": 5, "x": 1, "y": 1 }
				],
				"shear": [
					{ "time": 0, "x": 0, "y": 0, "curve": "stepped" },
					{ "time": 2.4667, "x": 0, "y": 0, "curve": "stepped" },
					{ "time": 3.7333, "x": 0, "y": 0, "curve": "stepped" },
					{ "time": 5, "x": 0, "y": 0 }
				]
			},
			"dian6": {
				"rotate": [
					{ "time": 0, "angle": 0, "curve": "stepped" },
					{ "time": 0.6, "angle": 0, "curve": "stepped" },
					{ "time": 0.6333, "angle": 0, "curve": "stepped" },
					{ "time": 1.6, "angle": 0, "curve": "stepped" },
					{ "time": 2.4333, "angle": 0, "curve": "stepped" },
					{ "time": 2.5, "angle": 0, "curve": "stepped" },
					{ "time": 3.7333, "angle": 0, "curve": "stepped" },
					{ "time": 4.3667, "angle": 0, "curve": "stepped" },
					{ "time": 5, "angle": 0 }
				],
				"translate": [
					{ "time": 0, "x": -7, "y": -1.44 },
					{ "time": 0.6, "x": -13.63, "y": -2.81 },
					{ "time": 0.6333, "x": 0, "y": 0 },
					{ "time": 1.6, "x": -21.65, "y": -21.25 },
					{ "time": 2.4333, "x": -49.32, "y": -30.08 },
					{ "time": 2.5, "x": 0, "y": 0 },
					{ "time": 3.7333, "x": -13.63, "y": -2.81 },
					{ "time": 4.3667, "x": 0, "y": 0 },
					{ "time": 5, "x": -7, "y": -1.44 }
				],
				"scale": [
					{ "time": 0, "x": 1, "y": 1, "curve": "stepped" },
					{ "time": 0.6, "x": 1, "y": 1, "curve": "stepped" },
					{ "time": 0.6333, "x": 1, "y": 1, "curve": "stepped" },
					{ "time": 1.6, "x": 1, "y": 1, "curve": "stepped" },
					{ "time": 2.4333, "x": 1, "y": 1, "curve": "stepped" },
					{ "time": 2.5, "x": 1, "y": 1, "curve": "stepped" },
					{ "time": 3.7333, "x": 1, "y": 1, "curve": "stepped" },
					{ "time": 4.3667, "x": 1, "y": 1, "curve": "stepped" },
					{ "time": 5, "x": 1, "y": 1 }
				],
				"shear": [
					{ "time": 0, "x": 0, "y": 0, "curve": "stepped" },
					{ "time": 0.6, "x": 0, "y": 0, "curve": "stepped" },
					{ "time": 0.6333, "x": 0, "y": 0, "curve": "stepped" },
					{ "time": 1.6, "x": 0, "y": 0, "curve": "stepped" },
					{ "time": 2.4333, "x": 0, "y": 0, "curve": "stepped" },
					{ "time": 2.5, "x": 0, "y": 0, "curve": "stepped" },
					{ "time": 3.7333, "x": 0, "y": 0, "curve": "stepped" },
					{ "time": 4.3667, "x": 0, "y": 0, "curve": "stepped" },
					{ "time": 5, "x": 0, "y": 0 }
				]
			},
			"dian4": {
				"rotate": [
					{ "time": 0, "angle": 0, "curve": "stepped" },
					{ "time": 0.6, "angle": 0, "curve": "stepped" },
					{ "time": 1.9, "angle": 0, "curve": "stepped" },
					{ "time": 3.0015, "angle": 0, "curve": "stepped" },
					{ "time": 3.9682, "angle": 0, "curve": "stepped" },
					{ "time": 5, "angle": 0 }
				],
				"translate": [
					{ "time": 0, "x": 0, "y": 0, "curve": "stepped" },
					{ "time": 0.6, "x": 0, "y": 0 },
					{ "time": 1.9, "x": 8.82, "y": 4.41 },
					{ "time": 3.0015, "x": -25.26, "y": 14.03 },
					{ "time": 3.9682, "x": -31.28, "y": 5.21, "curve": "stepped" },
					{ "time": 5, "x": -31.28, "y": 5.21 }
				],
				"scale": [
					{ "time": 0, "x": 1, "y": 1, "curve": "stepped" },
					{ "time": 0.6, "x": 1, "y": 1, "curve": "stepped" },
					{ "time": 1.9, "x": 1, "y": 1, "curve": "stepped" },
					{ "time": 3.0015, "x": 1, "y": 1, "curve": "stepped" },
					{ "time": 3.9682, "x": 1, "y": 1, "curve": "stepped" },
					{ "time": 5, "x": 1, "y": 1 }
				],
				"shear": [
					{ "time": 0, "x": 0, "y": 0, "curve": "stepped" },
					{ "time": 0.6, "x": 0, "y": 0, "curve": "stepped" },
					{ "time": 1.9, "x": 0, "y": 0, "curve": "stepped" },
					{ "time": 3.0015, "x": 0, "y": 0, "curve": "stepped" },
					{ "time": 3.9682, "x": 0, "y": 0, "curve": "stepped" },
					{ "time": 5, "x": 0, "y": 0 }
				]
			},
			"yuan1": {
				"rotate": [
					{ "time": 0, "angle": 0, "curve": "stepped" },
					{ "time": 1.4333, "angle": 0, "curve": "stepped" },
					{ "time": 2.6333, "angle": 0, "curve": "stepped" },
					{ "time": 4, "angle": 0, "curve": "stepped" },
					{ "time": 5, "angle": 0 }
				],
				"translate": [
					{ "time": 0, "x": 0, "y": 0, "curve": "stepped" },
					{ "time": 1.4333, "x": 0, "y": 0 },
					{ "time": 2.6333, "x": 4.81, "y": 5.21 },
					{ "time": 4, "x": -14.44, "y": 28.47 },
					{ "time": 5, "x": -11.23, "y": 36.09 }
				],
				"scale": [
					{ "time": 0, "x": 1, "y": 1, "curve": "stepped" },
					{ "time": 1.4333, "x": 1, "y": 1, "curve": "stepped" },
					{ "time": 2.6333, "x": 1, "y": 1, "curve": "stepped" },
					{ "time": 4, "x": 1, "y": 1, "curve": "stepped" },
					{ "time": 5, "x": 1, "y": 1 }
				],
				"shear": [
					{ "time": 0, "x": 0, "y": 0, "curve": "stepped" },
					{ "time": 1.4333, "x": 0, "y": 0, "curve": "stepped" },
					{ "time": 2.6333, "x": 0, "y": 0, "curve": "stepped" },
					{ "time": 4, "x": 0, "y": 0, "curve": "stepped" },
					{ "time": 5, "x": 0, "y": 0 }
				]
			},
			"dian8": {
				"rotate": [
					{ "time": 0, "angle": 0, "curve": "stepped" },
					{ "time": 0.0667, "angle": 0, "curve": "stepped" },
					{ "time": 1.0333, "angle": 0, "curve": "stepped" },
					{ "time": 2.3, "angle": 0, "curve": "stepped" },
					{ "time": 3.2667, "angle": 0, "curve": "stepped" },
					{ "time": 4.0333, "angle": 0, "curve": "stepped" },
					{ "time": 5, "angle": 0 }
				],
				"translate": [
					{ "time": 0, "x": -40.9, "y": -33.28 },
					{ "time": 0.0667, "x": 0, "y": 0 },
					{ "time": 1.0333, "x": -10.43, "y": -9.22 },
					{ "time": 2.3, "x": -24.06, "y": 0.4 },
					{ "time": 3.2667, "x": -30.48, "y": 9.22 },
					{ "time": 4.0333, "x": -20.85, "y": -23.26 },
					{ "time": 5, "x": -34.08, "y": -11.23 }
				],
				"scale": [
					{ "time": 0, "x": 1, "y": 1, "curve": "stepped" },
					{ "time": 0.0667, "x": 1, "y": 1, "curve": "stepped" },
					{ "time": 1.0333, "x": 1, "y": 1, "curve": "stepped" },
					{ "time": 2.3, "x": 1, "y": 1, "curve": "stepped" },
					{ "time": 3.2667, "x": 1, "y": 1, "curve": "stepped" },
					{ "time": 4.0333, "x": 1, "y": 1, "curve": "stepped" },
					{ "time": 5, "x": 1, "y": 1 }
				],
				"shear": [
					{ "time": 0, "x": 0, "y": 0, "curve": "stepped" },
					{ "time": 0.0667, "x": 0, "y": 0, "curve": "stepped" },
					{ "time": 1.0333, "x": 0, "y": 0, "curve": "stepped" },
					{ "time": 2.3, "x": 0, "y": 0, "curve": "stepped" },
					{ "time": 3.2667, "x": 0, "y": 0, "curve": "stepped" },
					{ "time": 4.0333, "x": 0, "y": 0, "curve": "stepped" },
					{ "time": 5, "x": 0, "y": 0 }
				]
			},
			"dian9": {
				"rotate": [
					{ "time": 0, "angle": 0, "curve": "stepped" },
					{ "time": 0.4, "angle": 0, "curve": "stepped" },
					{ "time": 0.5667, "angle": 0, "curve": "stepped" },
					{ "time": 2.7667, "angle": 0, "curve": "stepped" },
					{ "time": 3.6333, "angle": 0, "curve": "stepped" },
					{ "time": 4.4, "angle": 0, "curve": "stepped" },
					{ "time": 5, "angle": 0 }
				],
				"translate": [
					{ "time": 0, "x": -12.19, "y": -14.76 },
					{ "time": 0.4, "x": -9.62, "y": -17.64 },
					{ "time": 0.5667, "x": 0, "y": 0, "curve": "stepped" },
					{ "time": 2.7667, "x": 0, "y": 0 },
					{ "time": 3.6333, "x": 8.42, "y": 8.02 },
					{ "time": 4.4, "x": -16.04, "y": -10.43 },
					{ "time": 5, "x": -12.19, "y": -14.76 }
				],
				"scale": [
					{ "time": 0, "x": 1, "y": 1, "curve": "stepped" },
					{ "time": 0.4, "x": 1, "y": 1, "curve": "stepped" },
					{ "time": 0.5667, "x": 1, "y": 1, "curve": "stepped" },
					{ "time": 2.7667, "x": 1, "y": 1, "curve": "stepped" },
					{ "time": 3.6333, "x": 1, "y": 1, "curve": "stepped" },
					{ "time": 4.4, "x": 1, "y": 1, "curve": "stepped" },
					{ "time": 5, "x": 1, "y": 1 }
				],
				"shear": [
					{ "time": 0, "x": 0, "y": 0, "curve": "stepped" },
					{ "time": 0.4, "x": 0, "y": 0, "curve": "stepped" },
					{ "time": 0.5667, "x": 0, "y": 0, "curve": "stepped" },
					{ "time": 2.7667, "x": 0, "y": 0, "curve": "stepped" },
					{ "time": 3.6333, "x": 0, "y": 0, "curve": "stepped" },
					{ "time": 4.4, "x": 0, "y": 0, "curve": "stepped" },
					{ "time": 5, "x": 0, "y": 0 }
				]
			},
			"dian2": {
				"rotate": [
					{ "time": 0, "angle": 0, "curve": "stepped" },
					{ "time": 0.7333, "angle": 0, "curve": "stepped" },
					{ "time": 1.8333, "angle": 0, "curve": "stepped" },
					{ "time": 3.6333, "angle": 0, "curve": "stepped" },
					{ "time": 4.7333, "angle": 0, "curve": "stepped" },
					{ "time": 5, "angle": 0 }
				],
				"translate": [
					{ "time": 0, "x": 0, "y": 0, "curve": "stepped" },
					{ "time": 0.7333, "x": 0, "y": 0 },
					{ "time": 1.8333, "x": 1.6, "y": 8.02 },
					{ "time": 3.6333, "x": 23.66, "y": 1.6 },
					{ "time": 4.7333, "x": 30.48, "y": 12.03 },
					{ "time": 5, "x": 1.6, "y": 8.02 }
				],
				"scale": [
					{ "time": 0, "x": 1, "y": 1, "curve": "stepped" },
					{ "time": 0.7333, "x": 1, "y": 1, "curve": "stepped" },
					{ "time": 1.8333, "x": 1, "y": 1, "curve": "stepped" },
					{ "time": 3.6333, "x": 1, "y": 1, "curve": "stepped" },
					{ "time": 4.7333, "x": 1, "y": 1, "curve": "stepped" },
					{ "time": 5, "x": 1, "y": 1 }
				],
				"shear": [
					{ "time": 0, "x": 0, "y": 0, "curve": "stepped" },
					{ "time": 0.7333, "x": 0, "y": 0, "curve": "stepped" },
					{ "time": 1.8333, "x": 0, "y": 0, "curve": "stepped" },
					{ "time": 3.6333, "x": 0, "y": 0, "curve": "stepped" },
					{ "time": 4.7333, "x": 0, "y": 0, "curve": "stepped" },
					{ "time": 5, "x": 0, "y": 0 }
				]
			},
			"dian10": {
				"rotate": [
					{ "time": 0, "angle": 0, "curve": "stepped" },
					{ "time": 1.2333, "angle": 0, "curve": "stepped" },
					{ "time": 2.3, "angle": 0, "curve": "stepped" },
					{ "time": 3.7, "angle": 0, "curve": "stepped" },
					{ "time": 4.7667, "angle": 0, "curve": "stepped" },
					{ "time": 5, "angle": 0 }
				],
				"translate": [
					{ "time": 0, "x": 0, "y": 0, "curve": "stepped" },
					{ "time": 1.2333, "x": 0, "y": 0 },
					{ "time": 2.3, "x": -9.22, "y": 10.83 },
					{ "time": 3.7, "x": 0, "y": 0 },
					{ "time": 4.7667, "x": -14.84, "y": -2.41 },
					{ "time": 5, "x": -9.22, "y": 10.83 }
				],
				"scale": [
					{ "time": 0, "x": 1, "y": 1, "curve": "stepped" },
					{ "time": 1.2333, "x": 1, "y": 1, "curve": "stepped" },
					{ "time": 2.3, "x": 1, "y": 1, "curve": "stepped" },
					{ "time": 3.7, "x": 1, "y": 1, "curve": "stepped" },
					{ "time": 4.7667, "x": 1, "y": 1, "curve": "stepped" },
					{ "time": 5, "x": 1, "y": 1 }
				],
				"shear": [
					{ "time": 0, "x": 0, "y": 0, "curve": "stepped" },
					{ "time": 1.2333, "x": 0, "y": 0, "curve": "stepped" },
					{ "time": 2.3, "x": 0, "y": 0, "curve": "stepped" },
					{ "time": 3.7, "x": 0, "y": 0, "curve": "stepped" },
					{ "time": 4.7667, "x": 0, "y": 0, "curve": "stepped" },
					{ "time": 5, "x": 0, "y": 0 }
				]
			},
			"yuan2": {
				"rotate": [
					{ "time": 0, "angle": 0, "curve": "stepped" },
					{ "time": 0.5, "angle": 0, "curve": "stepped" },
					{ "time": 1.7667, "angle": 0, "curve": "stepped" },
					{ "time": 2.6667, "angle": 0, "curve": "stepped" },
					{ "time": 4, "angle": 0, "curve": "stepped" },
					{ "time": 5, "angle": 0 }
				],
				"translate": [
					{ "time": 0, "x": 0, "y": 0, "curve": "stepped" },
					{ "time": 0.5, "x": 0, "y": 0 },
					{ "time": 1.7667, "x": -2.81, "y": 3.21 },
					{ "time": 2.6667, "x": 0, "y": 0 },
					{ "time": 4, "x": 11.63, "y": -10.83 },
					{ "time": 5, "x": -2.81, "y": 3.21 }
				],
				"scale": [
					{ "time": 0, "x": 1, "y": 1, "curve": "stepped" },
					{ "time": 0.5, "x": 1, "y": 1, "curve": "stepped" },
					{ "time": 1.7667, "x": 1, "y": 1, "curve": "stepped" },
					{ "time": 2.6667, "x": 1, "y": 1, "curve": "stepped" },
					{ "time": 4, "x": 1, "y": 1, "curve": "stepped" },
					{ "time": 5, "x": 1, "y": 1 }
				],
				"shear": [
					{ "time": 0, "x": 0, "y": 0, "curve": "stepped" },
					{ "time": 0.5, "x": 0, "y": 0, "curve": "stepped" },
					{ "time": 1.7667, "x": 0, "y": 0, "curve": "stepped" },
					{ "time": 2.6667, "x": 0, "y": 0, "curve": "stepped" },
					{ "time": 4, "x": 0, "y": 0, "curve": "stepped" },
					{ "time": 5, "x": 0, "y": 0 }
				]
			},
			"dian1": {
				"rotate": [
					{ "time": 0, "angle": 0, "curve": "stepped" },
					{ "time": 0.5, "angle": 0, "curve": "stepped" },
					{ "time": 1.4333, "angle": 0, "curve": "stepped" },
					{ "time": 1.5333, "angle": 0, "curve": "stepped" },
					{ "time": 2.4667, "angle": 0, "curve": "stepped" },
					{ "time": 3.5333, "angle": 0, "curve": "stepped" },
					{ "time": 4.4667, "angle": 0, "curve": "stepped" },
					{ "time": 5, "angle": 0 }
				],
				"translate": [
					{ "time": 0, "x": 0, "y": 0 },
					{ "time": 0.5, "x": -414.6, "y": -2.45 },
					{ "time": 1.4333, "x": -400.48, "y": -16.76 },
					{ "time": 1.5333, "x": 0, "y": 0 },
					{ "time": 2.4667, "x": 9.22, "y": 2.81 },
					{ "time": 3.5333, "x": -8.82, "y": 33.28 },
					{ "time": 4.4667, "x": 0, "y": 30.88 },
					{ "time": 5, "x": 9.22, "y": 2.81 }
				],
				"scale": [
					{ "time": 0, "x": 1, "y": 1, "curve": "stepped" },
					{ "time": 0.5, "x": 1, "y": 1, "curve": "stepped" },
					{ "time": 1.4333, "x": 1, "y": 1, "curve": "stepped" },
					{ "time": 1.5333, "x": 1, "y": 1, "curve": "stepped" },
					{ "time": 2.4667, "x": 1, "y": 1, "curve": "stepped" },
					{ "time": 3.5333, "x": 1, "y": 1, "curve": "stepped" },
					{ "time": 4.4667, "x": 1, "y": 1, "curve": "stepped" },
					{ "time": 5, "x": 1, "y": 1 }
				],
				"shear": [
					{ "time": 0, "x": 0, "y": 0, "curve": "stepped" },
					{ "time": 0.5, "x": 0, "y": 0, "curve": "stepped" },
					{ "time": 1.4333, "x": 0, "y": 0, "curve": "stepped" },
					{ "time": 1.5333, "x": 0, "y": 0, "curve": "stepped" },
					{ "time": 2.4667, "x": 0, "y": 0, "curve": "stepped" },
					{ "time": 3.5333, "x": 0, "y": 0, "curve": "stepped" },
					{ "time": 4.4667, "x": 0, "y": 0, "curve": "stepped" },
					{ "time": 5, "x": 0, "y": 0 }
				]
			},
			"dian3": {
				"rotate": [
					{ "time": 0, "angle": 0, "curve": "stepped" },
					{ "time": 0.3667, "angle": 0, "curve": "stepped" },
					{ "time": 1, "angle": 0, "curve": "stepped" },
					{ "time": 2.5333, "angle": 0, "curve": "stepped" },
					{ "time": 3.5333, "angle": 0, "curve": "stepped" },
					{ "time": 4.3667, "angle": 0, "curve": "stepped" },
					{ "time": 5, "angle": 0 }
				],
				"translate": [
					{ "time": 0, "x": 25.64, "y": -18.85 },
					{ "time": 0.3667, "x": 20.05, "y": -18.85 },
					{ "time": 1, "x": 0, "y": 0, "curve": "stepped" },
					{ "time": 2.5333, "x": 0, "y": 0 },
					{ "time": 3.5333, "x": 13.63, "y": -6.02 },
					{ "time": 4.3667, "x": 35.29, "y": -18.85 },
					{ "time": 5, "x": 25.64, "y": -18.85 }
				],
				"scale": [
					{ "time": 0, "x": 1, "y": 1, "curve": "stepped" },
					{ "time": 0.3667, "x": 1, "y": 1, "curve": "stepped" },
					{ "time": 1, "x": 1, "y": 1, "curve": "stepped" },
					{ "time": 2.5333, "x": 1, "y": 1, "curve": "stepped" },
					{ "time": 3.5333, "x": 1, "y": 1, "curve": "stepped" },
					{ "time": 4.3667, "x": 1, "y": 1, "curve": "stepped" },
					{ "time": 5, "x": 1, "y": 1 }
				],
				"shear": [
					{ "time": 0, "x": 0, "y": 0, "curve": "stepped" },
					{ "time": 0.3667, "x": 0, "y": 0, "curve": "stepped" },
					{ "time": 1, "x": 0, "y": 0, "curve": "stepped" },
					{ "time": 2.5333, "x": 0, "y": 0, "curve": "stepped" },
					{ "time": 3.5333, "x": 0, "y": 0, "curve": "stepped" },
					{ "time": 4.3667, "x": 0, "y": 0, "curve": "stepped" },
					{ "time": 5, "x": 0, "y": 0 }
				]
			},
			"zhuans2": {
				"rotate": [
					{ "time": 0, "angle": 0, "curve": "stepped" },
					{ "time": 2.5, "angle": 0, "curve": "stepped" },
					{ "time": 5, "angle": 0 }
				],
				"translate": [
					{
						"time": 0,
						"x": 0,
						"y": 0,
						"curve": [ 0.25, 0, 0.75, 1 ]
					},
					{
						"time": 1.2333,
						"x": 11.49,
						"y": -12.84,
						"curve": [ 0.25, 0, 0.75, 1 ]
					},
					{
						"time": 2.5,
						"x": 0,
						"y": 0,
						"curve": [ 0.25, 0, 0.75, 1 ]
					},
					{
						"time": 3.7333,
						"x": 11.49,
						"y": -12.84,
						"curve": [ 0.25, 0, 0.75, 1 ]
					},
					{ "time": 5, "x": 0, "y": 0 }
				],
				"scale": [
					{
						"time": 0,
						"x": 1,
						"y": 1,
						"curve": [ 0.25, 0, 0.75, 1 ]
					},
					{
						"time": 1.2333,
						"x": 0.9,
						"y": 0.9,
						"curve": [ 0.25, 0, 0.75, 1 ]
					},
					{
						"time": 2.5,
						"x": 1,
						"y": 1,
						"curve": [ 0.25, 0, 0.75, 1 ]
					},
					{
						"time": 3.7333,
						"x": 0.9,
						"y": 0.9,
						"curve": [ 0.25, 0, 0.75, 1 ]
					},
					{ "time": 5, "x": 1, "y": 1 }
				],
				"shear": [
					{ "time": 0, "x": 0, "y": 0, "curve": "stepped" },
					{ "time": 2.5, "x": 0, "y": 0, "curve": "stepped" },
					{ "time": 5, "x": 0, "y": 0 }
				]
			},
			"zhuans1": {
				"rotate": [
					{
						"time": 0,
						"angle": 7.7,
						"curve": [ 0.381, 0.59, 0.73, 1 ]
					},
					{
						"time": 0.3,
						"angle": 10,
						"curve": [ 0.276, 0, 0.621, 0.4 ]
					},
					{
						"time": 0.6667,
						"angle": 8.16,
						"curve": [ 0.333, 0.33, 0.758, 1 ]
					},
					{ "time": 1.7667, "angle": 0 },
					{
						"time": 2.8,
						"angle": 10,
						"curve": [ 0.25, 0, 0.75, 1 ]
					},
					{
						"time": 4.2667,
						"angle": 0,
						"curve": [ 0.243, 0, 0.657, 0.63 ]
					},
					{ "time": 5, "angle": 7.7 }
				],
				"translate": [
					{
						"time": 0,
						"x": -6.72,
						"y": -5.53,
						"curve": [ 0.38, 0.53, 0.745, 1 ]
					},
					{
						"time": 0.5667,
						"x": -11.49,
						"y": -9.46,
						"curve": [ 0.309, 0, 0.644, 0.35 ]
					},
					{
						"time": 0.6667,
						"x": -11.16,
						"y": -9.19,
						"curve": [ 0.283, 0.14, 0.754, 1 ]
					},
					{
						"time": 1.7667,
						"x": 0,
						"y": 0,
						"curve": [ 0.25, 0, 0.75, 1 ]
					},
					{
						"time": 3.0667,
						"x": -11.49,
						"y": -9.46,
						"curve": [ 0.25, 0, 0.75, 1 ]
					},
					{
						"time": 4.2667,
						"x": 0,
						"y": 0,
						"curve": [ 0.247, 0, 0.632, 0.53 ]
					},
					{ "time": 5, "x": -6.72, "y": -5.53 }
				],
				"scale": [
					{ "time": 0, "x": 1, "y": 1, "curve": "stepped" },
					{ "time": 0.6667, "x": 1, "y": 1, "curve": "stepped" },
					{ "time": 1.7667, "x": 1, "y": 1, "curve": "stepped" },
					{ "time": 4.2667, "x": 1, "y": 1, "curve": "stepped" },
					{ "time": 5, "x": 1, "y": 1 }
				],
				"shear": [
					{ "time": 0, "x": 0, "y": 0, "curve": "stepped" },
					{ "time": 0.6667, "x": 0, "y": 0, "curve": "stepped" },
					{ "time": 1.7667, "x": 0, "y": 0, "curve": "stepped" },
					{ "time": 4.2667, "x": 0, "y": 0, "curve": "stepped" },
					{ "time": 5, "x": 0, "y": 0 }
				]
			},
			"zhuans3": {
				"rotate": [
					{ "time": 0, "angle": 0, "curve": "stepped" },
					{ "time": 2.5, "angle": 0, "curve": "stepped" },
					{ "time": 5, "angle": 0 }
				],
				"translate": [
					{ "time": 0, "x": 0, "y": 0, "curve": "stepped" },
					{ "time": 2.5, "x": 0, "y": 0, "curve": "stepped" },
					{ "time": 5, "x": 0, "y": 0 }
				],
				"scale": [
					{
						"time": 0,
						"x": 1,
						"y": 1,
						"curve": [ 0.25, 0, 0.75, 1 ]
					},
					{
						"time": 1.1667,
						"x": 1.05,
						"y": 1.05,
						"curve": [ 0.25, 0, 0.75, 1 ]
					},
					{
						"time": 2.5,
						"x": 1,
						"y": 1,
						"curve": [ 0.25, 0, 0.75, 1 ]
					},
					{
						"time": 3.6667,
						"x": 1.05,
						"y": 1.05,
						"curve": [ 0.25, 0, 0.75, 1 ]
					},
					{ "time": 5, "x": 1, "y": 1 }
				],
				"shear": [
					{ "time": 0, "x": 0, "y": 0, "curve": "stepped" },
					{ "time": 2.5, "x": 0, "y": 0, "curve": "stepped" },
					{ "time": 5, "x": 0, "y": 0 }
				]
			},
			"zong2": {
				"rotate": [
					{ "time": 0, "angle": 0, "curve": "stepped" },
					{ "time": 0.1, "angle": 0, "curve": "stepped" },
					{ "time": 1.9333, "angle": 0, "curve": "stepped" },
					{ "time": 2.8667, "angle": 0, "curve": "stepped" },
					{ "time": 4.9667, "angle": 0, "curve": "stepped" },
					{ "time": 5, "angle": 0 }
				],
				"translate": [
					{ "time": 0, "x": 0, "y": 0, "curve": "stepped" },
					{ "time": 0.1, "x": 0, "y": 0 },
					{ "time": 1.9333, "x": 650.89, "y": 0 },
					{ "time": 2.8667, "x": 0, "y": 0 },
					{ "time": 4.9667, "x": 650.89, "y": 0, "curve": "stepped" },
					{ "time": 5, "x": 650.89, "y": 0 }
				],
				"scale": [
					{ "time": 0, "x": 1, "y": 1, "curve": "stepped" },
					{ "time": 0.1, "x": 1, "y": 1, "curve": "stepped" },
					{ "time": 1.9333, "x": 1, "y": 1, "curve": "stepped" },
					{ "time": 2.8667, "x": 1, "y": 1, "curve": "stepped" },
					{ "time": 4.9667, "x": 1, "y": 1, "curve": "stepped" },
					{ "time": 5, "x": 1, "y": 1 }
				],
				"shear": [
					{ "time": 0, "x": 0, "y": 0, "curve": "stepped" },
					{ "time": 0.1, "x": 0, "y": 0, "curve": "stepped" },
					{ "time": 1.9333, "x": 0, "y": 0, "curve": "stepped" },
					{ "time": 2.8667, "x": 0, "y": 0, "curve": "stepped" },
					{ "time": 4.9667, "x": 0, "y": 0, "curve": "stepped" },
					{ "time": 5, "x": 0, "y": 0 }
				]
			},
			"liangaaa": {
				"rotate": [
					{ "time": 0, "angle": 0, "curve": "stepped" },
					{ "time": 0.7667, "angle": 0 },
					{ "time": 1.6333, "angle": 80 },
					{ "time": 2.6667, "angle": 0 },
					{ "time": 3.5333, "angle": 80 },
					{ "time": 5, "angle": 0 }
				],
				"translate": [
					{ "time": 0, "x": 0, "y": 0, "curve": "stepped" },
					{ "time": 0.7667, "x": 0, "y": 0, "curve": "stepped" },
					{ "time": 1.6333, "x": 0, "y": 0 },
					{ "time": 2.6667, "x": -165.63, "y": -40.87, "curve": "stepped" },
					{ "time": 3.5333, "x": -165.63, "y": -40.87 },
					{ "time": 5, "x": 0, "y": 0 }
				],
				"scale": [
					{ "time": 0, "x": 1, "y": 1 },
					{ "time": 0.7667, "x": 0.5, "y": 0.5 },
					{ "time": 1.6333, "x": 1, "y": 1 },
					{ "time": 2.6667, "x": 0.3, "y": 0.3, "curve": "stepped" },
					{ "time": 3.5333, "x": 0.3, "y": 0.3 },
					{ "time": 5, "x": 1, "y": 1 }
				],
				"shear": [
					{ "time": 0, "x": 0, "y": 0, "curve": "stepped" },
					{ "time": 0.7667, "x": 0, "y": 0, "curve": "stepped" },
					{ "time": 1.6333, "x": 0, "y": 0, "curve": "stepped" },
					{ "time": 2.6667, "x": 0, "y": 0, "curve": "stepped" },
					{ "time": 3.5333, "x": 0, "y": 0, "curve": "stepped" },
					{ "time": 5, "x": 0, "y": 0 }
				]
			},
			"liangaaa2": {
				"rotate": [
					{ "time": 0, "angle": 0, "curve": "stepped" },
					{ "time": 0.3667, "angle": 0 },
					{ "time": 1.4, "angle": -50 },
					{ "time": 1.7333, "angle": 0 },
					{ "time": 2.7667, "angle": -50 },
					{ "time": 3.1333, "angle": 0 },
					{ "time": 4.7, "angle": -50 },
					{ "time": 5, "angle": 0 }
				],
				"translate": [
					{ "time": 0, "x": 0, "y": 0 },
					{ "time": 0.3667, "x": 174.23, "y": 0, "curve": "stepped" },
					{ "time": 1.4, "x": 174.23, "y": 0 },
					{ "time": 1.7333, "x": 0, "y": 0, "curve": "stepped" },
					{ "time": 2.7667, "x": 0, "y": 0 },
					{ "time": 3.1333, "x": 166.34, "y": 38, "curve": "stepped" },
					{ "time": 4.7, "x": 166.34, "y": 38 },
					{ "time": 5, "x": 0, "y": 0 }
				],
				"scale": [
					{ "time": 0, "x": 1, "y": 1 },
					{ "time": 0.3667, "x": 0.5, "y": 0.5 },
					{ "time": 1.4, "x": 1, "y": 1 },
					{ "time": 1.7333, "x": 0.5, "y": 0.5 },
					{ "time": 2.7667, "x": 1, "y": 1 },
					{ "time": 3.1333, "x": 0.5, "y": 0.5 },
					{ "time": 4.7, "x": 1, "y": 1, "curve": "stepped" },
					{ "time": 5, "x": 1, "y": 1 }
				],
				"shear": [
					{ "time": 0, "x": 0, "y": 0, "curve": "stepped" },
					{ "time": 0.3667, "x": 0, "y": 0, "curve": "stepped" },
					{ "time": 1.4, "x": 0, "y": 0, "curve": "stepped" },
					{ "time": 1.7333, "x": 0, "y": 0, "curve": "stepped" },
					{ "time": 2.7667, "x": 0, "y": 0, "curve": "stepped" },
					{ "time": 3.1333, "x": 0, "y": 0, "curve": "stepped" },
					{ "time": 4.7, "x": 0, "y": 0, "curve": "stepped" },
					{ "time": 5, "x": 0, "y": 0 }
				]
			},
			"liangaaa3": {
				"rotate": [
					{ "time": 0, "angle": 64.62 },
					{ "time": 0.1667, "angle": 80 },
					{ "time": 0.4667, "angle": 0, "curve": "stepped" },
					{ "time": 0.5333, "angle": 0 },
					{ "time": 1.4, "angle": 80 },
					{ "time": 1.8667, "angle": 0 },
					{ "time": 2.7333, "angle": 80 },
					{ "time": 4.3, "angle": 0 },
					{ "time": 5, "angle": 64.62 }
				],
				"translate": [
					{ "time": 0, "x": -138.38, "y": 5.02, "curve": "stepped" },
					{ "time": 0.1667, "x": -138.38, "y": 5.02 },
					{ "time": 0.4667, "x": 0, "y": 0, "curve": "stepped" },
					{ "time": 0.5333, "x": 0, "y": 0, "curve": "stepped" },
					{ "time": 1.4, "x": 0, "y": 0 },
					{ "time": 1.8667, "x": -165.63, "y": -40.87, "curve": "stepped" },
					{ "time": 2.7333, "x": -165.63, "y": -40.87 },
					{ "time": 4.3, "x": -138.38, "y": 5.02, "curve": "stepped" },
					{ "time": 5, "x": -138.38, "y": 5.02 }
				],
				"scale": [
					{ "time": 0, "x": 0.923, "y": 0.923 },
					{ "time": 0.1667, "x": 1, "y": 1, "curve": "stepped" },
					{ "time": 0.4667, "x": 1, "y": 1 },
					{ "time": 0.5333, "x": 0.5, "y": 0.5 },
					{ "time": 1.4, "x": 1, "y": 1 },
					{ "time": 1.8667, "x": 0.3, "y": 0.3, "curve": "stepped" },
					{ "time": 2.7333, "x": 0.3, "y": 0.3 },
					{ "time": 4.3, "x": 0.6, "y": 0.6 },
					{ "time": 5, "x": 0.923, "y": 0.923 }
				],
				"shear": [
					{ "time": 0, "x": 0, "y": 0, "curve": "stepped" },
					{ "time": 0.1667, "x": 0, "y": 0, "curve": "stepped" },
					{ "time": 0.4667, "x": 0, "y": 0, "curve": "stepped" },
					{ "time": 0.5333, "x": 0, "y": 0, "curve": "stepped" },
					{ "time": 1.4, "x": 0, "y": 0, "curve": "stepped" },
					{ "time": 1.8667, "x": 0, "y": 0, "curve": "stepped" },
					{ "time": 2.7333, "x": 0, "y": 0, "curve": "stepped" },
					{ "time": 4.3, "x": 0, "y": 0, "curve": "stepped" },
					{ "time": 5, "x": 0, "y": 0 }
				]
			},
			"zong4": {
				"rotate": [
					{ "time": 0, "angle": 0, "curve": "stepped" },
					{ "time": 0.3333, "angle": 0, "curve": "stepped" },
					{ "time": 1.5, "angle": 0, "curve": "stepped" },
					{ "time": 3, "angle": 0, "curve": "stepped" },
					{ "time": 4.1667, "angle": 0, "curve": "stepped" },
					{ "time": 5, "angle": 0 }
				],
				"translate": [
					{ "time": 0, "x": 0, "y": 0, "curve": "stepped" },
					{ "time": 0.3333, "x": 0, "y": 0, "curve": "stepped" },
					{ "time": 1.5, "x": 0, "y": 0, "curve": "stepped" },
					{ "time": 3, "x": 0, "y": 0, "curve": "stepped" },
					{ "time": 4.1667, "x": 0, "y": 0, "curve": "stepped" },
					{ "time": 5, "x": 0, "y": 0 }
				],
				"scale": [
					{ "time": 0, "x": 1, "y": 1, "curve": "stepped" },
					{ "time": 0.3333, "x": 1, "y": 1 },
					{ "time": 1.5, "x": 1.05, "y": 1.05 },
					{ "time": 3, "x": 1, "y": 1 },
					{ "time": 4.1667, "x": 1.05, "y": 1.05, "curve": "stepped" },
					{ "time": 5, "x": 1.05, "y": 1.05 }
				],
				"shear": [
					{ "time": 0, "x": 0, "y": 0, "curve": "stepped" },
					{ "time": 0.3333, "x": 0, "y": 0, "curve": "stepped" },
					{ "time": 1.5, "x": 0, "y": 0, "curve": "stepped" },
					{ "time": 3, "x": 0, "y": 0, "curve": "stepped" },
					{ "time": 4.1667, "x": 0, "y": 0, "curve": "stepped" },
					{ "time": 5, "x": 0, "y": 0 }
				]
			}
		}
	}
}
}